period,year,month,quarter,countryId,countryCode,countryName,continentId,continentName,value,quantity
2021-01,2021,1,1,373,US,สหรัฐอเมริกา,1C,ทวีปอเมริกาเหนือ,1902467822.0,0.0
2021-01,2021,1,1,302,CN,จีน,1A,ทวีปเอเชีย,615730050.0,0.0
2021-01,2021,1,1,325,NL,เนเธอร์แลนด์,1B,ทวีปยุโรป,565354353.0,0.0
2021-01,2021,1,1,304,JP,ญี่ปุ่น,1A,ทวีปเอเชีย,440028827.0,0.0
2021-01,2021,1,1,271,MY,มาเลเซีย,1A,ทวีปเอเชีย,243360437.0,0.0
2021-01,2021,1,1,323,IT,อิตาลี,1B,ทวีปยุโรป,236989899.0,0.0
2021-01,2021,1,1,303,HK,ฮ่องกง,1A,ทวีปเอเชีย,232767722.0,0.0
2021-01,2021,1,1,273,SG,สิงคโปร์,1A,ทวีปเอเชีย,221457541.0,0.0
2021-01,2021,1,1,315,DE,เยอรมนี,1B,ทวีปยุโรป,146917544.0,0.0
2021-01,2021,1,1,372,MX,เม็กซิโก,1C,ทวีปอเมริกาเหนือ,140227970.0,0.0
2021-01,2021,1,1,339,HU,ฮังการี,1B,ทวีปยุโรป,118291101.0,0.0
2021-01,2021,1,1,272,PH,ฟิลิปปินส์,1A,ทวีปเอเชีย,111987685.0,0.0
2021-01,2021,1,1,309,TW,ไต้หวัน,1A,ทวีปเอเชีย,87663541.0,0.0
2021-01,2021,1,1,268,KH,กัมพูชา,1A,ทวีปเอเชีย,84992716.0,0.0
2021-01,2021,1,1,279,IN,อินเดีย,1A,ทวีปเอเชีย,79029692.0,0.0
2021-01,2021,1,1,336,CZ,สาธารณรัฐเช็ก,1B,ทวีปยุโรป,78559800.0,0.0
2021-01,2021,1,1,371,CA,แคนาดา,1C,ทวีปอเมริกาเหนือ,58816828.0,0.0
2021-01,2021,1,1,306,KR,เกาหลีใต้,1A,ทวีปเอเชีย,57270505.0,0.0
2021-01,2021,1,1,274,VN,เวียดนาม,1A,ทวีปเอเชีย,48612009.0,0.0
2021-01,2021,1,1,347,SK,สโลวาเกีย,1B,ทวีปยุโรป,36538080.0,0.0
2021-01,2021,1,1,320,GB,สหราชอาณาจักร,1B,ทวีปยุโรป,34188214.0,0.0
2021-01,2021,1,1,319,FR,ฝรั่งเศส,1B,ทวีปยุโรป,27224395.0,0.0
2021-01,2021,1,1,316,DK,เดนมาร์ก,1B,ทวีปยุโรป,24788188.0,0.0
2021-01,2021,1,1,269,LA,สปป. ลาว,1A,ทวีปเอเชีย,24618565.0,0.0
2021-01,2021,1,1,270,MM,เมียนมา,1A,ทวีปเอเชีย,22413336.0,0.0
2021-01,2021,1,1,409,BR,บราซิล,1D,ทวีปอเมริกาใต้,16453855.0,0.0
2021-01,2021,1,1,437,EG,อียิปต์,1E,ทวีปแอฟริกา,11326096.0,0.0
2021-01,2021,1,1,343,PL,โปแลนด์,1B,ทวีปยุโรป,11313059.0,0.0
2021-01,2021,1,1,317,ES,สเปน,1B,ทวีปยุโรป,11140779.0,0.0
2021-01,2021,1,1,267,ID,อินโดนีเซีย,1A,ทวีปเอเชีย,10695638.0,0.0
2021-01,2021,1,1,312,AT,ออสเตรีย,1B,ทวีปยุโรป,10011795.0,0.0
2021-01,2021,1,1,298,TR,ตุรกี,1A,ทวีปเอเชีย,9699100.0,0.0
2021-01,2021,1,1,327,SE,สวีเดน,1B,ทวีปยุโรป,8741581.0,0.0
2021-01,2021,1,1,458,MZ,โมซัมบิก,1E,ทวีปแอฟริกา,8109014.0,0.0
2021-01,2021,1,1,483,AU,ออสเตรเลีย,1F,ทวีปออสเตรเลีย,5845955.0,0.0
2021-01,2021,1,1,346,SI,สโลวีเนีย,1B,ทวีปยุโรป,5128124.0,0.0
2021-01,2021,1,1,344,RO,โรมาเนีย,1B,ทวีปยุโรป,4662177.0,0.0
2021-01,2021,1,1,345,RU,รัสเซีย,1B,ทวีปยุโรป,3395535.0,0.0
2021-01,2021,1,1,283,PK,ปากีสถาน,1A,ทวีปเอเชีย,2974476.0,0.0
2021-01,2021,1,1,478,ZA,แอฟริกาใต้,1E,ทวีปแอฟริกา,2587534.0,0.0
2021-01,2021,1,1,288,IL,อิสราเอล,1A,ทวีปเอเชีย,1887048.0,0.0
2021-01,2021,1,1,326,PT,โปรตุเกส,1B,ทวีปยุโรป,1437052.0,0.0
2021-01,2021,1,1,280,LK,ศรีลังกา,1A,ทวีปเอเชีย,1156640.0,0.0
2021-01,2021,1,1,313,BE,เบลเยียม,1B,ทวีปยุโรป,1130464.0,0.0
2021-01,2021,1,1,356,CH,สวิตเซอร์แลนด์,1B,ทวีปยุโรป,1053796.0,0.0
2021-01,2021,1,1,277,BD,บังกลาเทศ,1A,ทวีปเอเชีย,821311.0,0.0
2021-01,2021,1,1,266,BN,บรูไน,1A,ทวีปเอเชีย,783038.0,0.0
2021-01,2021,1,1,411,CO,โคลอมเบีย,1D,ทวีปอเมริกาใต้,703061.0,0.0
2021-01,2021,1,1,497,NZ,นิวซีแลนด์,1F,ทวีปออสเตรเลีย,655015.0,0.0
2021-01,2021,1,1,452,MA,โมร็อกโก,1E,ทวีปแอฟริกา,423445.0,0.0
2021-01,2021,1,1,322,IE,ไอร์แลนด์,1B,ทวีปยุโรป,288703.0,0.0
2021-01,2021,1,1,425,BF,บูร์กินาฟาโซ,1E,ทวีปแอฟริกา,286878.0,0.0
2021-01,2021,1,1,407,AR,อาร์เจนตินา,1D,ทวีปอเมริกาใต้,272535.0,0.0
2021-01,2021,1,1,285,AE,สหรัฐอาหรับเอมิเรตส์,1A,ทวีปเอเชีย,258245.0,0.0
2021-01,2021,1,1,499,PG,ปาปัวนิวกินี,1F,ทวีปออสเตรเลีย,237945.0,0.0
2021-01,2021,1,1,293,LB,เลบานอน,1A,ทวีปเอเชีย,205960.0,0.0
2021-01,2021,1,1,357,EE,เอสโตเนีย,1B,ทวีปยุโรป,118031.0,0.0
2021-01,2021,1,1,398,PR,เปอร์โตริโก,1C,ทวีปอเมริกาเหนือ,114598.0,0.0
2021-01,2021,1,1,281,MV,มัลดีฟส์,1A,ทวีปเอเชีย,97092.0,0.0
2021-01,2021,1,1,412,EC,เอกวาดอร์,1D,ทวีปอเมริกาใต้,96840.0,0.0
2021-01,2021,1,1,292,KW,คูเวต,1A,ทวีปเอเชีย,80678.0,0.0
2021-01,2021,1,1,366,NO,นอร์เวย์,1B,ทวีปยุโรป,71634.0,0.0
2021-01,2021,1,1,338,HR,โครเอเชีย,1B,ทวีปยุโรป,37556.0,0.0
2021-01,2021,1,1,362,LT,ลิทัวเนีย,1B,ทวีปยุโรป,25113.0,0.0
2021-01,2021,1,1,486,FJ,ฟิจิ,1F,ทวีปออสเตรเลีย,18967.0,0.0
2021-01,2021,1,1,290,IR,อิหร่าน,1A,ทวีปเอเชีย,12787.0,0.0
2021-01,2021,1,1,291,JO,จอร์แดน,1A,ทวีปเอเชีย,11028.0,0.0
2021-01,2021,1,1,475,TN,ตูนิเซีย,1E,ทวีปแอฟริกา,10009.0,0.0
2021-01,2021,1,1,318,FI,ฟินแลนด์,1B,ทวีปยุโรป,9905.0,0.0
2021-01,2021,1,1,295,QA,กาตาร์,1A,ทวีปเอเชีย,9180.0,0.0
2021-01,2021,1,1,417,PE,เปรู,1D,ทวีปอเมริกาใต้,5973.0,0.0
2021-01,2021,1,1,321,GR,กรีซ,1B,ทวีปยุโรป,5138.0,0.0
2021-01,2021,1,1,410,CL,ชิลี,1D,ทวีปอเมริกาใต้,4471.0,0.0
2021-01,2021,1,1,294,OM,โอมาน,1A,ทวีปเอเชีย,1021.0,0.0
2021-01,2021,1,1,389,HN,ฮอนดูรัส,1C,ทวีปอเมริกาเหนือ,564.0,0.0
2021-02,2021,2,1,373,US,สหรัฐอเมริกา,1C,ทวีปอเมริกาเหนือ,1955205226.0,0.0
2021-02,2021,2,1,302,CN,จีน,1A,ทวีปเอเชีย,545506791.0,0.0
2021-02,2021,2,1,325,NL,เนเธอร์แลนด์,1B,ทวีปยุโรป,567978355.0,0.0
2021-02,2021,2,1,304,JP,ญี่ปุ่น,1A,ทวีปเอเชีย,430625965.0,0.0
2021-02,2021,2,1,271,MY,มาเลเซีย,1A,ทวีปเอเชีย,316592540.0,0.0
2021-02,2021,2,1,323,IT,อิตาลี,1B,ทวีปยุโรป,313531805.0,0.0
2021-02,2021,2,1,303,HK,ฮ่องกง,1A,ทวีปเอเชีย,261443898.0,0.0
2021-02,2021,2,1,372,MX,เม็กซิโก,1C,ทวีปอเมริกาเหนือ,267572914.0,0.0
2021-02,2021,2,1,273,SG,สิงคโปร์,1A,ทวีปเอเชีย,127306176.0,0.0
2021-02,2021,2,1,315,DE,เยอรมนี,1B,ทวีปยุโรป,72473743.0,0.0
2021-02,2021,2,1,309,TW,ไต้หวัน,1A,ทวีปเอเชีย,102629876.0,0.0
2021-02,2021,2,1,274,VN,เวียดนาม,1A,ทวีปเอเชีย,131525403.0,0.0
2021-02,2021,2,1,279,IN,อินเดีย,1A,ทวีปเอเชีย,96476954.0,0.0
2021-02,2021,2,1,336,CZ,สาธารณรัฐเช็ก,1B,ทวีปยุโรป,90470552.0,0.0
2021-02,2021,2,1,339,HU,ฮังการี,1B,ทวีปยุโรป,47094006.0,0.0
2021-02,2021,2,1,272,PH,ฟิลิปปินส์,1A,ทวีปเอเชีย,27353707.0,0.0
2021-02,2021,2,1,371,CA,แคนาดา,1C,ทวีปอเมริกาเหนือ,79445620.0,0.0
2021-02,2021,2,1,268,KH,กัมพูชา,1A,ทวีปเอเชีย,31993493.0,0.0
2021-02,2021,2,1,306,KR,เกาหลีใต้,1A,ทวีปเอเชีย,44989459.0,0.0
2021-02,2021,2,1,347,SK,สโลวาเกีย,1B,ทวีปยุโรป,32660595.0,0.0
2021-02,2021,2,1,320,GB,สหราชอาณาจักร,1B,ทวีปยุโรป,27809097.0,0.0
2021-02,2021,2,1,269,LA,สปป. ลาว,1A,ทวีปเอเชีย,30398810.0,0.0
2021-02,2021,2,1,343,PL,โปแลนด์,1B,ทวีปยุโรป,42095180.0,0.0
2021-02,2021,2,1,316,DK,เดนมาร์ก,1B,ทวีปยุโรป,21660545.0,0.0
2021-02,2021,2,1,319,FR,ฝรั่งเศส,1B,ทวีปยุโรป,16643751.0,0.0
2021-02,2021,2,1,409,BR,บราซิล,1D,ทวีปอเมริกาใต้,26726166.0,0.0
2021-02,2021,2,1,270,MM,เมียนมา,1A,ทวีปเอเชีย,18829186.0,0.0
2021-02,2021,2,1,483,AU,ออสเตรเลีย,1F,ทวีปออสเตรเลีย,28176255.0,0.0
2021-02,2021,2,1,267,ID,อินโดนีเซีย,1A,ทวีปเอเชีย,18768481.0,0.0
2021-02,2021,2,1,327,SE,สวีเดน,1B,ทวีปยุโรป,20362308.0,0.0
2021-02,2021,2,1,317,ES,สเปน,1B,ทวีปยุโรป,16781672.0,0.0
2021-02,2021,2,1,298,TR,ตุรกี,1A,ทวีปเอเชีย,10308423.0,0.0
2021-02,2021,2,1,437,EG,อียิปต์,1E,ทวีปแอฟริกา,3542729.0,0.0
2021-02,2021,2,1,344,RO,โรมาเนีย,1B,ทวีปยุโรป,7618134.0,0.0
2021-02,2021,2,1,458,MZ,โมซัมบิก,1E,ทวีปแอฟริกา,3685975.0,0.0
2021-02,2021,2,1,312,AT,ออสเตรีย,1B,ทวีปยุโรป,1161470.0,0.0
2021-02,2021,2,1,346,SI,สโลวีเนีย,1B,ทวีปยุโรป,5689889.0,0.0
2021-02,2021,2,1,283,PK,ปากีสถาน,1A,ทวีปเอเชีย,6047845.0,0.0
2021-02,2021,2,1,266,BN,บรูไน,1A,ทวีปเอเชีย,7802870.0,0.0
2021-02,2021,2,1,345,RU,รัสเซีย,1B,ทวีปยุโรป,1027578.0,0.0
2021-02,2021,2,1,478,ZA,แอฟริกาใต้,1E,ทวีปแอฟริกา,1529259.0,0.0
2021-02,2021,2,1,288,IL,อิสราเอล,1A,ทวีปเอเชีย,1917031.0,0.0
2021-02,2021,2,1,281,MV,มัลดีฟส์,1A,ทวีปเอเชีย,2743954.0,0.0
2021-02,2021,2,1,280,LK,ศรีลังกา,1A,ทวีปเอเชีย,1455540.0,0.0
2021-02,2021,2,1,313,BE,เบลเยียม,1B,ทวีปยุโรป,1479011.0,0.0
2021-02,2021,2,1,326,PT,โปรตุเกส,1B,ทวีปยุโรป,759226.0,0.0
2021-02,2021,2,1,333,BG,บัลแกเรีย,1B,ทวีปยุโรป,2108735.0,0.0
2021-02,2021,2,1,356,CH,สวิตเซอร์แลนด์,1B,ทวีปยุโรป,1031622.0,0.0
2021-02,2021,2,1,454,ML,มาลี,1E,ทวีปแอฟริกา,1916820.0,0.0
2021-02,2021,2,1,285,AE,สหรัฐอาหรับเอมิเรตส์,1A,ทวีปเอเชีย,1587200.0,0.0
2021-02,2021,2,1,411,CO,โคลอมเบีย,1D,ทวีปอเมริกาใต้,402941.0,0.0
2021-02,2021,2,1,277,BD,บังกลาเทศ,1A,ทวีปเอเชีย,149251.0,0.0
2021-02,2021,2,1,362,LT,ลิทัวเนีย,1B,ทวีปยุโรป,666523.0,0.0
2021-02,2021,2,1,497,NZ,นิวซีแลนด์,1F,ทวีปออสเตรเลีย,34211.0,0.0
2021-02,2021,2,1,278,BT,ภูฎาน,1A,ทวีปเอเชีย,484243.0,0.0
2021-02,2021,2,1,407,AR,อาร์เจนตินา,1D,ทวีปอเมริกาใต้,179286.0,0.0
2021-02,2021,2,1,322,IE,ไอร์แลนด์,1B,ทวีปยุโรป,141031.0,0.0
2021-02,2021,2,1,452,MA,โมร็อกโก,1E,ทวีปแอฟริกา,0.0,0.0
2021-02,2021,2,1,398,PR,เปอร์โตริโก,1C,ทวีปอเมริกาเหนือ,272901.0,0.0
2021-02,2021,2,1,499,PG,ปาปัวนิวกินี,1F,ทวีปออสเตรเลีย,104048.0,0.0
2021-02,2021,2,1,425,BF,บูร์กินาฟาโซ,1E,ทวีปแอฟริกา,0.0,0.0
2021-02,2021,2,1,293,LB,เลบานอน,1A,ทวีปเอเชีย,0.0,0.0
2021-02,2021,2,1,357,EE,เอสโตเนีย,1B,ทวีปยุโรป,53549.0,0.0
2021-02,2021,2,1,421,UY,อุรุกวัย,1D,ทวีปอเมริกาใต้,122212.0,0.0
2021-02,2021,2,1,318,FI,ฟินแลนด์,1B,ทวีปยุโรป,109925.0,0.0
2021-02,2021,2,1,412,EC,เอกวาดอร์,1D,ทวีปอเมริกาใต้,0.0,0.0
2021-02,2021,2,1,292,KW,คูเวต,1A,ทวีปเอเชีย,2975.0,0.0
2021-02,2021,2,1,366,NO,นอร์เวย์,1B,ทวีปยุโรป,10780.0,0.0
2021-02,2021,2,1,338,HR,โครเอเชีย,1B,ทวีปยุโรป,0.0,0.0
2021-02,2021,2,1,486,FJ,ฟิจิ,1F,ทวีปออสเตรเลีย,5084.0,0.0
2021-02,2021,2,1,295,QA,กาตาร์,1A,ทวีปเอเชีย,13987.0,0.0
2021-02,2021,2,1,388,GT,กัวเตมาลา,1C,ทวีปอเมริกาเหนือ,19932.0,0.0
2021-02,2021,2,1,417,PE,เปรู,1D,ทวีปอเมริกาใต้,13766.0,0.0
2021-02,2021,2,1,387,GP,กวาเดอลูป,1C,ทวีปอเมริกาเหนือ,17850.0,0.0
2021-02,2021,2,1,287,CY,ไซปรัส,1A,ทวีปเอเชีย,17800.0,0.0
2021-02,2021,2,1,475,TN,ตูนิเซีย,1E,ทวีปแอฟริกา,3806.0,0.0
2021-02,2021,2,1,290,IR,อิหร่าน,1A,ทวีปเอเชีย,0.0,0.0
2021-02,2021,2,1,291,JO,จอร์แดน,1A,ทวีปเอเชีย,0.0,0.0
2021-02,2021,2,1,296,SA,ซาอุดีอาระเบีย,1A,ทวีปเอเชีย,8929.0,0.0
2021-02,2021,2,1,469,SN,เซเนกัล,1E,ทวีปแอฟริกา,6802.0,0.0
2021-02,2021,2,1,384,DO,สาธารณรัฐโดมินิกัน,1C,ทวีปอเมริกาเหนือ,5712.0,0.0
2021-02,2021,2,1,321,GR,กรีซ,1B,ทวีปยุโรป,0.0,0.0
2021-02,2021,2,1,410,CL,ชิลี,1D,ทวีปอเมริกาใต้,0.0,0.0
2021-02,2021,2,1,282,NP,เนปาล,1A,ทวีปเอเชีย,1918.0,0.0
2021-02,2021,2,1,456,MU,มอริเชียส,1E,ทวีปแอฟริกา,1440.0,0.0
2021-02,2021,2,1,294,OM,โอมาน,1A,ทวีปเอเชีย,0.0,0.0
2021-02,2021,2,1,389,HN,ฮอนดูรัส,1C,ทวีปอเมริกาเหนือ,0.0,0.0
2021-03,2021,3,1,373,US,สหรัฐอเมริกา,1C,ทวีปอเมริกาเหนือ,2489800132.0,0.0
2021-03,2021,3,1,325,NL,เนเธอร์แลนด์,1B,ทวีปยุโรป,770455489.0,0.0
2021-03,2021,3,1,302,CN,จีน,1A,ทวีปเอเชีย,646221342.0,0.0
2021-03,2021,3,1,304,JP,ญี่ปุ่น,1A,ทวีปเอเชีย,502186015.0,0.0
2021-03,2021,3,1,271,MY,มาเลเซีย,1A,ทวีปเอเชีย,316965324.0,0.0
2021-03,2021,3,1,323,IT,อิตาลี,1B,ทวีปยุโรป,266887606.0,0.0
2021-03,2021,3,1,303,HK,ฮ่องกง,1A,ทวีปเอเชีย,266677991.0,0.0
2021-03,2021,3,1,372,MX,เม็กซิโก,1C,ทวีปอเมริกาเหนือ,190801941.0,0.0
2021-03,2021,3,1,273,SG,สิงคโปร์,1A,ทวีปเอเชีย,108190034.0,0.0
2021-03,2021,3,1,315,DE,เยอรมนี,1B,ทวีปยุโรป,134310611.0,0.0
2021-03,2021,3,1,309,TW,ไต้หวัน,1A,ทวีปเอเชีย,131056875.0,0.0
2021-03,2021,3,1,274,VN,เวียดนาม,1A,ทวีปเอเชีย,114433765.0,0.0
2021-03,2021,3,1,336,CZ,สาธารณรัฐเช็ก,1B,ทวีปยุโรป,101731883.0,0.0
2021-03,2021,3,1,339,HU,ฮังการี,1B,ทวีปยุโรป,101611597.0,0.0
2021-03,2021,3,1,279,IN,อินเดีย,1A,ทวีปเอเชีย,69291195.0,0.0
2021-03,2021,3,1,371,CA,แคนาดา,1C,ทวีปอเมริกาเหนือ,55165563.0,0.0
2021-03,2021,3,1,306,KR,เกาหลีใต้,1A,ทวีปเอเชีย,62344973.0,0.0
2021-03,2021,3,1,272,PH,ฟิลิปปินส์,1A,ทวีปเอเชีย,19539436.0,0.0
2021-03,2021,3,1,268,KH,กัมพูชา,1A,ทวีปเอเชีย,37932846.0,0.0
2021-03,2021,3,1,320,GB,สหราชอาณาจักร,1B,ทวีปยุโรป,41775223.0,0.0
2021-03,2021,3,1,347,SK,สโลวาเกีย,1B,ทวีปยุโรป,33913509.0,0.0
2021-03,2021,3,1,409,BR,บราซิล,1D,ทวีปอเมริกาใต้,53431616.0,0.0
2021-03,2021,3,1,269,LA,สปป. ลาว,1A,ทวีปเอเชีย,22306483.0,0.0
2021-03,2021,3,1,316,DK,เดนมาร์ก,1B,ทวีปยุโรป,29029870.0,0.0
2021-03,2021,3,1,410,CL,ชิลี,1D,ทวีปอเมริกาใต้,67948019.0,0.0
2021-03,2021,3,1,343,PL,โปแลนด์,1B,ทวีปยุโรป,12843741.0,0.0
2021-03,2021,3,1,270,MM,เมียนมา,1A,ทวีปเอเชีย,21748396.0,0.0
2021-03,2021,3,1,319,FR,ฝรั่งเศส,1B,ทวีปยุโรป,17593194.0,0.0
2021-03,2021,3,1,317,ES,สเปน,1B,ทวีปยุโรป,22924735.0,0.0
2021-03,2021,3,1,267,ID,อินโดนีเซีย,1A,ทวีปเอเชีย,13680470.0,0.0
2021-03,2021,3,1,483,AU,ออสเตรเลีย,1F,ทวีปออสเตรเลีย,5321762.0,0.0
2021-03,2021,3,1,327,SE,สวีเดน,1B,ทวีปยุโรป,8401690.0,0.0
2021-03,2021,3,1,298,TR,ตุรกี,1A,ทวีปเอเชีย,7929126.0,0.0
2021-03,2021,3,1,437,EG,อียิปต์,1E,ทวีปแอฟริกา,7774783.0,0.0
2021-03,2021,3,1,312,AT,ออสเตรีย,1B,ทวีปยุโรป,8069795.0,0.0
2021-03,2021,3,1,344,RO,โรมาเนีย,1B,ทวีปยุโรป,5913898.0,0.0
2021-03,2021,3,1,346,SI,สโลวีเนีย,1B,ทวีปยุโรป,5683509.0,0.0
2021-03,2021,3,1,283,PK,ปากีสถาน,1A,ทวีปเอเชีย,3796182.0,0.0
2021-03,2021,3,1,266,BN,บรูไน,1A,ทวีปเอเชีย,3655922.0,0.0
2021-03,2021,3,1,458,MZ,โมซัมบิก,1E,ทวีปแอฟริกา,0.0,0.0
2021-03,2021,3,1,478,ZA,แอฟริกาใต้,1E,ทวีปแอฟริกา,5062421.0,0.0
2021-03,2021,3,1,288,IL,อิสราเอล,1A,ทวีปเอเชีย,2920849.0,0.0
2021-03,2021,3,1,285,AE,สหรัฐอาหรับเอมิเรตส์,1A,ทวีปเอเชีย,3845641.0,0.0
2021-03,2021,3,1,345,RU,รัสเซีย,1B,ทวีปยุโรป,453858.0,0.0
2021-03,2021,3,1,313,BE,เบลเยียม,1B,ทวีปยุโรป,1574939.0,0.0
2021-03,2021,3,1,356,CH,สวิตเซอร์แลนด์,1B,ทวีปยุโรป,2086308.0,0.0
2021-03,2021,3,1,326,PT,โปรตุเกส,1B,ทวีปยุโรป,1862470.0,0.0
2021-03,2021,3,1,281,MV,มัลดีฟส์,1A,ทวีปเอเชีย,393774.0,0.0
2021-03,2021,3,1,280,LK,ศรีลังกา,1A,ทวีปเอเชีย,428359.0,0.0
2021-03,2021,3,1,333,BG,บัลแกเรีย,1B,ทวีปยุโรป,403321.0,0.0
2021-03,2021,3,1,454,ML,มาลี,1E,ทวีปแอฟริกา,0.0,0.0
2021-03,2021,3,1,277,BD,บังกลาเทศ,1A,ทวีปเอเชีย,912759.0,0.0
2021-03,2021,3,1,407,AR,อาร์เจนตินา,1D,ทวีปอเมริกาใต้,1271276.0,0.0
2021-03,2021,3,1,357,EE,เอสโตเนีย,1B,ทวีปยุโรป,1501514.0,0.0
2021-03,2021,3,1,411,CO,โคลอมเบีย,1D,ทวีปอเมริกาใต้,360665.0,0.0
2021-03,2021,3,1,322,IE,ไอร์แลนด์,1B,ทวีปยุโรป,968303.0,0.0
2021-03,2021,3,1,362,LT,ลิทัวเนีย,1B,ทวีปยุโรป,629407.0,0.0
2021-03,2021,3,1,497,NZ,นิวซีแลนด์,1F,ทวีปออสเตรเลีย,291362.0,0.0
2021-03,2021,3,1,278,BT,ภูฎาน,1A,ทวีปเอเชีย,0.0,0.0
2021-03,2021,3,1,452,MA,โมร็อกโก,1E,ทวีปแอฟริกา,0.0,0.0
2021-03,2021,3,1,431,CI,โกตดิวัวร์,1E,ทวีปแอฟริกา,401288.0,0.0
2021-03,2021,3,1,398,PR,เปอร์โตริโก,1C,ทวีปอเมริกาเหนือ,0.0,0.0
2021-03,2021,3,1,318,FI,ฟินแลนด์,1B,ทวีปยุโรป,233356.0,0.0
2021-03,2021,3,1,499,PG,ปาปัวนิวกินี,1F,ทวีปออสเตรเลีย,0.0,0.0
2021-03,2021,3,1,425,BF,บูร์กินาฟาโซ,1E,ทวีปแอฟริกา,0.0,0.0
2021-03,2021,3,1,292,KW,คูเวต,1A,ทวีปเอเชีย,177221.0,0.0
2021-03,2021,3,1,293,LB,เลบานอน,1A,ทวีปเอเชีย,40162.0,0.0
2021-03,2021,3,1,351,UA,ยูเครน,1B,ทวีปยุโรป,223361.0,0.0
2021-03,2021,3,1,383,DM,โดมินิกา,1C,ทวีปอเมริกาเหนือ,189986.0,0.0
2021-03,2021,3,1,493,NC,นิวแคลีโดเนีย,1F,ทวีปออสเตรเลีย,135968.0,0.0
2021-03,2021,3,1,421,UY,อุรุกวัย,1D,ทวีปอเมริกาใต้,0.0,0.0
2021-03,2021,3,1,412,EC,เอกวาดอร์,1D,ทวีปอเมริกาใต้,0.0,0.0
2021-03,2021,3,1,366,NO,นอร์เวย์,1B,ทวีปยุโรป,7255.0,0.0
2021-03,2021,3,1,290,IR,อิหร่าน,1A,ทวีปเอเชีย,36118.0,0.0
2021-03,2021,3,1,475,TN,ตูนิเซีย,1E,ทวีปแอฟริกา,30379.0,0.0
2021-03,2021,3,1,338,HR,โครเอเชีย,1B,ทวีปยุโรป,0.0,0.0
2021-03,2021,3,1,296,SA,ซาอุดีอาระเบีย,1A,ทวีปเอเชีย,28354.0,0.0
2021-03,2021,3,1,384,DO,สาธารณรัฐโดมินิกัน,1C,ทวีปอเมริกาเหนือ,22798.0,0.0
2021-03,2021,3,1,417,PE,เปรู,1D,ทวีปอเมริกาใต้,8609.0,0.0
2021-03,2021,3,1,295,QA,กาตาร์,1A,ทวีปเอเชีย,4558.0,0.0
2021-03,2021,3,1,486,FJ,ฟิจิ,1F,ทวีปออสเตรเลีย,0.0,0.0
2021-03,2021,3,1,291,JO,จอร์แดน,1A,ทวีปเอเชีย,9277.0,0.0
2021-03,2021,3,1,388,GT,กัวเตมาลา,1C,ทวีปอเมริกาเหนือ,0.0,0.0
2021-03,2021,3,1,387,GP,กวาเดอลูป,1C,ทวีปอเมริกาเหนือ,0.0,0.0
2021-03,2021,3,1,287,CY,ไซปรัส,1A,ทวีปเอเชีย,0.0,0.0
2021-03,2021,3,1,282,NP,เนปาล,1A,ทวีปเอเชีย,5818.0,0.0
2021-03,2021,3,1,469,SN,เซเนกัล,1E,ทวีปแอฟริกา,0.0,0.0
2021-03,2021,3,1,321,GR,กรีซ,1B,ทวีปยุโรป,0.0,0.0
2021-03,2021,3,1,363,LV,ลัตเวีย,1B,ทวีปยุโรป,4334.0,0.0
2021-03,2021,3,1,286,BH,บาห์เรน,1A,ทวีปเอเชีย,4102.0,0.0
2021-03,2021,3,1,390,HT,เฮติ,1C,ทวีปอเมริกาเหนือ,2227.0,0.0
2021-03,2021,3,1,456,MU,มอริเชียส,1E,ทวีปแอฟริกา,0.0,0.0
2021-03,2021,3,1,294,OM,โอมาน,1A,ทวีปเอเชีย,119.0,0.0
2021-03,2021,3,1,389,HN,ฮอนดูรัส,1C,ทวีปอเมริกาเหนือ,0.0,0.0
2021-03,2021,3,1,453,MG,มาดากัสการ์,1E,ทวีปแอฟริกา,464.0,0.0
2021-03,2021,3,1,563,RS,เซอร์เบีย,1B,ทวีปยุโรป,445.0,0.0
2021-03,2021,3,1,447,KE,เคนยา,1E,ทวีปแอฟริกา,347.0,0.0
2021-03,2021,3,1,461,NG,ไนจีเรีย,1E,ทวีปแอฟริกา,347.0,0.0
2021-03,2021,3,1,289,IQ,อิรัก,1A,ทวีปเอเชีย,237.0,0.0
2021-03,2021,3,1,476,TZ,แทนซาเนีย,1E,ทวีปแอฟริกา,232.0,0.0
2021-03,2021,3,1,457,MW,มาลาวี,1E,ทวีปแอฟริกา,232.0,0.0
2021-03,2021,3,1,463,RE,เรอูนียง,1E,ทวีปแอฟริกา,232.0,0.0
2021-03,2021,3,1,441,GH,กานา,1E,ทวีปแอฟริกา,116.0,0.0
2021-04,2021,4,2,373,US,สหรัฐอเมริกา,1C,ทวีปอเมริกาเหนือ,2166512163.0,0.0
2021-04,2021,4,2,325,NL,เนเธอร์แลนด์,1B,ทวีปยุโรป,563208431.0,0.0
2021-04,2021,4,2,302,CN,จีน,1A,ทวีปเอเชีย,577988568.0,0.0
2021-04,2021,4,2,304,JP,ญี่ปุ่น,1A,ทวีปเอเชีย,387148415.0,0.0
2021-04,2021,4,2,323,IT,อิตาลี,1B,ทวีปยุโรป,304821363.0,0.0
2021-04,2021,4,2,271,MY,มาเลเซีย,1A,ทวีปเอเชีย,197952570.0,0.0
2021-04,2021,4,2,303,HK,ฮ่องกง,1A,ทวีปเอเชีย,244692455.0,0.0
2021-04,2021,4,2,372,MX,เม็กซิโก,1C,ทวีปอเมริกาเหนือ,253000836.0,0.0
2021-04,2021,4,2,273,SG,สิงคโปร์,1A,ทวีปเอเชีย,176335845.0,0.0
2021-04,2021,4,2,315,DE,เยอรมนี,1B,ทวีปยุโรป,151816565.0,0.0
2021-04,2021,4,2,309,TW,ไต้หวัน,1A,ทวีปเอเชีย,125138391.0,0.0
2021-04,2021,4,2,336,CZ,สาธารณรัฐเช็ก,1B,ทวีปยุโรป,96114043.0,0.0
2021-04,2021,4,2,274,VN,เวียดนาม,1A,ทวีปเอเชีย,41951893.0,0.0
2021-04,2021,4,2,339,HU,ฮังการี,1B,ทวีปยุโรป,58039743.0,0.0
2021-04,2021,4,2,279,IN,อินเดีย,1A,ทวีปเอเชีย,78576721.0,0.0
2021-04,2021,4,2,371,CA,แคนาดา,1C,ทวีปอเมริกาเหนือ,67339058.0,0.0
2021-04,2021,4,2,306,KR,เกาหลีใต้,1A,ทวีปเอเชีย,55254238.0,0.0
2021-04,2021,4,2,410,CL,ชิลี,1D,ทวีปอเมริกาใต้,123816803.0,0.0
2021-04,2021,4,2,268,KH,กัมพูชา,1A,ทวีปเอเชีย,35037922.0,0.0
2021-04,2021,4,2,272,PH,ฟิลิปปินส์,1A,ทวีปเอเชีย,23543320.0,0.0
2021-04,2021,4,2,320,GB,สหราชอาณาจักร,1B,ทวีปยุโรป,44623418.0,0.0
2021-04,2021,4,2,347,SK,สโลวาเกีย,1B,ทวีปยุโรป,29119474.0,0.0
2021-04,2021,4,2,409,BR,บราซิล,1D,ทวีปอเมริกาใต้,4557805.0,0.0
2021-04,2021,4,2,269,LA,สปป. ลาว,1A,ทวีปเอเชีย,18699985.0,0.0
2021-04,2021,4,2,316,DK,เดนมาร์ก,1B,ทวีปยุโรป,19104848.0,0.0
2021-04,2021,4,2,319,FR,ฝรั่งเศส,1B,ทวีปยุโรป,19386296.0,0.0
2021-04,2021,4,2,270,MM,เมียนมา,1A,ทวีปเอเชีย,10971220.0,0.0
2021-04,2021,4,2,343,PL,โปแลนด์,1B,ทวีปยุโรป,4966213.0,0.0
2021-04,2021,4,2,317,ES,สเปน,1B,ทวีปยุโรป,14048084.0,0.0
2021-04,2021,4,2,483,AU,ออสเตรเลีย,1F,ทวีปออสเตรเลีย,22071514.0,0.0
2021-04,2021,4,2,267,ID,อินโดนีเซีย,1A,ทวีปเอเชีย,13488976.0,0.0
2021-04,2021,4,2,344,RO,โรมาเนีย,1B,ทวีปยุโรป,27069946.0,0.0
2021-04,2021,4,2,327,SE,สวีเดน,1B,ทวีปยุโรป,6153983.0,0.0
2021-04,2021,4,2,298,TR,ตุรกี,1A,ทวีปเอเชีย,6194968.0,0.0
2021-04,2021,4,2,437,EG,อียิปต์,1E,ทวีปแอฟริกา,7975608.0,0.0
2021-04,2021,4,2,312,AT,ออสเตรีย,1B,ทวีปยุโรป,7606725.0,0.0
2021-04,2021,4,2,283,PK,ปากีสถาน,1A,ทวีปเอเชีย,4425880.0,0.0
2021-04,2021,4,2,346,SI,สโลวีเนีย,1B,ทวีปยุโรป,123.0,0.0
2021-04,2021,4,2,266,BN,บรูไน,1A,ทวีปเอเชีย,2871240.0,0.0
2021-04,2021,4,2,366,NO,นอร์เวย์,1B,ทวีปยุโรป,14433340.0,0.0
2021-04,2021,4,2,458,MZ,โมซัมบิก,1E,ทวีปแอฟริกา,0.0,0.0
2021-04,2021,4,2,478,ZA,แอฟริกาใต้,1E,ทวีปแอฟริกา,2408268.0,0.0
2021-04,2021,4,2,345,RU,รัสเซีย,1B,ทวีปยุโรป,5087775.0,0.0
2021-04,2021,4,2,288,IL,อิสราเอล,1A,ทวีปเอเชีย,2804733.0,0.0
2021-04,2021,4,2,285,AE,สหรัฐอาหรับเอมิเรตส์,1A,ทวีปเอเชีย,1070917.0,0.0
2021-04,2021,4,2,313,BE,เบลเยียม,1B,ทวีปยุโรป,2110312.0,0.0
2021-04,2021,4,2,280,LK,ศรีลังกา,1A,ทวีปเอเชีย,2779194.0,0.0
2021-04,2021,4,2,356,CH,สวิตเซอร์แลนด์,1B,ทวีปยุโรป,979897.0,0.0
2021-04,2021,4,2,326,PT,โปรตุเกส,1B,ทวีปยุโรป,1087215.0,0.0
2021-04,2021,4,2,281,MV,มัลดีฟส์,1A,ทวีปเอเชีย,302967.0,0.0
2021-04,2021,4,2,333,BG,บัลแกเรีย,1B,ทวีปยุโรป,121629.0,0.0
2021-04,2021,4,2,407,AR,อาร์เจนตินา,1D,ทวีปอเมริกาใต้,798345.0,0.0
2021-04,2021,4,2,454,ML,มาลี,1E,ทวีปแอฟริกา,0.0,0.0
2021-04,2021,4,2,277,BD,บังกลาเทศ,1A,ทวีปเอเชีย,13339.0,0.0
2021-04,2021,4,2,357,EE,เอสโตเนีย,1B,ทวีปยุโรป,71698.0,0.0
2021-04,2021,4,2,322,IE,ไอร์แลนด์,1B,ทวีปยุโรป,222155.0,0.0
2021-04,2021,4,2,362,LT,ลิทัวเนีย,1B,ทวีปยุโรป,279511.0,0.0
2021-04,2021,4,2,411,CO,โคลอมเบีย,1D,ทวีปอเมริกาใต้,113092.0,0.0
2021-04,2021,4,2,431,CI,โกตดิวัวร์,1E,ทวีปแอฟริกา,949840.0,0.0
2021-04,2021,4,2,398,PR,เปอร์โตริโก,1C,ทวีปอเมริกาเหนือ,865427.0,0.0
2021-04,2021,4,2,497,NZ,นิวซีแลนด์,1F,ทวีปออสเตรเลีย,198296.0,0.0
2021-04,2021,4,2,278,BT,ภูฎาน,1A,ทวีปเอเชีย,0.0,0.0
2021-04,2021,4,2,318,FI,ฟินแลนด์,1B,ทวีปยุโรป,70565.0,0.0
2021-04,2021,4,2,452,MA,โมร็อกโก,1E,ทวีปแอฟริกา,0.0,0.0
2021-04,2021,4,2,383,DM,โดมินิกา,1C,ทวีปอเมริกาเหนือ,172564.0,0.0
2021-04,2021,4,2,499,PG,ปาปัวนิวกินี,1F,ทวีปออสเตรเลีย,11928.0,0.0
2021-04,2021,4,2,425,BF,บูร์กินาฟาโซ,1E,ทวีปแอฟริกา,0.0,0.0
2021-04,2021,4,2,292,KW,คูเวต,1A,ทวีปเอเชีย,2635.0,0.0
2021-04,2021,4,2,293,LB,เลบานอน,1A,ทวีปเอเชีย,0.0,0.0
2021-04,2021,4,2,351,UA,ยูเครน,1B,ทวีปยุโรป,0.0,0.0
2021-04,2021,4,2,296,SA,ซาอุดีอาระเบีย,1A,ทวีปเอเชีย,122684.0,0.0
2021-04,2021,4,2,493,NC,นิวแคลีโดเนีย,1F,ทวีปออสเตรเลีย,0.0,0.0
2021-04,2021,4,2,421,UY,อุรุกวัย,1D,ทวีปอเมริกาใต้,0.0,0.0
2021-04,2021,4,2,412,EC,เอกวาดอร์,1D,ทวีปอเมริกาใต้,15773.0,0.0
2021-04,2021,4,2,290,IR,อิหร่าน,1A,ทวีปเอเชีย,0.0,0.0
2021-04,2021,4,2,486,FJ,ฟิจิ,1F,ทวีปออสเตรเลีย,24494.0,0.0
2021-04,2021,4,2,475,TN,ตูนิเซีย,1E,ทวีปแอฟริกา,0.0,0.0
2021-04,2021,4,2,338,HR,โครเอเชีย,1B,ทวีปยุโรป,0.0,0.0
2021-04,2021,4,2,384,DO,สาธารณรัฐโดมินิกัน,1C,ทวีปอเมริกาเหนือ,0.0,0.0
2021-04,2021,4,2,417,PE,เปรู,1D,ทวีปอเมริกาใต้,0.0,0.0
2021-04,2021,4,2,295,QA,กาตาร์,1A,ทวีปเอเชีย,0.0,0.0
2021-04,2021,4,2,291,JO,จอร์แดน,1A,ทวีปเอเชีย,0.0,0.0
2021-04,2021,4,2,388,GT,กัวเตมาลา,1C,ทวีปอเมริกาเหนือ,126.0,0.0
2021-04,2021,4,2,387,GP,กวาเดอลูป,1C,ทวีปอเมริกาเหนือ,0.0,0.0
2021-04,2021,4,2,287,CY,ไซปรัส,1A,ทวีปเอเชีย,0.0,0.0
2021-04,2021,4,2,498,PF,เฟรนช์โปลีนีเซีย,1F,ทวีปออสเตรเลีย,7865.0,0.0
2021-04,2021,4,2,282,NP,เนปาล,1A,ทวีปเอเชีย,0.0,0.0
2021-04,2021,4,2,469,SN,เซเนกัล,1E,ทวีปแอฟริกา,0.0,0.0
2021-04,2021,4,2,321,GR,กรีซ,1B,ทวีปยุโรป,0.0,0.0
2021-04,2021,4,2,363,LV,ลัตเวีย,1B,ทวีปยุโรป,0.0,0.0
2021-04,2021,4,2,286,BH,บาห์เรน,1A,ทวีปเอเชีย,0.0,0.0
2021-04,2021,4,2,390,HT,เฮติ,1C,ทวีปอเมริกาเหนือ,0.0,0.0
2021-04,2021,4,2,456,MU,มอริเชียส,1E,ทวีปแอฟริกา,0.0,0.0
2021-04,2021,4,2,294,OM,โอมาน,1A,ทวีปเอเชีย,277.0,0.0
2021-04,2021,4,2,476,TZ,แทนซาเนีย,1E,ทวีปแอฟริกา,478.0,0.0
2021-04,2021,4,2,389,HN,ฮอนดูรัส,1C,ทวีปอเมริกาเหนือ,0.0,0.0
2021-04,2021,4,2,394,LC,เซนต์ลูเซีย,1C,ทวีปอเมริกาเหนือ,533.0,0.0
2021-04,2021,4,2,453,MG,มาดากัสการ์,1E,ทวีปแอฟริกา,0.0,0.0
2021-04,2021,4,2,563,RS,เซอร์เบีย,1B,ทวีปยุโรป,0.0,0.0
2021-04,2021,4,2,447,KE,เคนยา,1E,ทวีปแอฟริกา,0.0,0.0
2021-04,2021,4,2,461,NG,ไนจีเรีย,1E,ทวีปแอฟริกา,0.0,0.0
2021-04,2021,4,2,289,IQ,อิรัก,1A,ทวีปเอเชีย,0.0,0.0
2021-04,2021,4,2,457,MW,มาลาวี,1E,ทวีปแอฟริกา,0.0,0.0
2021-04,2021,4,2,463,RE,เรอูนียง,1E,ทวีปแอฟริกา,0.0,0.0
2021-04,2021,4,2,481,ZW,ซิมบับเว,1E,ทวีปแอฟริกา,141.0,0.0
2021-04,2021,4,2,441,GH,กานา,1E,ทวีปแอฟริกา,0.0,0.0
2021-05,2021,5,2,373,US,สหรัฐอเมริกา,1C,ทวีปอเมริกาเหนือ,2489501326.0,0.0
2021-05,2021,5,2,302,CN,จีน,1A,ทวีปเอเชีย,790988239.0,0.0
2021-05,2021,5,2,325,NL,เนเธอร์แลนด์,1B,ทวีปยุโรป,645037720.0,0.0
2021-05,2021,5,2,304,JP,ญี่ปุ่น,1A,ทวีปเอเชีย,416634209.0,0.0
2021-05,2021,5,2,323,IT,อิตาลี,1B,ทวีปยุโรป,256608627.0,0.0
2021-05,2021,5,2,303,HK,ฮ่องกง,1A,ทวีปเอเชีย,286745352.0,0.0
2021-05,2021,5,2,271,MY,มาเลเซีย,1A,ทวีปเอเชีย,175448129.0,0.0
2021-05,2021,5,2,372,MX,เม็กซิโก,1C,ทวีปอเมริกาเหนือ,266512339.0,0.0
2021-05,2021,5,2,273,SG,สิงคโปร์,1A,ทวีปเอเชีย,112262324.0,0.0
2021-05,2021,5,2,315,DE,เยอรมนี,1B,ทวีปยุโรป,166369363.0,0.0
2021-05,2021,5,2,309,TW,ไต้หวัน,1A,ทวีปเอเชีย,173397356.0,0.0
2021-05,2021,5,2,336,CZ,สาธารณรัฐเช็ก,1B,ทวีปยุโรป,62349857.0,0.0
2021-05,2021,5,2,339,HU,ฮังการี,1B,ทวีปยุโรป,103439881.0,0.0
2021-05,2021,5,2,279,IN,อินเดีย,1A,ทวีปเอเชีย,77844498.0,0.0
2021-05,2021,5,2,274,VN,เวียดนาม,1A,ทวีปเอเชีย,35873000.0,0.0
2021-05,2021,5,2,409,BR,บราซิล,1D,ทวีปอเมริกาใต้,188097972.0,0.0
2021-05,2021,5,2,371,CA,แคนาดา,1C,ทวีปอเมริกาเหนือ,21046216.0,0.0
2021-05,2021,5,2,306,KR,เกาหลีใต้,1A,ทวีปเอเชีย,48237567.0,0.0
2021-05,2021,5,2,268,KH,กัมพูชา,1A,ทวีปเอเชีย,39890874.0,0.0
2021-05,2021,5,2,320,GB,สหราชอาณาจักร,1B,ทวีปยุโรป,57521528.0,0.0
2021-05,2021,5,2,410,CL,ชิลี,1D,ทวีปอเมริกาใต้,0.0,0.0
2021-05,2021,5,2,272,PH,ฟิลิปปินส์,1A,ทวีปเอเชีย,6884155.0,0.0
2021-05,2021,5,2,347,SK,สโลวาเกีย,1B,ทวีปยุโรป,28141093.0,0.0
2021-05,2021,5,2,269,LA,สปป. ลาว,1A,ทวีปเอเชีย,30956262.0,0.0
2021-05,2021,5,2,316,DK,เดนมาร์ก,1B,ทวีปยุโรป,25020147.0,0.0
2021-05,2021,5,2,319,FR,ฝรั่งเศส,1B,ทวีปยุโรป,25777928.0,0.0
2021-05,2021,5,2,267,ID,อินโดนีเซีย,1A,ทวีปเอเชีย,34843498.0,0.0
2021-05,2021,5,2,270,MM,เมียนมา,1A,ทวีปเอเชีย,17069516.0,0.0
2021-05,2021,5,2,343,PL,โปแลนด์,1B,ทวีปยุโรป,18967169.0,0.0
2021-05,2021,5,2,317,ES,สเปน,1B,ทวีปยุโรป,18014254.0,0.0
2021-05,2021,5,2,280,LK,ศรีลังกา,1A,ทวีปเอเชีย,64851449.0,0.0
2021-05,2021,5,2,483,AU,ออสเตรเลีย,1F,ทวีปออสเตรเลีย,5316240.0,0.0
2021-05,2021,5,2,344,RO,โรมาเนีย,1B,ทวีปยุโรป,9596051.0,0.0
2021-05,2021,5,2,327,SE,สวีเดน,1B,ทวีปยุโรป,1834405.0,0.0
2021-05,2021,5,2,437,EG,อียิปต์,1E,ทวีปแอฟริกา,8158167.0,0.0
2021-05,2021,5,2,298,TR,ตุรกี,1A,ทวีปเอเชีย,2380275.0,0.0
2021-05,2021,5,2,312,AT,ออสเตรีย,1B,ทวีปยุโรป,4947449.0,0.0
2021-05,2021,5,2,346,SI,สโลวีเนีย,1B,ทวีปยุโรป,12024441.0,0.0
2021-05,2021,5,2,283,PK,ปากีสถาน,1A,ทวีปเอเชีย,2536791.0,0.0
2021-05,2021,5,2,441,GH,กานา,1E,ทวีปแอฟริกา,19036395.0,0.0
2021-05,2021,5,2,266,BN,บรูไน,1A,ทวีปเอเชีย,23077.0,0.0
2021-05,2021,5,2,366,NO,นอร์เวย์,1B,ทวีปยุโรป,148819.0,0.0
2021-05,2021,5,2,288,IL,อิสราเอล,1A,ทวีปเอเชีย,4280052.0,0.0
2021-05,2021,5,2,478,ZA,แอฟริกาใต้,1E,ทวีปแอฟริกา,1852021.0,0.0
2021-05,2021,5,2,458,MZ,โมซัมบิก,1E,ทวีปแอฟริกา,0.0,0.0
2021-05,2021,5,2,345,RU,รัสเซีย,1B,ทวีปยุโรป,128233.0,0.0
2021-05,2021,5,2,285,AE,สหรัฐอาหรับเอมิเรตส์,1A,ทวีปเอเชีย,760622.0,0.0
2021-05,2021,5,2,313,BE,เบลเยียม,1B,ทวีปยุโรป,1112242.0,0.0
2021-05,2021,5,2,356,CH,สวิตเซอร์แลนด์,1B,ทวีปยุโรป,1450184.0,0.0
2021-05,2021,5,2,326,PT,โปรตุเกส,1B,ทวีปยุโรป,1070249.0,0.0
2021-05,2021,5,2,407,AR,อาร์เจนตินา,1D,ทวีปอเมริกาใต้,1045059.0,0.0
2021-05,2021,5,2,281,MV,มัลดีฟส์,1A,ทวีปเอเชีย,24493.0,0.0
2021-05,2021,5,2,333,BG,บัลแกเรีย,1B,ทวีปยุโรป,200203.0,0.0
2021-05,2021,5,2,277,BD,บังกลาเทศ,1A,ทวีปเอเชีย,64871.0,0.0
2021-05,2021,5,2,454,ML,มาลี,1E,ทวีปแอฟริกา,0.0,0.0
2021-05,2021,5,2,357,EE,เอสโตเนีย,1B,ทวีปยุโรป,99473.0,0.0
2021-05,2021,5,2,322,IE,ไอร์แลนด์,1B,ทวีปยุโรป,126035.0,0.0
2021-05,2021,5,2,497,NZ,นิวซีแลนด์,1F,ทวีปออสเตรเลีย,555379.0,0.0
2021-05,2021,5,2,431,CI,โกตดิวัวร์,1E,ทวีปแอฟริกา,342252.0,0.0
2021-05,2021,5,2,411,CO,โคลอมเบีย,1D,ทวีปอเมริกาใต้,67902.0,0.0
2021-05,2021,5,2,362,LT,ลิทัวเนีย,1B,ทวีปยุโรป,0.0,0.0
2021-05,2021,5,2,398,PR,เปอร์โตริโก,1C,ทวีปอเมริกาเหนือ,0.0,0.0
2021-05,2021,5,2,318,FI,ฟินแลนด์,1B,ทวีปยุโรป,532558.0,0.0
2021-05,2021,5,2,383,DM,โดมินิกา,1C,ทวีปอเมริกาเหนือ,301006.0,0.0
2021-05,2021,5,2,278,BT,ภูฎาน,1A,ทวีปเอเชีย,0.0,0.0
2021-05,2021,5,2,452,MA,โมร็อกโก,1E,ทวีปแอฟริกา,0.0,0.0
2021-05,2021,5,2,499,PG,ปาปัวนิวกินี,1F,ทวีปออสเตรเลีย,0.0,0.0
2021-05,2021,5,2,425,BF,บูร์กินาฟาโซ,1E,ทวีปแอฟริกา,0.0,0.0
2021-05,2021,5,2,292,KW,คูเวต,1A,ทวีปเอเชีย,413.0,0.0
2021-05,2021,5,2,293,LB,เลบานอน,1A,ทวีปเอเชีย,0.0,0.0
2021-05,2021,5,2,351,UA,ยูเครน,1B,ทวีปยุโรป,0.0,0.0
2021-05,2021,5,2,300,YE,เยเมน,1A,ทวีปเอเชีย,179977.0,0.0
2021-05,2021,5,2,296,SA,ซาอุดีอาระเบีย,1A,ทวีปเอเชีย,0.0,0.0
2021-05,2021,5,2,493,NC,นิวแคลีโดเนีย,1F,ทวีปออสเตรเลีย,0.0,0.0
2021-05,2021,5,2,421,UY,อุรุกวัย,1D,ทวีปอเมริกาใต้,8585.0,0.0
2021-05,2021,5,2,412,EC,เอกวาดอร์,1D,ทวีปอเมริกาใต้,0.0,0.0
2021-05,2021,5,2,563,RS,เซอร์เบีย,1B,ทวีปยุโรป,81914.0,0.0
2021-05,2021,5,2,436,DZ,แอลจีเรีย,1E,ทวีปแอฟริกา,72549.0,0.0
2021-05,2021,5,2,475,TN,ตูนิเซีย,1E,ทวีปแอฟริกา,25779.0,0.0
2021-05,2021,5,2,290,IR,อิหร่าน,1A,ทวีปเอเชีย,0.0,0.0
2021-05,2021,5,2,486,FJ,ฟิจิ,1F,ทวีปออสเตรเลีย,0.0,0.0
2021-05,2021,5,2,384,DO,สาธารณรัฐโดมินิกัน,1C,ทวีปอเมริกาเหนือ,10894.0,0.0
2021-05,2021,5,2,338,HR,โครเอเชีย,1B,ทวีปยุโรป,0.0,0.0
2021-05,2021,5,2,417,PE,เปรู,1D,ทวีปอเมริกาใต้,0.0,0.0
2021-05,2021,5,2,295,QA,กาตาร์,1A,ทวีปเอเชีย,0.0,0.0
2021-05,2021,5,2,291,JO,จอร์แดน,1A,ทวีปเอเชีย,4941.0,0.0
2021-05,2021,5,2,388,GT,กัวเตมาลา,1C,ทวีปอเมริกาเหนือ,2573.0,0.0
2021-05,2021,5,2,443,GN,กินี,1E,ทวีปแอฟริกา,18974.0,0.0
2021-05,2021,5,2,282,NP,เนปาล,1A,ทวีปเอเชีย,10541.0,0.0
2021-05,2021,5,2,387,GP,กวาเดอลูป,1C,ทวีปอเมริกาเหนือ,0.0,0.0
2021-05,2021,5,2,287,CY,ไซปรัส,1A,ทวีปเอเชีย,0.0,0.0
2021-05,2021,5,2,498,PF,เฟรนช์โปลีนีเซีย,1F,ทวีปออสเตรเลีย,3264.0,0.0
2021-05,2021,5,2,420,SR,ซูรินาเม,1D,ทวีปอเมริกาใต้,8991.0,0.0
2021-05,2021,5,2,469,SN,เซเนกัล,1E,ทวีปแอฟริกา,0.0,0.0
2021-05,2021,5,2,321,GR,กรีซ,1B,ทวีปยุโรป,0.0,0.0
2021-05,2021,5,2,363,LV,ลัตเวีย,1B,ทวีปยุโรป,0.0,0.0
2021-05,2021,5,2,286,BH,บาห์เรน,1A,ทวีปเอเชีย,0.0,0.0
2021-05,2021,5,2,390,HT,เฮติ,1C,ทวีปอเมริกาเหนือ,0.0,0.0
2021-05,2021,5,2,456,MU,มอริเชียส,1E,ทวีปแอฟริกา,128.0,0.0
2021-05,2021,5,2,294,OM,โอมาน,1A,ทวีปเอเชีย,0.0,0.0
2021-05,2021,5,2,476,TZ,แทนซาเนีย,1E,ทวีปแอฟริกา,0.0,0.0
2021-05,2021,5,2,447,KE,เคนยา,1E,ทวีปแอฟริกา,242.0,0.0
2021-05,2021,5,2,389,HN,ฮอนดูรัส,1C,ทวีปอเมริกาเหนือ,0.0,0.0
2021-05,2021,5,2,394,LC,เซนต์ลูเซีย,1C,ทวีปอเมริกาเหนือ,0.0,0.0
2021-05,2021,5,2,453,MG,มาดากัสการ์,1E,ทวีปแอฟริกา,0.0,0.0
2021-05,2021,5,2,461,NG,ไนจีเรีย,1E,ทวีปแอฟริกา,0.0,0.0
2021-05,2021,5,2,289,IQ,อิรัก,1A,ทวีปเอเชีย,0.0,0.0
2021-05,2021,5,2,457,MW,มาลาวี,1E,ทวีปแอฟริกา,0.0,0.0
2021-05,2021,5,2,463,RE,เรอูนียง,1E,ทวีปแอฟริกา,0.0,0.0
2021-05,2021,5,2,481,ZW,ซิมบับเว,1E,ทวีปแอฟริกา,0.0,0.0
2021-06,2021,6,2,373,US,สหรัฐอเมริกา,1C,ทวีปอเมริกาเหนือ,2726074827.0,0.0
2021-06,2021,6,2,302,CN,จีน,1A,ทวีปเอเชีย,837317050.0,0.0
2021-06,2021,6,2,325,NL,เนเธอร์แลนด์,1B,ทวีปยุโรป,703361021.0,0.0
2021-06,2021,6,2,304,JP,ญี่ปุ่น,1A,ทวีปเอเชีย,480528628.0,0.0
2021-06,2021,6,2,323,IT,อิตาลี,1B,ทวีปยุโรป,220867636.0,0.0
2021-06,2021,6,2,303,HK,ฮ่องกง,1A,ทวีปเอเชีย,216215535.0,0.0
2021-06,2021,6,2,271,MY,มาเลเซีย,1A,ทวีปเอเชีย,183568918.0,0.0
2021-06,2021,6,2,372,MX,เม็กซิโก,1C,ทวีปอเมริกาเหนือ,285612104.0,0.0
2021-06,2021,6,2,273,SG,สิงคโปร์,1A,ทวีปเอเชีย,120173169.0,0.0
2021-06,2021,6,2,315,DE,เยอรมนี,1B,ทวีปยุโรป,143977035.0,0.0
2021-06,2021,6,2,309,TW,ไต้หวัน,1A,ทวีปเอเชีย,159275977.0,0.0
2021-06,2021,6,2,339,HU,ฮังการี,1B,ทวีปยุโรป,199114745.0,0.0
2021-06,2021,6,2,336,CZ,สาธารณรัฐเช็ก,1B,ทวีปยุโรป,103002107.0,0.0
2021-06,2021,6,2,279,IN,อินเดีย,1A,ทวีปเอเชีย,87679129.0,0.0
2021-06,2021,6,2,274,VN,เวียดนาม,1A,ทวีปเอเชีย,51235364.0,0.0
2021-06,2021,6,2,306,KR,เกาหลีใต้,1A,ทวีปเอเชีย,68272624.0,0.0
2021-06,2021,6,2,409,BR,บราซิล,1D,ทวีปอเมริกาใต้,17277604.0,0.0
2021-06,2021,6,2,371,CA,แคนาดา,1C,ทวีปอเมริกาเหนือ,16985919.0,0.0
2021-06,2021,6,2,320,GB,สหราชอาณาจักร,1B,ทวีปยุโรป,70269550.0,0.0
2021-06,2021,6,2,268,KH,กัมพูชา,1A,ทวีปเอเชีย,32315438.0,0.0
2021-06,2021,6,2,272,PH,ฟิลิปปินส์,1A,ทวีปเอเชีย,13604790.0,0.0
2021-06,2021,6,2,347,SK,สโลวาเกีย,1B,ทวีปยุโรป,31620079.0,0.0
2021-06,2021,6,2,410,CL,ชิลี,1D,ทวีปอเมริกาใต้,0.0,0.0
2021-06,2021,6,2,269,LA,สปป. ลาว,1A,ทวีปเอเชีย,44807879.0,0.0
2021-06,2021,6,2,316,DK,เดนมาร์ก,1B,ทวีปยุโรป,19723747.0,0.0
2021-06,2021,6,2,319,FR,ฝรั่งเศส,1B,ทวีปยุโรป,23511911.0,0.0
2021-06,2021,6,2,267,ID,อินโดนีเซีย,1A,ทวีปเอเชีย,34867616.0,0.0
2021-06,2021,6,2,270,MM,เมียนมา,1A,ทวีปเอเชีย,24439666.0,0.0
2021-06,2021,6,2,317,ES,สเปน,1B,ทวีปยุโรป,19082796.0,0.0
2021-06,2021,6,2,343,PL,โปแลนด์,1B,ทวีปยุโรป,9985693.0,0.0
2021-06,2021,6,2,483,AU,ออสเตรเลีย,1F,ทวีปออสเตรเลีย,21461872.0,0.0
2021-06,2021,6,2,344,RO,โรมาเนีย,1B,ทวีปยุโรป,20456950.0,0.0
2021-06,2021,6,2,280,LK,ศรีลังกา,1A,ทวีปเอเชีย,1768216.0,0.0
2021-06,2021,6,2,327,SE,สวีเดน,1B,ทวีปยุโรป,9232565.0,0.0
2021-06,2021,6,2,437,EG,อียิปต์,1E,ทวีปแอฟริกา,7047981.0,0.0
2021-06,2021,6,2,298,TR,ตุรกี,1A,ทวีปเอเชีย,7030830.0,0.0
2021-06,2021,6,2,312,AT,ออสเตรีย,1B,ทวีปยุโรป,3299076.0,0.0
2021-06,2021,6,2,441,GH,กานา,1E,ทวีปแอฟริกา,10689796.0,0.0
2021-06,2021,6,2,346,SI,สโลวีเนีย,1B,ทวีปยุโรป,3114.0,0.0
2021-06,2021,6,2,283,PK,ปากีสถาน,1A,ทวีปเอเชีย,3023515.0,0.0
2021-06,2021,6,2,266,BN,บรูไน,1A,ทวีปเอเชีย,3605547.0,0.0
2021-06,2021,6,2,288,IL,อิสราเอล,1A,ทวีปเอเชีย,3427688.0,0.0
2021-06,2021,6,2,366,NO,นอร์เวย์,1B,ทวีปยุโรป,205614.0,0.0
2021-06,2021,6,2,478,ZA,แอฟริกาใต้,1E,ทวีปแอฟริกา,648425.0,0.0
2021-06,2021,6,2,345,RU,รัสเซีย,1B,ทวีปยุโรป,2035369.0,0.0
2021-06,2021,6,2,458,MZ,โมซัมบิก,1E,ทวีปแอฟริกา,0.0,0.0
2021-06,2021,6,2,356,CH,สวิตเซอร์แลนด์,1B,ทวีปยุโรป,2082559.0,0.0
2021-06,2021,6,2,313,BE,เบลเยียม,1B,ทวีปยุโรป,819546.0,0.0
2021-06,2021,6,2,285,AE,สหรัฐอาหรับเอมิเรตส์,1A,ทวีปเอเชีย,39675.0,0.0
2021-06,2021,6,2,326,PT,โปรตุเกส,1B,ทวีปยุโรป,1019765.0,0.0
2021-06,2021,6,2,407,AR,อาร์เจนตินา,1D,ทวีปอเมริกาใต้,1976101.0,0.0
2021-06,2021,6,2,322,IE,ไอร์แลนด์,1B,ทวีปยุโรป,3456747.0,0.0
2021-06,2021,6,2,281,MV,มัลดีฟส์,1A,ทวีปเอเชีย,179006.0,0.0
2021-06,2021,6,2,300,YE,เยเมน,1A,ทวีปเอเชีย,3550610.0,0.0
2021-06,2021,6,2,318,FI,ฟินแลนด์,1B,ทวีปยุโรป,2416114.0,0.0
2021-06,2021,6,2,333,BG,บัลแกเรีย,1B,ทวีปยุโรป,474660.0,0.0
2021-06,2021,6,2,277,BD,บังกลาเทศ,1A,ทวีปเอเชีย,34380.0,0.0
2021-06,2021,6,2,497,NZ,นิวซีแลนด์,1F,ทวีปออสเตรเลีย,210430.0,0.0
2021-06,2021,6,2,454,ML,มาลี,1E,ทวีปแอฟริกา,0.0,0.0
2021-06,2021,6,2,357,EE,เอสโตเนีย,1B,ทวีปยุโรป,513.0,0.0
2021-06,2021,6,2,411,CO,โคลอมเบีย,1D,ทวีปอเมริกาใต้,142077.0,0.0
2021-06,2021,6,2,436,DZ,แอลจีเรีย,1E,ทวีปแอฟริกา,1628609.0,0.0
2021-06,2021,6,2,431,CI,โกตดิวัวร์,1E,ทวีปแอฟริกา,0.0,0.0
2021-06,2021,6,2,362,LT,ลิทัวเนีย,1B,ทวีปยุโรป,60560.0,0.0
2021-06,2021,6,2,398,PR,เปอร์โตริโก,1C,ทวีปอเมริกาเหนือ,0.0,0.0
2021-06,2021,6,2,292,KW,คูเวต,1A,ทวีปเอเชีย,420965.0,0.0
2021-06,2021,6,2,383,DM,โดมินิกา,1C,ทวีปอเมริกาเหนือ,0.0,0.0
2021-06,2021,6,2,278,BT,ภูฎาน,1A,ทวีปเอเชีย,0.0,0.0
2021-06,2021,6,2,452,MA,โมร็อกโก,1E,ทวีปแอฟริกา,0.0,0.0
2021-06,2021,6,2,499,PG,ปาปัวนิวกินี,1F,ทวีปออสเตรเลีย,0.0,0.0
2021-06,2021,6,2,425,BF,บูร์กินาฟาโซ,1E,ทวีปแอฟริกา,0.0,0.0
2021-06,2021,6,2,293,LB,เลบานอน,1A,ทวีปเอเชีย,26162.0,0.0
2021-06,2021,6,2,351,UA,ยูเครน,1B,ทวีปยุโรป,0.0,0.0
2021-06,2021,6,2,296,SA,ซาอุดีอาระเบีย,1A,ทวีปเอเชีย,584.0,0.0
2021-06,2021,6,2,493,NC,นิวแคลีโดเนีย,1F,ทวีปออสเตรเลีย,0.0,0.0
2021-06,2021,6,2,421,UY,อุรุกวัย,1D,ทวีปอเมริกาใต้,0.0,0.0
2021-06,2021,6,2,412,EC,เอกวาดอร์,1D,ทวีปอเมริกาใต้,0.0,0.0
2021-06,2021,6,2,475,TN,ตูนิเซีย,1E,ทวีปแอฟริกา,38845.0,0.0
2021-06,2021,6,2,563,RS,เซอร์เบีย,1B,ทวีปยุโรป,0.0,0.0
2021-06,2021,6,2,453,MG,มาดากัสการ์,1E,ทวีปแอฟริกา,55754.0,0.0
2021-06,2021,6,2,290,IR,อิหร่าน,1A,ทวีปเอเชีย,0.0,0.0
2021-06,2021,6,2,486,FJ,ฟิจิ,1F,ทวีปออสเตรเลีย,0.0,0.0
2021-06,2021,6,2,384,DO,สาธารณรัฐโดมินิกัน,1C,ทวีปอเมริกาเหนือ,0.0,0.0
2021-06,2021,6,2,338,HR,โครเอเชีย,1B,ทวีปยุโรป,0.0,0.0
2021-06,2021,6,2,417,PE,เปรู,1D,ทวีปอเมริกาใต้,1801.0,0.0
2021-06,2021,6,2,295,QA,กาตาร์,1A,ทวีปเอเชีย,0.0,0.0
2021-06,2021,6,2,291,JO,จอร์แดน,1A,ทวีปเอเชีย,0.0,0.0
2021-06,2021,6,2,388,GT,กัวเตมาลา,1C,ทวีปอเมริกาเหนือ,0.0,0.0
2021-06,2021,6,2,443,GN,กินี,1E,ทวีปแอฟริกา,0.0,0.0
2021-06,2021,6,2,282,NP,เนปาล,1A,ทวีปเอเชีย,0.0,0.0
2021-06,2021,6,2,387,GP,กวาเดอลูป,1C,ทวีปอเมริกาเหนือ,0.0,0.0
2021-06,2021,6,2,287,CY,ไซปรัส,1A,ทวีปเอเชีย,0.0,0.0
2021-06,2021,6,2,498,PF,เฟรนช์โปลีนีเซีย,1F,ทวีปออสเตรเลีย,2065.0,0.0
2021-06,2021,6,2,420,SR,ซูรินาเม,1D,ทวีปอเมริกาใต้,0.0,0.0
2021-06,2021,6,2,469,SN,เซเนกัล,1E,ทวีปแอฟริกา,0.0,0.0
2021-06,2021,6,2,321,GR,กรีซ,1B,ทวีปยุโรป,0.0,0.0
2021-06,2021,6,2,363,LV,ลัตเวีย,1B,ทวีปยุโรป,0.0,0.0
2021-06,2021,6,2,286,BH,บาห์เรน,1A,ทวีปเอเชีย,0.0,0.0
2021-06,2021,6,2,390,HT,เฮติ,1C,ทวีปอเมริกาเหนือ,0.0,0.0
2021-06,2021,6,2,456,MU,มอริเชียส,1E,ทวีปแอฟริกา,0.0,0.0
2021-06,2021,6,2,294,OM,โอมาน,1A,ทวีปเอเชีย,0.0,0.0
2021-06,2021,6,2,289,IQ,อิรัก,1A,ทวีปเอเชีย,486.0,0.0
2021-06,2021,6,2,476,TZ,แทนซาเนีย,1E,ทวีปแอฟริกา,0.0,0.0
2021-06,2021,6,2,461,NG,ไนจีเรีย,1E,ทวีปแอฟริกา,243.0,0.0
2021-06,2021,6,2,447,KE,เคนยา,1E,ทวีปแอฟริกา,0.0,0.0
2021-06,2021,6,2,389,HN,ฮอนดูรัส,1C,ทวีปอเมริกาเหนือ,0.0,0.0
2021-06,2021,6,2,394,LC,เซนต์ลูเซีย,1C,ทวีปอเมริกาเหนือ,0.0,0.0
2021-06,2021,6,2,308,MO,มาเก๊า,1A,ทวีปเอเชีย,467.0,0.0
2021-06,2021,6,2,457,MW,มาลาวี,1E,ทวีปแอฟริกา,0.0,0.0
2021-06,2021,6,2,463,RE,เรอูนียง,1E,ทวีปแอฟริกา,0.0,0.0
2021-06,2021,6,2,481,ZW,ซิมบับเว,1E,ทวีปแอฟริกา,0.0,0.0
2021-07,2021,7,3,373,US,สหรัฐอเมริกา,1C,ทวีปอเมริกาเหนือ,2767166327.0,0.0
2021-07,2021,7,3,302,CN,จีน,1A,ทวีปเอเชีย,613693433.0,0.0
2021-07,2021,7,3,325,NL,เนเธอร์แลนด์,1B,ทวีปยุโรป,541072634.0,0.0
2021-07,2021,7,3,304,JP,ญี่ปุ่น,1A,ทวีปเอเชีย,425139691.0,0.0
2021-07,2021,7,3,323,IT,อิตาลี,1B,ทวีปยุโรป,185866926.0,0.0
2021-07,2021,7,3,303,HK,ฮ่องกง,1A,ทวีปเอเชีย,251637313.0,0.0
2021-07,2021,7,3,271,MY,มาเลเซีย,1A,ทวีปเอเชีย,204970563.0,0.0
2021-07,2021,7,3,372,MX,เม็กซิโก,1C,ทวีปอเมริกาเหนือ,232521404.0,0.0
2021-07,2021,7,3,273,SG,สิงคโปร์,1A,ทวีปเอเชีย,132583041.0,0.0
2021-07,2021,7,3,315,DE,เยอรมนี,1B,ทวีปยุโรป,128419835.0,0.0
2021-07,2021,7,3,309,TW,ไต้หวัน,1A,ทวีปเอเชีย,135147876.0,0.0
2021-07,2021,7,3,339,HU,ฮังการี,1B,ทวีปยุโรป,138600438.0,0.0
2021-07,2021,7,3,336,CZ,สาธารณรัฐเช็ก,1B,ทวีปยุโรป,120893128.0,0.0
2021-07,2021,7,3,279,IN,อินเดีย,1A,ทวีปเอเชีย,67281729.0,0.0
2021-07,2021,7,3,274,VN,เวียดนาม,1A,ทวีปเอเชีย,81809586.0,0.0
2021-07,2021,7,3,306,KR,เกาหลีใต้,1A,ทวีปเอเชีย,53637802.0,0.0
2021-07,2021,7,3,371,CA,แคนาดา,1C,ทวีปอเมริกาเหนือ,58507230.0,0.0
2021-07,2021,7,3,409,BR,บราซิล,1D,ทวีปอเมริกาใต้,40683549.0,0.0
2021-07,2021,7,3,268,KH,กัมพูชา,1A,ทวีปเอเชีย,41167601.0,0.0
2021-07,2021,7,3,320,GB,สหราชอาณาจักร,1B,ทวีปยุโรป,18776455.0,0.0
2021-07,2021,7,3,272,PH,ฟิลิปปินส์,1A,ทวีปเอเชีย,44055024.0,0.0
2021-07,2021,7,3,347,SK,สโลวาเกีย,1B,ทวีปยุโรป,33493950.0,0.0
2021-07,2021,7,3,269,LA,สปป. ลาว,1A,ทวีปเอเชีย,33115558.0,0.0
2021-07,2021,7,3,410,CL,ชิลี,1D,ทวีปอเมริกาใต้,88758.0,0.0
2021-07,2021,7,3,316,DK,เดนมาร์ก,1B,ทวีปยุโรป,29613462.0,0.0
2021-07,2021,7,3,267,ID,อินโดนีเซีย,1A,ทวีปเอเชีย,38190906.0,0.0
2021-07,2021,7,3,319,FR,ฝรั่งเศส,1B,ทวีปยุโรป,14754431.0,0.0
2021-07,2021,7,3,280,LK,ศรีลังกา,1A,ทวีปเอเชีย,64292687.0,0.0
2021-07,2021,7,3,270,MM,เมียนมา,1A,ทวีปเอเชีย,11860439.0,0.0
2021-07,2021,7,3,317,ES,สเปน,1B,ทวีปยุโรป,11775919.0,0.0
2021-07,2021,7,3,343,PL,โปแลนด์,1B,ทวีปยุโรป,8252814.0,0.0
2021-07,2021,7,3,483,AU,ออสเตรเลีย,1F,ทวีปออสเตรเลีย,17375577.0,0.0
2021-07,2021,7,3,344,RO,โรมาเนีย,1B,ทวีปยุโรป,14539076.0,0.0
2021-07,2021,7,3,327,SE,สวีเดน,1B,ทวีปยุโรป,12648070.0,0.0
2021-07,2021,7,3,298,TR,ตุรกี,1A,ทวีปเอเชีย,9430815.0,0.0
2021-07,2021,7,3,437,EG,อียิปต์,1E,ทวีปแอฟริกา,2764900.0,0.0
2021-07,2021,7,3,312,AT,ออสเตรีย,1B,ทวีปยุโรป,4786327.0,0.0
2021-07,2021,7,3,441,GH,กานา,1E,ทวีปแอฟริกา,1870585.0,0.0
2021-07,2021,7,3,346,SI,สโลวีเนีย,1B,ทวีปยุโรป,3135.0,0.0
2021-07,2021,7,3,283,PK,ปากีสถาน,1A,ทวีปเอเชีย,4945388.0,0.0
2021-07,2021,7,3,288,IL,อิสราเอล,1A,ทวีปเอเชีย,2675357.0,0.0
2021-07,2021,7,3,266,BN,บรูไน,1A,ทวีปเอเชีย,0.0,0.0
2021-07,2021,7,3,366,NO,นอร์เวย์,1B,ทวีปยุโรป,1317097.0,0.0
2021-07,2021,7,3,478,ZA,แอฟริกาใต้,1E,ทวีปแอฟริกา,366956.0,0.0
2021-07,2021,7,3,345,RU,รัสเซีย,1B,ทวีปยุโรป,302521.0,0.0
2021-07,2021,7,3,458,MZ,โมซัมบิก,1E,ทวีปแอฟริกา,0.0,0.0
2021-07,2021,7,3,356,CH,สวิตเซอร์แลนด์,1B,ทวีปยุโรป,2831784.0,0.0
2021-07,2021,7,3,322,IE,ไอร์แลนด์,1B,ทวีปยุโรป,5606125.0,0.0
2021-07,2021,7,3,326,PT,โปรตุเกส,1B,ทวีปยุโรป,1817923.0,0.0
2021-07,2021,7,3,313,BE,เบลเยียม,1B,ทวีปยุโรป,821499.0,0.0
2021-07,2021,7,3,285,AE,สหรัฐอาหรับเอมิเรตส์,1A,ทวีปเอเชีย,183178.0,0.0
2021-07,2021,7,3,407,AR,อาร์เจนตินา,1D,ทวีปอเมริกาใต้,320716.0,0.0
2021-07,2021,7,3,318,FI,ฟินแลนด์,1B,ทวีปยุโรป,914330.0,0.0
2021-07,2021,7,3,333,BG,บัลแกเรีย,1B,ทวีปยุโรป,702128.0,0.0
2021-07,2021,7,3,281,MV,มัลดีฟส์,1A,ทวีปเอเชีย,1470.0,0.0
2021-07,2021,7,3,300,YE,เยเมน,1A,ทวีปเอเชีย,0.0,0.0
2021-07,2021,7,3,357,EE,เอสโตเนีย,1B,ทวีปยุโรป,796865.0,0.0
2021-07,2021,7,3,497,NZ,นิวซีแลนด์,1F,ทวีปออสเตรเลีย,374793.0,0.0
2021-07,2021,7,3,411,CO,โคลอมเบีย,1D,ทวีปอเมริกาใต้,369549.0,0.0
2021-07,2021,7,3,277,BD,บังกลาเทศ,1A,ทวีปเอเชีย,0.0,0.0
2021-07,2021,7,3,454,ML,มาลี,1E,ทวีปแอฟริกา,0.0,0.0
2021-07,2021,7,3,436,DZ,แอลจีเรีย,1E,ทวีปแอฟริกา,204297.0,0.0
2021-07,2021,7,3,362,LT,ลิทัวเนีย,1B,ทวีปยุโรป,189856.0,0.0
2021-07,2021,7,3,431,CI,โกตดิวัวร์,1E,ทวีปแอฟริกา,0.0,0.0
2021-07,2021,7,3,398,PR,เปอร์โตริโก,1C,ทวีปอเมริกาเหนือ,414845.0,0.0
2021-07,2021,7,3,383,DM,โดมินิกา,1C,ทวีปอเมริกาเหนือ,400460.0,0.0
2021-07,2021,7,3,292,KW,คูเวต,1A,ทวีปเอเชีย,0.0,0.0
2021-07,2021,7,3,278,BT,ภูฎาน,1A,ทวีปเอเชีย,0.0,0.0
2021-07,2021,7,3,452,MA,โมร็อกโก,1E,ทวีปแอฟริกา,0.0,0.0
2021-07,2021,7,3,296,SA,ซาอุดีอาระเบีย,1A,ทวีปเอเชีย,225571.0,0.0
2021-07,2021,7,3,499,PG,ปาปัวนิวกินี,1F,ทวีปออสเตรเลีย,25408.0,0.0
2021-07,2021,7,3,282,NP,เนปาล,1A,ทวีปเอเชีย,283745.0,0.0
2021-07,2021,7,3,425,BF,บูร์กินาฟาโซ,1E,ทวีปแอฟริกา,11907.0,0.0
2021-07,2021,7,3,293,LB,เลบานอน,1A,ทวีปเอเชีย,0.0,0.0
2021-07,2021,7,3,321,GR,กรีซ,1B,ทวีปยุโรป,262241.0,0.0
2021-07,2021,7,3,351,UA,ยูเครน,1B,ทวีปยุโรป,0.0,0.0
2021-07,2021,7,3,453,MG,มาดากัสการ์,1E,ทวีปแอฟริกา,143602.0,0.0
2021-07,2021,7,3,475,TN,ตูนิเซีย,1E,ทวีปแอฟริกา,66866.0,0.0
2021-07,2021,7,3,493,NC,นิวแคลีโดเนีย,1F,ทวีปออสเตรเลีย,0.0,0.0
2021-07,2021,7,3,421,UY,อุรุกวัย,1D,ทวีปอเมริกาใต้,0.0,0.0
2021-07,2021,7,3,412,EC,เอกวาดอร์,1D,ทวีปอเมริกาใต้,0.0,0.0
2021-07,2021,7,3,563,RS,เซอร์เบีย,1B,ทวีปยุโรป,0.0,0.0
2021-07,2021,7,3,290,IR,อิหร่าน,1A,ทวีปเอเชีย,0.0,0.0
2021-07,2021,7,3,486,FJ,ฟิจิ,1F,ทวีปออสเตรเลีย,0.0,0.0
2021-07,2021,7,3,384,DO,สาธารณรัฐโดมินิกัน,1C,ทวีปอเมริกาเหนือ,0.0,0.0
2021-07,2021,7,3,338,HR,โครเอเชีย,1B,ทวีปยุโรป,0.0,0.0
2021-07,2021,7,3,417,PE,เปรู,1D,ทวีปอเมริกาใต้,0.0,0.0
2021-07,2021,7,3,295,QA,กาตาร์,1A,ทวีปเอเชีย,0.0,0.0
2021-07,2021,7,3,291,JO,จอร์แดน,1A,ทวีปเอเชีย,0.0,0.0
2021-07,2021,7,3,388,GT,กัวเตมาลา,1C,ทวีปอเมริกาเหนือ,0.0,0.0
2021-07,2021,7,3,443,GN,กินี,1E,ทวีปแอฟริกา,0.0,0.0
2021-07,2021,7,3,387,GP,กวาเดอลูป,1C,ทวีปอเมริกาเหนือ,0.0,0.0
2021-07,2021,7,3,287,CY,ไซปรัส,1A,ทวีปเอเชีย,0.0,0.0
2021-07,2021,7,3,498,PF,เฟรนช์โปลีนีเซีย,1F,ทวีปออสเตรเลีย,0.0,0.0
2021-07,2021,7,3,420,SR,ซูรินาเม,1D,ทวีปอเมริกาใต้,0.0,0.0
2021-07,2021,7,3,461,NG,ไนจีเรีย,1E,ทวีปแอฟริกา,6257.0,0.0
2021-07,2021,7,3,469,SN,เซเนกัล,1E,ทวีปแอฟริกา,0.0,0.0
2021-07,2021,7,3,363,LV,ลัตเวีย,1B,ทวีปยุโรป,0.0,0.0
2021-07,2021,7,3,286,BH,บาห์เรน,1A,ทวีปเอเชีย,0.0,0.0
2021-07,2021,7,3,484,CK,หมู่เกาะดุก,1F,ทวีปออสเตรเลีย,2804.0,0.0
2021-07,2021,7,3,390,HT,เฮติ,1C,ทวีปอเมริกาเหนือ,0.0,0.0
2021-07,2021,7,3,438,ET,เอธิโอเปีย,1E,ทวีปแอฟริกา,1990.0,0.0
2021-07,2021,7,3,456,MU,มอริเชียส,1E,ทวีปแอฟริกา,0.0,0.0
2021-07,2021,7,3,294,OM,โอมาน,1A,ทวีปเอเชีย,0.0,0.0
2021-07,2021,7,3,476,TZ,แทนซาเนีย,1E,ทวีปแอฟริกา,488.0,0.0
2021-07,2021,7,3,289,IQ,อิรัก,1A,ทวีปเอเชีย,0.0,0.0
2021-07,2021,7,3,447,KE,เคนยา,1E,ทวีปแอฟริกา,0.0,0.0
2021-07,2021,7,3,389,HN,ฮอนดูรัส,1C,ทวีปอเมริกาเหนือ,0.0,0.0
2021-07,2021,7,3,394,LC,เซนต์ลูเซีย,1C,ทวีปอเมริกาเหนือ,0.0,0.0
2021-07,2021,7,3,451,LY,ลิเบีย,1E,ทวีปแอฟริกา,488.0,0.0
2021-07,2021,7,3,308,MO,มาเก๊า,1A,ทวีปเอเชีย,0.0,0.0
2021-07,2021,7,3,457,MW,มาลาวี,1E,ทวีปแอฟริกา,0.0,0.0
2021-07,2021,7,3,463,RE,เรอูนียง,1E,ทวีปแอฟริกา,0.0,0.0
2021-07,2021,7,3,481,ZW,ซิมบับเว,1E,ทวีปแอฟริกา,0.0,0.0
2021-08,2021,8,3,373,US,สหรัฐอเมริกา,1C,ทวีปอเมริกาเหนือ,2382907085.0,0.0
2021-08,2021,8,3,302,CN,จีน,1A,ทวีปเอเชีย,527546537.0,0.0
2021-08,2021,8,3,325,NL,เนเธอร์แลนด์,1B,ทวีปยุโรป,523852567.0,0.0
2021-08,2021,8,3,304,JP,ญี่ปุ่น,1A,ทวีปเอเชีย,469612434.0,0.0
2021-08,2021,8,3,303,HK,ฮ่องกง,1A,ทวีปเอเชีย,361277915.0,0.0
2021-08,2021,8,3,323,IT,อิตาลี,1B,ทวีปยุโรป,240534807.0,0.0
2021-08,2021,8,3,372,MX,เม็กซิโก,1C,ทวีปอเมริกาเหนือ,251144877.0,0.0
2021-08,2021,8,3,271,MY,มาเลเซีย,1A,ทวีปเอเชีย,235382903.0,0.0
2021-08,2021,8,3,273,SG,สิงคโปร์,1A,ทวีปเอเชีย,159478781.0,0.0
2021-08,2021,8,3,315,DE,เยอรมนี,1B,ทวีปยุโรป,204528381.0,0.0
2021-08,2021,8,3,309,TW,ไต้หวัน,1A,ทวีปเอเชีย,139016032.0,0.0
2021-08,2021,8,3,339,HU,ฮังการี,1B,ทวีปยุโรป,103269583.0,0.0
2021-08,2021,8,3,336,CZ,สาธารณรัฐเช็ก,1B,ทวีปยุโรป,105141865.0,0.0
2021-08,2021,8,3,279,IN,อินเดีย,1A,ทวีปเอเชีย,71258627.0,0.0
2021-08,2021,8,3,274,VN,เวียดนาม,1A,ทวีปเอเชีย,81831268.0,0.0
2021-08,2021,8,3,306,KR,เกาหลีใต้,1A,ทวีปเอเชีย,29217286.0,0.0
2021-08,2021,8,3,409,BR,บราซิล,1D,ทวีปอเมริกาใต้,53489907.0,0.0
2021-08,2021,8,3,371,CA,แคนาดา,1C,ทวีปอเมริกาเหนือ,42033846.0,0.0
2021-08,2021,8,3,268,KH,กัมพูชา,1A,ทวีปเอเชีย,26476573.0,0.0
2021-08,2021,8,3,320,GB,สหราชอาณาจักร,1B,ทวีปยุโรป,26764461.0,0.0
2021-08,2021,8,3,347,SK,สโลวาเกีย,1B,ทวีปยุโรป,40351373.0,0.0
2021-08,2021,8,3,272,PH,ฟิลิปปินส์,1A,ทวีปเอเชีย,10991419.0,0.0
2021-08,2021,8,3,269,LA,สปป. ลาว,1A,ทวีปเอเชีย,42833257.0,0.0
2021-08,2021,8,3,410,CL,ชิลี,1D,ทวีปอเมริกาใต้,51256.0,0.0
2021-08,2021,8,3,316,DK,เดนมาร์ก,1B,ทวีปยุโรป,22652066.0,0.0
2021-08,2021,8,3,267,ID,อินโดนีเซีย,1A,ทวีปเอเชีย,13369735.0,0.0
2021-08,2021,8,3,319,FR,ฝรั่งเศส,1B,ทวีปยุโรป,19747647.0,0.0
2021-08,2021,8,3,270,MM,เมียนมา,1A,ทวีปเอเชีย,15039373.0,0.0
2021-08,2021,8,3,280,LK,ศรีลังกา,1A,ทวีปเอเชีย,397411.0,0.0
2021-08,2021,8,3,317,ES,สเปน,1B,ทวีปยุโรป,23112692.0,0.0
2021-08,2021,8,3,483,AU,ออสเตรเลีย,1F,ทวีปออสเตรเลีย,20600412.0,0.0
2021-08,2021,8,3,343,PL,โปแลนด์,1B,ทวีปยุโรป,11149480.0,0.0
2021-08,2021,8,3,344,RO,โรมาเนีย,1B,ทวีปยุโรป,14005050.0,0.0
2021-08,2021,8,3,327,SE,สวีเดน,1B,ทวีปยุโรป,4031985.0,0.0
2021-08,2021,8,3,298,TR,ตุรกี,1A,ทวีปเอเชีย,8700895.0,0.0
2021-08,2021,8,3,437,EG,อียิปต์,1E,ทวีปแอฟริกา,5698776.0,0.0
2021-08,2021,8,3,312,AT,ออสเตรีย,1B,ทวีปยุโรป,7190624.0,0.0
2021-08,2021,8,3,441,GH,กานา,1E,ทวีปแอฟริกา,0.0,0.0
2021-08,2021,8,3,283,PK,ปากีสถาน,1A,ทวีปเอเชีย,3342890.0,0.0
2021-08,2021,8,3,346,SI,สโลวีเนีย,1B,ทวีปยุโรป,5534.0,0.0
2021-08,2021,8,3,266,BN,บรูไน,1A,ทวีปเอเชีย,5176615.0,0.0
2021-08,2021,8,3,288,IL,อิสราเอล,1A,ทวีปเอเชีย,2085534.0,0.0
2021-08,2021,8,3,366,NO,นอร์เวย์,1B,ทวีปยุโรป,418266.0,0.0
2021-08,2021,8,3,478,ZA,แอฟริกาใต้,1E,ทวีปแอฟริกา,1635457.0,0.0
2021-08,2021,8,3,356,CH,สวิตเซอร์แลนด์,1B,ทวีปยุโรป,2641009.0,0.0
2021-08,2021,8,3,345,RU,รัสเซีย,1B,ทวีปยุโรป,978674.0,0.0
2021-08,2021,8,3,458,MZ,โมซัมบิก,1E,ทวีปแอฟริกา,0.0,0.0
2021-08,2021,8,3,322,IE,ไอร์แลนด์,1B,ทวีปยุโรป,452091.0,0.0
2021-08,2021,8,3,313,BE,เบลเยียม,1B,ทวีปยุโรป,1912182.0,0.0
2021-08,2021,8,3,326,PT,โปรตุเกส,1B,ทวีปยุโรป,829594.0,0.0
2021-08,2021,8,3,285,AE,สหรัฐอาหรับเอมิเรตส์,1A,ทวีปเอเชีย,1097434.0,0.0
2021-08,2021,8,3,407,AR,อาร์เจนตินา,1D,ทวีปอเมริกาใต้,1592333.0,0.0
2021-08,2021,8,3,318,FI,ฟินแลนด์,1B,ทวีปยุโรป,1812335.0,0.0
2021-08,2021,8,3,333,BG,บัลแกเรีย,1B,ทวีปยุโรป,132478.0,0.0
2021-08,2021,8,3,281,MV,มัลดีฟส์,1A,ทวีปเอเชีย,0.0,0.0
2021-08,2021,8,3,300,YE,เยเมน,1A,ทวีปเอเชีย,0.0,0.0
2021-08,2021,8,3,357,EE,เอสโตเนีย,1B,ทวีปยุโรป,628223.0,0.0
2021-08,2021,8,3,277,BD,บังกลาเทศ,1A,ทวีปเอเชีย,685156.0,0.0
2021-08,2021,8,3,497,NZ,นิวซีแลนด์,1F,ทวีปออสเตรเลีย,318647.0,0.0
2021-08,2021,8,3,411,CO,โคลอมเบีย,1D,ทวีปอเมริกาใต้,122566.0,0.0
2021-08,2021,8,3,362,LT,ลิทัวเนีย,1B,ทวีปยุโรป,103022.0,0.0
2021-08,2021,8,3,292,KW,คูเวต,1A,ทวีปเอเชีย,1243408.0,0.0
2021-08,2021,8,3,454,ML,มาลี,1E,ทวีปแอฟริกา,0.0,0.0
2021-08,2021,8,3,436,DZ,แอลจีเรีย,1E,ทวีปแอฟริกา,0.0,0.0
2021-08,2021,8,3,431,CI,โกตดิวัวร์,1E,ทวีปแอฟริกา,117358.0,0.0
2021-08,2021,8,3,398,PR,เปอร์โตริโก,1C,ทวีปอเมริกาเหนือ,0.0,0.0
2021-08,2021,8,3,383,DM,โดมินิกา,1C,ทวีปอเมริกาเหนือ,208346.0,0.0
2021-08,2021,8,3,499,PG,ปาปัวนิวกินี,1F,ทวีปออสเตรเลีย,359463.0,0.0
2021-08,2021,8,3,278,BT,ภูฎาน,1A,ทวีปเอเชีย,151940.0,0.0
2021-08,2021,8,3,452,MA,โมร็อกโก,1E,ทวีปแอฟริกา,0.0,0.0
2021-08,2021,8,3,296,SA,ซาอุดีอาระเบีย,1A,ทวีปเอเชีย,1954.0,0.0
2021-08,2021,8,3,475,TN,ตูนิเซีย,1E,ทวีปแอฟริกา,194672.0,0.0
2021-08,2021,8,3,282,NP,เนปาล,1A,ทวีปเอเชีย,0.0,0.0
2021-08,2021,8,3,425,BF,บูร์กินาฟาโซ,1E,ทวีปแอฟริกา,0.0,0.0
2021-08,2021,8,3,308,MO,มาเก๊า,1A,ทวีปเอเชีย,287127.0,0.0
2021-08,2021,8,3,293,LB,เลบานอน,1A,ทวีปเอเชีย,0.0,0.0
2021-08,2021,8,3,321,GR,กรีซ,1B,ทวีปยุโรป,0.0,0.0
2021-08,2021,8,3,351,UA,ยูเครน,1B,ทวีปยุโรป,0.0,0.0
2021-08,2021,8,3,453,MG,มาดากัสการ์,1E,ทวีปแอฟริกา,10222.0,0.0
2021-08,2021,8,3,412,EC,เอกวาดอร์,1D,ทวีปอเมริกาใต้,34602.0,0.0
2021-08,2021,8,3,493,NC,นิวแคลีโดเนีย,1F,ทวีปออสเตรเลีย,0.0,0.0
2021-08,2021,8,3,421,UY,อุรุกวัย,1D,ทวีปอเมริกาใต้,0.0,0.0
2021-08,2021,8,3,563,RS,เซอร์เบีย,1B,ทวีปยุโรป,0.0,0.0
2021-08,2021,8,3,417,PE,เปรู,1D,ทวีปอเมริกาใต้,42798.0,0.0
2021-08,2021,8,3,384,DO,สาธารณรัฐโดมินิกัน,1C,ทวีปอเมริกาเหนือ,28596.0,0.0
2021-08,2021,8,3,486,FJ,ฟิจิ,1F,ทวีปออสเตรเลีย,1628.0,0.0
2021-08,2021,8,3,290,IR,อิหร่าน,1A,ทวีปเอเชีย,0.0,0.0
2021-08,2021,8,3,338,HR,โครเอเชีย,1B,ทวีปยุโรป,0.0,0.0
2021-08,2021,8,3,295,QA,กาตาร์,1A,ทวีปเอเชีย,1807.0,0.0
2021-08,2021,8,3,291,JO,จอร์แดน,1A,ทวีปเอเชีย,0.0,0.0
2021-08,2021,8,3,388,GT,กัวเตมาลา,1C,ทวีปอเมริกาเหนือ,0.0,0.0
2021-08,2021,8,3,443,GN,กินี,1E,ทวีปแอฟริกา,0.0,0.0
2021-08,2021,8,3,387,GP,กวาเดอลูป,1C,ทวีปอเมริกาเหนือ,0.0,0.0
2021-08,2021,8,3,287,CY,ไซปรัส,1A,ทวีปเอเชีย,0.0,0.0
2021-08,2021,8,3,498,PF,เฟรนช์โปลีนีเซีย,1F,ทวีปออสเตรเลีย,0.0,0.0
2021-08,2021,8,3,420,SR,ซูรินาเม,1D,ทวีปอเมริกาใต้,0.0,0.0
2021-08,2021,8,3,324,LU,ลักเซมเบิร์ก,1B,ทวีปยุโรป,7449.0,0.0
2021-08,2021,8,3,432,CM,แคเมอรูน,1E,ทวีปแอฟริกา,7357.0,0.0
2021-08,2021,8,3,461,NG,ไนจีเรีย,1E,ทวีปแอฟริกา,0.0,0.0
2021-08,2021,8,3,469,SN,เซเนกัล,1E,ทวีปแอฟริกา,0.0,0.0
2021-08,2021,8,3,332,AZ,อาเซอร์ไบจาน,1A,ทวีปเอเชีย,6641.0,0.0
2021-08,2021,8,3,286,BH,บาห์เรน,1A,ทวีปเอเชีย,1207.0,0.0
2021-08,2021,8,3,363,LV,ลัตเวีย,1B,ทวีปยุโรป,619.0,0.0
2021-08,2021,8,3,484,CK,หมู่เกาะดุก,1F,ทวีปออสเตรเลีย,0.0,0.0
2021-08,2021,8,3,390,HT,เฮติ,1C,ทวีปอเมริกาเหนือ,0.0,0.0
2021-08,2021,8,3,438,ET,เอธิโอเปีย,1E,ทวีปแอฟริกา,0.0,0.0
2021-08,2021,8,3,476,TZ,แทนซาเนีย,1E,ทวีปแอฟริกา,508.0,0.0
2021-08,2021,8,3,456,MU,มอริเชียส,1E,ทวีปแอฟริกา,16.0,0.0
2021-08,2021,8,3,294,OM,โอมาน,1A,ทวีปเอเชีย,0.0,0.0
2021-08,2021,8,3,447,KE,เคนยา,1E,ทวีปแอฟริกา,508.0,0.0
2021-08,2021,8,3,419,PY,ปารากวัย,1D,ทวีปอเมริกาใต้,1072.0,0.0
2021-08,2021,8,3,289,IQ,อิรัก,1A,ทวีปเอเชีย,254.0,0.0
2021-08,2021,8,3,389,HN,ฮอนดูรัส,1C,ทวีปอเมริกาเหนือ,0.0,0.0
2021-08,2021,8,3,394,LC,เซนต์ลูเซีย,1C,ทวีปอเมริกาเหนือ,0.0,0.0
2021-08,2021,8,3,451,LY,ลิเบีย,1E,ทวีปแอฟริกา,0.0,0.0
2021-08,2021,8,3,457,MW,มาลาวี,1E,ทวีปแอฟริกา,0.0,0.0
2021-08,2021,8,3,463,RE,เรอูนียง,1E,ทวีปแอฟริกา,0.0,0.0
2021-08,2021,8,3,481,ZW,ซิมบับเว,1E,ทวีปแอฟริกา,0.0,0.0
2021-09,2021,9,3,373,US,สหรัฐอเมริกา,1C,ทวีปอเมริกาเหนือ,2688958239.0,0.0
2021-09,2021,9,3,302,CN,จีน,1A,ทวีปเอเชีย,629829973.0,0.0
2021-09,2021,9,3,325,NL,เนเธอร์แลนด์,1B,ทวีปยุโรป,523744171.0,0.0
2021-09,2021,9,3,304,JP,ญี่ปุ่น,1A,ทวีปเอเชีย,590840884.0,0.0
2021-09,2021,9,3,303,HK,ฮ่องกง,1A,ทวีปเอเชีย,189217931.0,0.0
2021-09,2021,9,3,323,IT,อิตาลี,1B,ทวีปยุโรป,244970335.0,0.0
2021-09,2021,9,3,372,MX,เม็กซิโก,1C,ทวีปอเมริกาเหนือ,248901152.0,0.0
2021-09,2021,9,3,271,MY,มาเลเซีย,1A,ทวีปเอเชีย,215655174.0,0.0
2021-09,2021,9,3,273,SG,สิงคโปร์,1A,ทวีปเอเชีย,114218235.0,0.0
2021-09,2021,9,3,315,DE,เยอรมนี,1B,ทวีปยุโรป,116725432.0,0.0
2021-09,2021,9,3,309,TW,ไต้หวัน,1A,ทวีปเอเชีย,173844067.0,0.0
2021-09,2021,9,3,339,HU,ฮังการี,1B,ทวีปยุโรป,71032894.0,0.0
2021-09,2021,9,3,336,CZ,สาธารณรัฐเช็ก,1B,ทวีปยุโรป,106653795.0,0.0
2021-09,2021,9,3,279,IN,อินเดีย,1A,ทวีปเอเชีย,86976478.0,0.0
2021-09,2021,9,3,274,VN,เวียดนาม,1A,ทวีปเอเชีย,82047255.0,0.0
2021-09,2021,9,3,306,KR,เกาหลีใต้,1A,ทวีปเอเชีย,30194327.0,0.0
2021-09,2021,9,3,371,CA,แคนาดา,1C,ทวีปอเมริกาเหนือ,29338952.0,0.0
2021-09,2021,9,3,268,KH,กัมพูชา,1A,ทวีปเอเชีย,80182230.0,0.0
2021-09,2021,9,3,409,BR,บราซิล,1D,ทวีปอเมริกาใต้,7288922.0,0.0
2021-09,2021,9,3,320,GB,สหราชอาณาจักร,1B,ทวีปยุโรป,17645323.0,0.0
2021-09,2021,9,3,272,PH,ฟิลิปปินส์,1A,ทวีปเอเชีย,67652551.0,0.0
2021-09,2021,9,3,347,SK,สโลวาเกีย,1B,ทวีปยุโรป,51408067.0,0.0
2021-09,2021,9,3,269,LA,สปป. ลาว,1A,ทวีปเอเชีย,18142632.0,0.0
2021-09,2021,9,3,316,DK,เดนมาร์ก,1B,ทวีปยุโรป,32500244.0,0.0
2021-09,2021,9,3,267,ID,อินโดนีเซีย,1A,ทวีปเอเชีย,27220606.0,0.0
2021-09,2021,9,3,410,CL,ชิลี,1D,ทวีปอเมริกาใต้,9594.0,0.0
2021-09,2021,9,3,319,FR,ฝรั่งเศส,1B,ทวีปยุโรป,23225872.0,0.0
2021-09,2021,9,3,317,ES,สเปน,1B,ทวีปยุโรป,22746911.0,0.0
2021-09,2021,9,3,270,MM,เมียนมา,1A,ทวีปเอเชีย,14505544.0,0.0
2021-09,2021,9,3,483,AU,ออสเตรเลีย,1F,ทวีปออสเตรเลีย,13094097.0,0.0
2021-09,2021,9,3,343,PL,โปแลนด์,1B,ทวีปยุโรป,19217702.0,0.0
2021-09,2021,9,3,280,LK,ศรีลังกา,1A,ทวีปเอเชีย,206944.0,0.0
2021-09,2021,9,3,344,RO,โรมาเนีย,1B,ทวีปยุโรป,13630581.0,0.0
2021-09,2021,9,3,327,SE,สวีเดน,1B,ทวีปยุโรป,4752795.0,0.0
2021-09,2021,9,3,298,TR,ตุรกี,1A,ทวีปเอเชีย,9383925.0,0.0
2021-09,2021,9,3,441,GH,กานา,1E,ทวีปแอฟริกา,26584978.0,0.0
2021-09,2021,9,3,312,AT,ออสเตรีย,1B,ทวีปยุโรป,10664923.0,0.0
2021-09,2021,9,3,437,EG,อียิปต์,1E,ทวีปแอฟริกา,328997.0,0.0
2021-09,2021,9,3,266,BN,บรูไน,1A,ทวีปเอเชีย,16284201.0,0.0
2021-09,2021,9,3,283,PK,ปากีสถาน,1A,ทวีปเอเชีย,3860118.0,0.0
2021-09,2021,9,3,346,SI,สโลวีเนีย,1B,ทวีปยุโรป,69812.0,0.0
2021-09,2021,9,3,288,IL,อิสราเอล,1A,ทวีปเอเชีย,1731501.0,0.0
2021-09,2021,9,3,356,CH,สวิตเซอร์แลนด์,1B,ทวีปยุโรป,3097216.0,0.0
2021-09,2021,9,3,478,ZA,แอฟริกาใต้,1E,ทวีปแอฟริกา,950826.0,0.0
2021-09,2021,9,3,366,NO,นอร์เวย์,1B,ทวีปยุโรป,51440.0,0.0
2021-09,2021,9,3,345,RU,รัสเซีย,1B,ทวีปยุโรป,831751.0,0.0
2021-09,2021,9,3,458,MZ,โมซัมบิก,1E,ทวีปแอฟริกา,186785.0,0.0
2021-09,2021,9,3,313,BE,เบลเยียม,1B,ทวีปยุโรป,626758.0,0.0
2021-09,2021,9,3,326,PT,โปรตุเกส,1B,ทวีปยุโรป,1678745.0,0.0
2021-09,2021,9,3,322,IE,ไอร์แลนด์,1B,ทวีปยุโรป,37901.0,0.0
2021-09,2021,9,3,285,AE,สหรัฐอาหรับเอมิเรตส์,1A,ทวีปเอเชีย,59289.0,0.0
2021-09,2021,9,3,407,AR,อาร์เจนตินา,1D,ทวีปอเมริกาใต้,724254.0,0.0
2021-09,2021,9,3,318,FI,ฟินแลนด์,1B,ทวีปยุโรป,657369.0,0.0
2021-09,2021,9,3,281,MV,มัลดีฟส์,1A,ทวีปเอเชีย,2366190.0,0.0
2021-09,2021,9,3,357,EE,เอสโตเนีย,1B,ทวีปยุโรป,1968903.0,0.0
2021-09,2021,9,3,333,BG,บัลแกเรีย,1B,ทวีปยุโรป,127742.0,0.0
2021-09,2021,9,3,431,CI,โกตดิวัวร์,1E,ทวีปแอฟริกา,2235646.0,0.0
2021-09,2021,9,3,300,YE,เยเมน,1A,ทวีปเอเชีย,0.0,0.0
2021-09,2021,9,3,397,PA,ปานามา,1C,ทวีปอเมริกาเหนือ,3604688.0,0.0
2021-09,2021,9,3,497,NZ,นิวซีแลนด์,1F,ทวีปออสเตรเลีย,397150.0,0.0
2021-09,2021,9,3,277,BD,บังกลาเทศ,1A,ทวีปเอเชีย,68518.0,0.0
2021-09,2021,9,3,362,LT,ลิทัวเนีย,1B,ทวีปยุโรป,423754.0,0.0
2021-09,2021,9,3,411,CO,โคลอมเบีย,1D,ทวีปอเมริกาใต้,0.0,0.0
2021-09,2021,9,3,292,KW,คูเวต,1A,ทวีปเอเชีย,0.0,0.0
2021-09,2021,9,3,454,ML,มาลี,1E,ทวีปแอฟริกา,4060.0,0.0
2021-09,2021,9,3,436,DZ,แอลจีเรีย,1E,ทวีปแอฟริกา,0.0,0.0
2021-09,2021,9,3,398,PR,เปอร์โตริโก,1C,ทวีปอเมริกาเหนือ,0.0,0.0
2021-09,2021,9,3,383,DM,โดมินิกา,1C,ทวีปอเมริกาเหนือ,91837.0,0.0
2021-09,2021,9,3,499,PG,ปาปัวนิวกินี,1F,ทวีปออสเตรเลีย,0.0,0.0
2021-09,2021,9,3,308,MO,มาเก๊า,1A,ทวีปเอเชีย,425550.0,0.0
2021-09,2021,9,3,278,BT,ภูฎาน,1A,ทวีปเอเชีย,0.0,0.0
2021-09,2021,9,3,452,MA,โมร็อกโก,1E,ทวีปแอฟริกา,0.0,0.0
2021-09,2021,9,3,296,SA,ซาอุดีอาระเบีย,1A,ทวีปเอเชีย,12183.0,0.0
2021-09,2021,9,3,475,TN,ตูนิเซีย,1E,ทวีปแอฟริกา,0.0,0.0
2021-09,2021,9,3,282,NP,เนปาล,1A,ทวีปเอเชีย,0.0,0.0
2021-09,2021,9,3,425,BF,บูร์กินาฟาโซ,1E,ทวีปแอฟริกา,0.0,0.0
2021-09,2021,9,3,384,DO,สาธารณรัฐโดมินิกัน,1C,ทวีปอเมริกาเหนือ,211302.0,0.0
2021-09,2021,9,3,293,LB,เลบานอน,1A,ทวีปเอเชีย,0.0,0.0
2021-09,2021,9,3,321,GR,กรีซ,1B,ทวีปยุโรป,0.0,0.0
2021-09,2021,9,3,351,UA,ยูเครน,1B,ทวีปยุโรป,0.0,0.0
2021-09,2021,9,3,453,MG,มาดากัสการ์,1E,ทวีปแอฟริกา,0.0,0.0
2021-09,2021,9,3,412,EC,เอกวาดอร์,1D,ทวีปอเมริกาใต้,0.0,0.0
2021-09,2021,9,3,493,NC,นิวแคลีโดเนีย,1F,ทวีปออสเตรเลีย,0.0,0.0
2021-09,2021,9,3,421,UY,อุรุกวัย,1D,ทวีปอเมริกาใต้,0.0,0.0
2021-09,2021,9,3,417,PE,เปรู,1D,ทวีปอเมริกาใต้,25241.0,0.0
2021-09,2021,9,3,563,RS,เซอร์เบีย,1B,ทวีปยุโรป,0.0,0.0
2021-09,2021,9,3,486,FJ,ฟิจิ,1F,ทวีปออสเตรเลีย,0.0,0.0
2021-09,2021,9,3,290,IR,อิหร่าน,1A,ทวีปเอเชีย,0.0,0.0
2021-09,2021,9,3,338,HR,โครเอเชีย,1B,ทวีปยุโรป,0.0,0.0
2021-09,2021,9,3,295,QA,กาตาร์,1A,ทวีปเอเชีย,0.0,0.0
2021-09,2021,9,3,447,KE,เคนยา,1E,ทวีปแอฟริกา,26340.0,0.0
2021-09,2021,9,3,291,JO,จอร์แดน,1A,ทวีปเอเชีย,0.0,0.0
2021-09,2021,9,3,388,GT,กัวเตมาลา,1C,ทวีปอเมริกาเหนือ,0.0,0.0
2021-09,2021,9,3,443,GN,กินี,1E,ทวีปแอฟริกา,0.0,0.0
2021-09,2021,9,3,387,GP,กวาเดอลูป,1C,ทวีปอเมริกาเหนือ,0.0,0.0
2021-09,2021,9,3,287,CY,ไซปรัส,1A,ทวีปเอเชีย,0.0,0.0
2021-09,2021,9,3,498,PF,เฟรนช์โปลีนีเซีย,1F,ทวีปออสเตรเลีย,0.0,0.0
2021-09,2021,9,3,456,MU,มอริเชียส,1E,ทวีปแอฟริกา,10831.0,0.0
2021-09,2021,9,3,420,SR,ซูรินาเม,1D,ทวีปอเมริกาใต้,0.0,0.0
2021-09,2021,9,3,476,TZ,แทนซาเนีย,1E,ทวีปแอฟริกา,6294.0,0.0
2021-09,2021,9,3,324,LU,ลักเซมเบิร์ก,1B,ทวีปยุโรป,0.0,0.0
2021-09,2021,9,3,432,CM,แคเมอรูน,1E,ทวีปแอฟริกา,0.0,0.0
2021-09,2021,9,3,461,NG,ไนจีเรีย,1E,ทวีปแอฟริกา,258.0,0.0
2021-09,2021,9,3,469,SN,เซเนกัล,1E,ทวีปแอฟริกา,0.0,0.0
2021-09,2021,9,3,332,AZ,อาเซอร์ไบจาน,1A,ทวีปเอเชีย,0.0,0.0
2021-09,2021,9,3,389,HN,ฮอนดูรัส,1C,ทวีปอเมริกาเหนือ,5496.0,0.0
2021-09,2021,9,3,286,BH,บาห์เรน,1A,ทวีปเอเชีย,0.0,0.0
2021-09,2021,9,3,363,LV,ลัตเวีย,1B,ทวีปยุโรป,0.0,0.0
2021-09,2021,9,3,484,CK,หมู่เกาะดุก,1F,ทวีปออสเตรเลีย,0.0,0.0
2021-09,2021,9,3,390,HT,เฮติ,1C,ทวีปอเมริกาเหนือ,0.0,0.0
2021-09,2021,9,3,438,ET,เอธิโอเปีย,1E,ทวีปแอฟริกา,0.0,0.0
2021-09,2021,9,3,294,OM,โอมาน,1A,ทวีปเอเชีย,264.0,0.0
2021-09,2021,9,3,419,PY,ปารากวัย,1D,ทวีปอเมริกาใต้,0.0,0.0
2021-09,2021,9,3,289,IQ,อิรัก,1A,ทวีปเอเชีย,0.0,0.0
2021-09,2021,9,3,394,LC,เซนต์ลูเซีย,1C,ทวีปอเมริกาเหนือ,0.0,0.0
2021-09,2021,9,3,463,RE,เรอูนียง,1E,ทวีปแอฟริกา,258.0,0.0
2021-09,2021,9,3,451,LY,ลิเบีย,1E,ทวีปแอฟริกา,0.0,0.0
2021-09,2021,9,3,457,MW,มาลาวี,1E,ทวีปแอฟริกา,0.0,0.0
2021-09,2021,9,3,481,ZW,ซิมบับเว,1E,ทวีปแอฟริกา,0.0,0.0
2021-10,2021,10,4,373,US,สหรัฐอเมริกา,1C,ทวีปอเมริกาเหนือ,2112008199.0,0.0
2021-10,2021,10,4,302,CN,จีน,1A,ทวีปเอเชีย,687893131.0,0.0
2021-10,2021,10,4,325,NL,เนเธอร์แลนด์,1B,ทวีปยุโรป,595642954.0,0.0
2021-10,2021,10,4,304,JP,ญี่ปุ่น,1A,ทวีปเอเชีย,413263235.0,0.0
2021-10,2021,10,4,323,IT,อิตาลี,1B,ทวีปยุโรป,316199962.0,0.0
2021-10,2021,10,4,303,HK,ฮ่องกง,1A,ทวีปเอเชีย,204183113.0,0.0
2021-10,2021,10,4,372,MX,เม็กซิโก,1C,ทวีปอเมริกาเหนือ,262382675.0,0.0
2021-10,2021,10,4,271,MY,มาเลเซีย,1A,ทวีปเอเชีย,175620837.0,0.0
2021-10,2021,10,4,315,DE,เยอรมนี,1B,ทวีปยุโรป,140346374.0,0.0
2021-10,2021,10,4,273,SG,สิงคโปร์,1A,ทวีปเอเชีย,115666791.0,0.0
2021-10,2021,10,4,309,TW,ไต้หวัน,1A,ทวีปเอเชีย,144972184.0,0.0
2021-10,2021,10,4,339,HU,ฮังการี,1B,ทวีปยุโรป,76367019.0,0.0
2021-10,2021,10,4,336,CZ,สาธารณรัฐเช็ก,1B,ทวีปยุโรป,140758099.0,0.0
2021-10,2021,10,4,279,IN,อินเดีย,1A,ทวีปเอเชีย,95994839.0,0.0
2021-10,2021,10,4,274,VN,เวียดนาม,1A,ทวีปเอเชีย,30454341.0,0.0
2021-10,2021,10,4,306,KR,เกาหลีใต้,1A,ทวีปเอเชีย,133085055.0,0.0
2021-10,2021,10,4,371,CA,แคนาดา,1C,ทวีปอเมริกาเหนือ,85126330.0,0.0
2021-10,2021,10,4,268,KH,กัมพูชา,1A,ทวีปเอเชีย,28632198.0,0.0
2021-10,2021,10,4,409,BR,บราซิล,1D,ทวีปอเมริกาใต้,11494123.0,0.0
2021-10,2021,10,4,347,SK,สโลวาเกีย,1B,ทวีปยุโรป,49308943.0,0.0
2021-10,2021,10,4,320,GB,สหราชอาณาจักร,1B,ทวีปยุโรป,16570144.0,0.0
2021-10,2021,10,4,272,PH,ฟิลิปปินส์,1A,ทวีปเอเชีย,6157892.0,0.0
2021-10,2021,10,4,269,LA,สปป. ลาว,1A,ทวีปเอเชีย,29753373.0,0.0
2021-10,2021,10,4,316,DK,เดนมาร์ก,1B,ทวีปยุโรป,20085730.0,0.0
2021-10,2021,10,4,267,ID,อินโดนีเซีย,1A,ทวีปเอเชีย,21020741.0,0.0
2021-10,2021,10,4,319,FR,ฝรั่งเศส,1B,ทวีปยุโรป,28838121.0,0.0
2021-10,2021,10,4,410,CL,ชิลี,1D,ทวีปอเมริกาใต้,0.0,0.0
2021-10,2021,10,4,483,AU,ออสเตรเลีย,1F,ทวีปออสเตรเลีย,38505477.0,0.0
2021-10,2021,10,4,270,MM,เมียนมา,1A,ทวีปเอเชีย,10523865.0,0.0
2021-10,2021,10,4,317,ES,สเปน,1B,ทวีปยุโรป,3467525.0,0.0
2021-10,2021,10,4,343,PL,โปแลนด์,1B,ทวีปยุโรป,14849183.0,0.0
2021-10,2021,10,4,280,LK,ศรีลังกา,1A,ทวีปเอเชีย,124753.0,0.0
2021-10,2021,10,4,344,RO,โรมาเนีย,1B,ทวีปยุโรป,13199505.0,0.0
2021-10,2021,10,4,298,TR,ตุรกี,1A,ทวีปเอเชีย,15177902.0,0.0
2021-10,2021,10,4,327,SE,สวีเดน,1B,ทวีปยุโรป,2321972.0,0.0
2021-10,2021,10,4,441,GH,กานา,1E,ทวีปแอฟริกา,20253008.0,0.0
2021-10,2021,10,4,312,AT,ออสเตรีย,1B,ทวีปยุโรป,9635803.0,0.0
2021-10,2021,10,4,437,EG,อียิปต์,1E,ทวีปแอฟริกา,2084310.0,0.0
2021-10,2021,10,4,266,BN,บรูไน,1A,ทวีปเอเชีย,5462742.0,0.0
2021-10,2021,10,4,283,PK,ปากีสถาน,1A,ทวีปเอเชีย,6537844.0,0.0
2021-10,2021,10,4,346,SI,สโลวีเนีย,1B,ทวีปยุโรป,74778.0,0.0
2021-10,2021,10,4,288,IL,อิสราเอล,1A,ทวีปเอเชีย,2989806.0,0.0
2021-10,2021,10,4,356,CH,สวิตเซอร์แลนด์,1B,ทวีปยุโรป,3364998.0,0.0
2021-10,2021,10,4,458,MZ,โมซัมบิก,1E,ทวีปแอฟริกา,8542882.0,0.0
2021-10,2021,10,4,478,ZA,แอฟริกาใต้,1E,ทวีปแอฟริกา,283145.0,0.0
2021-10,2021,10,4,366,NO,นอร์เวย์,1B,ทวีปยุโรป,326499.0,0.0
2021-10,2021,10,4,345,RU,รัสเซีย,1B,ทวีปยุโรป,361585.0,0.0
2021-10,2021,10,4,326,PT,โปรตุเกส,1B,ทวีปยุโรป,1173822.0,0.0
2021-10,2021,10,4,322,IE,ไอร์แลนด์,1B,ทวีปยุโรป,1011967.0,0.0
2021-10,2021,10,4,313,BE,เบลเยียม,1B,ทวีปยุโรป,626416.0,0.0
2021-10,2021,10,4,407,AR,อาร์เจนตินา,1D,ทวีปอเมริกาใต้,1247740.0,0.0
2021-10,2021,10,4,285,AE,สหรัฐอาหรับเอมิเรตส์,1A,ทวีปเอเชีย,131643.0,0.0
2021-10,2021,10,4,357,EE,เอสโตเนีย,1B,ทวีปยุโรป,2645652.0,0.0
2021-10,2021,10,4,318,FI,ฟินแลนด์,1B,ทวีปยุโรป,519609.0,0.0
2021-10,2021,10,4,281,MV,มัลดีฟส์,1A,ทวีปเอเชีย,107502.0,0.0
2021-10,2021,10,4,277,BD,บังกลาเทศ,1A,ทวีปเอเชีย,3347190.0,0.0
2021-10,2021,10,4,397,PA,ปานามา,1C,ทวีปอเมริกาเหนือ,2275903.0,0.0
2021-10,2021,10,4,333,BG,บัลแกเรีย,1B,ทวีปยุโรป,270581.0,0.0
2021-10,2021,10,4,497,NZ,นิวซีแลนด์,1F,ทวีปออสเตรเลีย,1057326.0,0.0
2021-10,2021,10,4,431,CI,โกตดิวัวร์,1E,ทวีปแอฟริกา,0.0,0.0
2021-10,2021,10,4,300,YE,เยเมน,1A,ทวีปเอเชีย,0.0,0.0
2021-10,2021,10,4,362,LT,ลิทัวเนีย,1B,ทวีปยุโรป,158014.0,0.0
2021-10,2021,10,4,411,CO,โคลอมเบีย,1D,ทวีปอเมริกาใต้,195266.0,0.0
2021-10,2021,10,4,398,PR,เปอร์โตริโก,1C,ทวีปอเมริกาเหนือ,317043.0,0.0
2021-10,2021,10,4,454,ML,มาลี,1E,ทวีปแอฟริกา,11860.0,0.0
2021-10,2021,10,4,292,KW,คูเวต,1A,ทวีปเอเชีย,623.0,0.0
2021-10,2021,10,4,436,DZ,แอลจีเรีย,1E,ทวีปแอฟริกา,0.0,0.0
2021-10,2021,10,4,383,DM,โดมินิกา,1C,ทวีปอเมริกาเหนือ,0.0,0.0
2021-10,2021,10,4,308,MO,มาเก๊า,1A,ทวีปเอเชีย,617462.0,0.0
2021-10,2021,10,4,384,DO,สาธารณรัฐโดมินิกัน,1C,ทวีปอเมริกาเหนือ,878696.0,0.0
2021-10,2021,10,4,499,PG,ปาปัวนิวกินี,1F,ทวีปออสเตรเลีย,177719.0,0.0
2021-10,2021,10,4,278,BT,ภูฎาน,1A,ทวีปเอเชีย,0.0,0.0
2021-10,2021,10,4,592,CD,สาธารณรัฐประชาธิปไตยคองโก,1E,ทวีปแอฟริกา,608400.0,0.0
2021-10,2021,10,4,452,MA,โมร็อกโก,1E,ทวีปแอฟริกา,0.0,0.0
2021-10,2021,10,4,296,SA,ซาอุดีอาระเบีย,1A,ทวีปเอเชีย,7675.0,0.0
2021-10,2021,10,4,475,TN,ตูนิเซีย,1E,ทวีปแอฟริกา,22151.0,0.0
2021-10,2021,10,4,282,NP,เนปาล,1A,ทวีปเอเชีย,0.0,0.0
2021-10,2021,10,4,425,BF,บูร์กินาฟาโซ,1E,ทวีปแอฟริกา,0.0,0.0
2021-10,2021,10,4,293,LB,เลบานอน,1A,ทวีปเอเชีย,0.0,0.0
2021-10,2021,10,4,321,GR,กรีซ,1B,ทวีปยุโรป,0.0,0.0
2021-10,2021,10,4,351,UA,ยูเครน,1B,ทวีปยุโรป,0.0,0.0
2021-10,2021,10,4,453,MG,มาดากัสการ์,1E,ทวีปแอฟริกา,0.0,0.0
2021-10,2021,10,4,412,EC,เอกวาดอร์,1D,ทวีปอเมริกาใต้,0.0,0.0
2021-10,2021,10,4,421,UY,อุรุกวัย,1D,ทวีปอเมริกาใต้,11248.0,0.0
2021-10,2021,10,4,493,NC,นิวแคลีโดเนีย,1F,ทวีปออสเตรเลีย,0.0,0.0
2021-10,2021,10,4,417,PE,เปรู,1D,ทวีปอเมริกาใต้,23382.0,0.0
2021-10,2021,10,4,563,RS,เซอร์เบีย,1B,ทวีปยุโรป,0.0,0.0
2021-10,2021,10,4,381,CR,คอสตาริกา,1C,ทวีปอเมริกาเหนือ,71345.0,0.0
2021-10,2021,10,4,486,FJ,ฟิจิ,1F,ทวีปออสเตรเลีย,0.0,0.0
2021-10,2021,10,4,290,IR,อิหร่าน,1A,ทวีปเอเชีย,0.0,0.0
2021-10,2021,10,4,338,HR,โครเอเชีย,1B,ทวีปยุโรป,0.0,0.0
2021-10,2021,10,4,295,QA,กาตาร์,1A,ทวีปเอเชีย,2969.0,0.0
2021-10,2021,10,4,447,KE,เคนยา,1E,ทวีปแอฟริกา,514.0,0.0
2021-10,2021,10,4,465,SC,เซเชลส์,1E,ทวีปแอฟริกา,27495.0,0.0
2021-10,2021,10,4,291,JO,จอร์แดน,1A,ทวีปเอเชีย,0.0,0.0
2021-10,2021,10,4,388,GT,กัวเตมาลา,1C,ทวีปอเมริกาเหนือ,680.0,0.0
2021-10,2021,10,4,456,MU,มอริเชียส,1E,ทวีปแอฟริกา,7814.0,0.0
2021-10,2021,10,4,443,GN,กินี,1E,ทวีปแอฟริกา,0.0,0.0
2021-10,2021,10,4,387,GP,กวาเดอลูป,1C,ทวีปอเมริกาเหนือ,0.0,0.0
2021-10,2021,10,4,287,CY,ไซปรัส,1A,ทวีปเอเชีย,0.0,0.0
2021-10,2021,10,4,498,PF,เฟรนช์โปลีนีเซีย,1F,ทวีปออสเตรเลีย,3642.0,0.0
2021-10,2021,10,4,389,HN,ฮอนดูรัส,1C,ทวีปอเมริกาเหนือ,4431.0,0.0
2021-10,2021,10,4,476,TZ,แทนซาเนีย,1E,ทวีปแอฟริกา,1028.0,0.0
2021-10,2021,10,4,420,SR,ซูรินาเม,1D,ทวีปอเมริกาใต้,0.0,0.0
2021-10,2021,10,4,324,LU,ลักเซมเบิร์ก,1B,ทวีปยุโรป,0.0,0.0
2021-10,2021,10,4,461,NG,ไนจีเรีย,1E,ทวีปแอฟริกา,257.0,0.0
2021-10,2021,10,4,432,CM,แคเมอรูน,1E,ทวีปแอฟริกา,0.0,0.0
2021-10,2021,10,4,469,SN,เซเนกัล,1E,ทวีปแอฟริกา,0.0,0.0
2021-10,2021,10,4,332,AZ,อาเซอร์ไบจาน,1A,ทวีปเอเชีย,0.0,0.0
2021-10,2021,10,4,286,BH,บาห์เรน,1A,ทวีปเอเชีย,515.0,0.0
2021-10,2021,10,4,294,OM,โอมาน,1A,ทวีปเอเชีย,3315.0,0.0
2021-10,2021,10,4,363,LV,ลัตเวีย,1B,ทวีปยุโรป,0.0,0.0
2021-10,2021,10,4,484,CK,หมู่เกาะดุก,1F,ทวีปออสเตรเลีย,0.0,0.0
2021-10,2021,10,4,390,HT,เฮติ,1C,ทวีปอเมริกาเหนือ,0.0,0.0
2021-10,2021,10,4,438,ET,เอธิโอเปีย,1E,ทวีปแอฟริกา,0.0,0.0
2021-10,2021,10,4,419,PY,ปารากวัย,1D,ทวีปอเมริกาใต้,0.0,0.0
2021-10,2021,10,4,289,IQ,อิรัก,1A,ทวีปเอเชีย,0.0,0.0
2021-10,2021,10,4,394,LC,เซนต์ลูเซีย,1C,ทวีปอเมริกาเหนือ,0.0,0.0
2021-10,2021,10,4,463,RE,เรอูนียง,1E,ทวีปแอฟริกา,0.0,0.0
2021-10,2021,10,4,451,LY,ลิเบีย,1E,ทวีปแอฟริกา,0.0,0.0
2021-10,2021,10,4,393,KY,หมู่เกาะเคย์แมน,1C,ทวีปอเมริกาเหนือ,237.0,0.0
2021-10,2021,10,4,457,MW,มาลาวี,1E,ทวีปแอฟริกา,0.0,0.0
2021-10,2021,10,4,481,ZW,ซิมบับเว,1E,ทวีปแอฟริกา,0.0,0.0
2021-11,2021,11,4,373,US,สหรัฐอเมริกา,1C,ทวีปอเมริกาเหนือ,2558427479.0,0.0
2021-11,2021,11,4,302,CN,จีน,1A,ทวีปเอเชีย,697414089.0,0.0
2021-11,2021,11,4,325,NL,เนเธอร์แลนด์,1B,ทวีปยุโรป,563316061.0,0.0
2021-11,2021,11,4,304,JP,ญี่ปุ่น,1A,ทวีปเอเชีย,429982347.0,0.0
2021-11,2021,11,4,323,IT,อิตาลี,1B,ทวีปยุโรป,274620605.0,0.0
2021-11,2021,11,4,372,MX,เม็กซิโก,1C,ทวีปอเมริกาเหนือ,409934951.0,0.0
2021-11,2021,11,4,303,HK,ฮ่องกง,1A,ทวีปเอเชีย,276191172.0,0.0
2021-11,2021,11,4,271,MY,มาเลเซีย,1A,ทวีปเอเชีย,229233194.0,0.0
2021-11,2021,11,4,315,DE,เยอรมนี,1B,ทวีปยุโรป,204196574.0,0.0
2021-11,2021,11,4,273,SG,สิงคโปร์,1A,ทวีปเอเชีย,133465523.0,0.0
2021-11,2021,11,4,309,TW,ไต้หวัน,1A,ทวีปเอเชีย,132375347.0,0.0
2021-11,2021,11,4,336,CZ,สาธารณรัฐเช็ก,1B,ทวีปยุโรป,189179587.0,0.0
2021-11,2021,11,4,339,HU,ฮังการี,1B,ทวีปยุโรป,46350178.0,0.0
2021-11,2021,11,4,279,IN,อินเดีย,1A,ทวีปเอเชีย,77025410.0,0.0
2021-11,2021,11,4,274,VN,เวียดนาม,1A,ทวีปเอเชีย,24472778.0,0.0
2021-11,2021,11,4,306,KR,เกาหลีใต้,1A,ทวีปเอเชีย,46616960.0,0.0
2021-11,2021,11,4,371,CA,แคนาดา,1C,ทวีปอเมริกาเหนือ,91345075.0,0.0
2021-11,2021,11,4,268,KH,กัมพูชา,1A,ทวีปเอเชีย,56499860.0,0.0
2021-11,2021,11,4,409,BR,บราซิล,1D,ทวีปอเมริกาใต้,11227658.0,0.0
2021-11,2021,11,4,347,SK,สโลวาเกีย,1B,ทวีปยุโรป,39769906.0,0.0
2021-11,2021,11,4,320,GB,สหราชอาณาจักร,1B,ทวีปยุโรป,36332800.0,0.0
2021-11,2021,11,4,272,PH,ฟิลิปปินส์,1A,ทวีปเอเชีย,6731683.0,0.0
2021-11,2021,11,4,269,LA,สปป. ลาว,1A,ทวีปเอเชีย,30961073.0,0.0
2021-11,2021,11,4,316,DK,เดนมาร์ก,1B,ทวีปยุโรป,29680883.0,0.0
2021-11,2021,11,4,267,ID,อินโดนีเซีย,1A,ทวีปเอเชีย,25087486.0,0.0
2021-11,2021,11,4,319,FR,ฝรั่งเศส,1B,ทวีปยุโรป,15502387.0,0.0
2021-11,2021,11,4,410,CL,ชิลี,1D,ทวีปอเมริกาใต้,0.0,0.0
2021-11,2021,11,4,483,AU,ออสเตรเลีย,1F,ทวีปออสเตรเลีย,10139241.0,0.0
2021-11,2021,11,4,343,PL,โปแลนด์,1B,ทวีปยุโรป,23674931.0,0.0
2021-11,2021,11,4,270,MM,เมียนมา,1A,ทวีปเอเชีย,9000053.0,0.0
2021-11,2021,11,4,317,ES,สเปน,1B,ทวีปยุโรป,7339606.0,0.0
2021-11,2021,11,4,344,RO,โรมาเนีย,1B,ทวีปยุโรป,12470615.0,0.0
2021-11,2021,11,4,280,LK,ศรีลังกา,1A,ทวีปเอเชีย,72710.0,0.0
2021-11,2021,11,4,298,TR,ตุรกี,1A,ทวีปเอเชีย,10744947.0,0.0
2021-11,2021,11,4,327,SE,สวีเดน,1B,ทวีปยุโรป,6692688.0,0.0
2021-11,2021,11,4,312,AT,ออสเตรีย,1B,ทวีปยุโรป,13364692.0,0.0
2021-11,2021,11,4,441,GH,กานา,1E,ทวีปแอฟริกา,0.0,0.0
2021-11,2021,11,4,437,EG,อียิปต์,1E,ทวีปแอฟริกา,2633589.0,0.0
2021-11,2021,11,4,266,BN,บรูไน,1A,ทวีปเอเชีย,2880.0,0.0
2021-11,2021,11,4,283,PK,ปากีสถาน,1A,ทวีปเอเชีย,3488964.0,0.0
2021-11,2021,11,4,346,SI,สโลวีเนีย,1B,ทวีปยุโรป,15641.0,0.0
2021-11,2021,11,4,288,IL,อิสราเอล,1A,ทวีปเอเชีย,1974103.0,0.0
2021-11,2021,11,4,356,CH,สวิตเซอร์แลนด์,1B,ทวีปยุโรป,4885582.0,0.0
2021-11,2021,11,4,458,MZ,โมซัมบิก,1E,ทวีปแอฟริกา,894475.0,0.0
2021-11,2021,11,4,478,ZA,แอฟริกาใต้,1E,ทวีปแอฟริกา,285645.0,0.0
2021-11,2021,11,4,366,NO,นอร์เวย์,1B,ทวีปยุโรป,276424.0,0.0
2021-11,2021,11,4,345,RU,รัสเซีย,1B,ทวีปยุโรป,798710.0,0.0
2021-11,2021,11,4,326,PT,โปรตุเกส,1B,ทวีปยุโรป,1342360.0,0.0
2021-11,2021,11,4,313,BE,เบลเยียม,1B,ทวีปยุโรป,521173.0,0.0
2021-11,2021,11,4,322,IE,ไอร์แลนด์,1B,ทวีปยุโรป,354751.0,0.0
2021-11,2021,11,4,281,MV,มัลดีฟส์,1A,ทวีปเอเชีย,4955391.0,0.0
2021-11,2021,11,4,407,AR,อาร์เจนตินา,1D,ทวีปอเมริกาใต้,1430806.0,0.0
2021-11,2021,11,4,285,AE,สหรัฐอาหรับเอมิเรตส์,1A,ทวีปเอเชีย,163920.0,0.0
2021-11,2021,11,4,357,EE,เอสโตเนีย,1B,ทวีปยุโรป,500243.0,0.0
2021-11,2021,11,4,318,FI,ฟินแลนด์,1B,ทวีปยุโรป,517424.0,0.0
2021-11,2021,11,4,277,BD,บังกลาเทศ,1A,ทวีปเอเชีย,1619320.0,0.0
2021-11,2021,11,4,397,PA,ปานามา,1C,ทวีปอเมริกาเหนือ,938370.0,0.0
2021-11,2021,11,4,497,NZ,นิวซีแลนด์,1F,ทวีปออสเตรเลีย,647855.0,0.0
2021-11,2021,11,4,333,BG,บัลแกเรีย,1B,ทวีปยุโรป,0.0,0.0
2021-11,2021,11,4,431,CI,โกตดิวัวร์,1E,ทวีปแอฟริกา,0.0,0.0
2021-11,2021,11,4,300,YE,เยเมน,1A,ทวีปเอเชีย,0.0,0.0
2021-11,2021,11,4,362,LT,ลิทัวเนีย,1B,ทวีปยุโรป,1131570.0,0.0
2021-11,2021,11,4,461,NG,ไนจีเรีย,1E,ทวีปแอฟริกา,3237594.0,0.0
2021-11,2021,11,4,411,CO,โคลอมเบีย,1D,ทวีปอเมริกาใต้,98894.0,0.0
2021-11,2021,11,4,384,DO,สาธารณรัฐโดมินิกัน,1C,ทวีปอเมริกาเหนือ,985911.0,0.0
2021-11,2021,11,4,398,PR,เปอร์โตริโก,1C,ทวีปอเมริกาเหนือ,45288.0,0.0
2021-11,2021,11,4,454,ML,มาลี,1E,ทวีปแอฟริกา,0.0,0.0
2021-11,2021,11,4,292,KW,คูเวต,1A,ทวีปเอเชีย,1888.0,0.0
2021-11,2021,11,4,436,DZ,แอลจีเรีย,1E,ทวีปแอฟริกา,0.0,0.0
2021-11,2021,11,4,383,DM,โดมินิกา,1C,ทวีปอเมริกาเหนือ,121251.0,0.0
2021-11,2021,11,4,308,MO,มาเก๊า,1A,ทวีปเอเชีย,0.0,0.0
2021-11,2021,11,4,499,PG,ปาปัวนิวกินี,1F,ทวีปออสเตรเลีย,73711.0,0.0
2021-11,2021,11,4,278,BT,ภูฎาน,1A,ทวีปเอเชีย,0.0,0.0
2021-11,2021,11,4,592,CD,สาธารณรัฐประชาธิปไตยคองโก,1E,ทวีปแอฟริกา,0.0,0.0
2021-11,2021,11,4,282,NP,เนปาล,1A,ทวีปเอเชีย,165054.0,0.0
2021-11,2021,11,4,475,TN,ตูนิเซีย,1E,ทวีปแอฟริกา,52973.0,0.0
2021-11,2021,11,4,296,SA,ซาอุดีอาระเบีย,1A,ทวีปเอเชีย,31758.0,0.0
2021-11,2021,11,4,452,MA,โมร็อกโก,1E,ทวีปแอฟริกา,0.0,0.0
2021-11,2021,11,4,381,CR,คอสตาริกา,1C,ทวีปอเมริกาเหนือ,294267.0,0.0
2021-11,2021,11,4,425,BF,บูร์กินาฟาโซ,1E,ทวีปแอฟริกา,0.0,0.0
2021-11,2021,11,4,293,LB,เลบานอน,1A,ทวีปเอเชีย,0.0,0.0
2021-11,2021,11,4,321,GR,กรีซ,1B,ทวีปยุโรป,0.0,0.0
2021-11,2021,11,4,351,UA,ยูเครน,1B,ทวีปยุโรป,0.0,0.0
2021-11,2021,11,4,453,MG,มาดากัสการ์,1E,ทวีปแอฟริกา,258.0,0.0
2021-11,2021,11,4,417,PE,เปรู,1D,ทวีปอเมริกาใต้,34976.0,0.0
2021-11,2021,11,4,421,UY,อุรุกวัย,1D,ทวีปอเมริกาใต้,5613.0,0.0
2021-11,2021,11,4,412,EC,เอกวาดอร์,1D,ทวีปอเมริกาใต้,0.0,0.0
2021-11,2021,11,4,493,NC,นิวแคลีโดเนีย,1F,ทวีปออสเตรเลีย,0.0,0.0
2021-11,2021,11,4,563,RS,เซอร์เบีย,1B,ทวีปยุโรป,0.0,0.0
2021-11,2021,11,4,486,FJ,ฟิจิ,1F,ทวีปออสเตรเลีย,7460.0,0.0
2021-11,2021,11,4,290,IR,อิหร่าน,1A,ทวีปเอเชีย,0.0,0.0
2021-11,2021,11,4,338,HR,โครเอเชีย,1B,ทวีปยุโรป,0.0,0.0
2021-11,2021,11,4,295,QA,กาตาร์,1A,ทวีปเอเชีย,663.0,0.0
2021-11,2021,11,4,447,KE,เคนยา,1E,ทวีปแอฟริกา,774.0,0.0
2021-11,2021,11,4,465,SC,เซเชลส์,1E,ทวีปแอฟริกา,0.0,0.0
2021-11,2021,11,4,291,JO,จอร์แดน,1A,ทวีปเอเชีย,1292.0,0.0
2021-11,2021,11,4,388,GT,กัวเตมาลา,1C,ทวีปอเมริกาเหนือ,0.0,0.0
2021-11,2021,11,4,456,MU,มอริเชียส,1E,ทวีปแอฟริกา,0.0,0.0
2021-11,2021,11,4,443,GN,กินี,1E,ทวีปแอฟริกา,0.0,0.0
2021-11,2021,11,4,387,GP,กวาเดอลูป,1C,ทวีปอเมริกาเหนือ,0.0,0.0
2021-11,2021,11,4,287,CY,ไซปรัส,1A,ทวีปเอเชีย,0.0,0.0
2021-11,2021,11,4,498,PF,เฟรนช์โปลีนีเซีย,1F,ทวีปออสเตรเลีย,0.0,0.0
2021-11,2021,11,4,389,HN,ฮอนดูรัส,1C,ทวีปอเมริกาเหนือ,0.0,0.0
2021-11,2021,11,4,476,TZ,แทนซาเนีย,1E,ทวีปแอฟริกา,774.0,0.0
2021-11,2021,11,4,420,SR,ซูรินาเม,1D,ทวีปอเมริกาใต้,0.0,0.0
2021-11,2021,11,4,324,LU,ลักเซมเบิร์ก,1B,ทวีปยุโรป,0.0,0.0
2021-11,2021,11,4,432,CM,แคเมอรูน,1E,ทวีปแอฟริกา,0.0,0.0
2021-11,2021,11,4,469,SN,เซเนกัล,1E,ทวีปแอฟริกา,0.0,0.0
2021-11,2021,11,4,332,AZ,อาเซอร์ไบจาน,1A,ทวีปเอเชีย,0.0,0.0
2021-11,2021,11,4,286,BH,บาห์เรน,1A,ทวีปเอเชีย,0.0,0.0
2021-11,2021,11,4,294,OM,โอมาน,1A,ทวีปเอเชีย,0.0,0.0
2021-11,2021,11,4,363,LV,ลัตเวีย,1B,ทวีปยุโรป,0.0,0.0
2021-11,2021,11,4,484,CK,หมู่เกาะดุก,1F,ทวีปออสเตรเลีย,0.0,0.0
2021-11,2021,11,4,390,HT,เฮติ,1C,ทวีปอเมริกาเหนือ,0.0,0.0
2021-11,2021,11,4,438,ET,เอธิโอเปีย,1E,ทวีปแอฟริกา,0.0,0.0
2021-11,2021,11,4,289,IQ,อิรัก,1A,ทวีปเอเชีย,388.0,0.0
2021-11,2021,11,4,419,PY,ปารากวัย,1D,ทวีปอเมริกาใต้,0.0,0.0
2021-11,2021,11,4,394,LC,เซนต์ลูเซีย,1C,ทวีปอเมริกาเหนือ,0.0,0.0
2021-11,2021,11,4,463,RE,เรอูนียง,1E,ทวีปแอฟริกา,0.0,0.0
2021-11,2021,11,4,451,LY,ลิเบีย,1E,ทวีปแอฟริกา,0.0,0.0
2021-11,2021,11,4,393,KY,หมู่เกาะเคย์แมน,1C,ทวีปอเมริกาเหนือ,0.0,0.0
2021-11,2021,11,4,457,MW,มาลาวี,1E,ทวีปแอฟริกา,0.0,0.0
2021-11,2021,11,4,481,ZW,ซิมบับเว,1E,ทวีปแอฟริกา,0.0,0.0
2021-12,2021,12,4,373,US,สหรัฐอเมริกา,1C,ทวีปอเมริกาเหนือ,2784027730.0,0.0
2021-12,2021,12,4,302,CN,จีน,1A,ทวีปเอเชีย,700312489.0,0.0
2021-12,2021,12,4,325,NL,เนเธอร์แลนด์,1B,ทวีปยุโรป,637859155.0,0.0
2021-12,2021,12,4,304,JP,ญี่ปุ่น,1A,ทวีปเอเชีย,523882357.0,0.0
2021-12,2021,12,4,372,MX,เม็กซิโก,1C,ทวีปอเมริกาเหนือ,292971400.0,0.0
2021-12,2021,12,4,323,IT,อิตาลี,1B,ทวีปยุโรป,166013187.0,0.0
2021-12,2021,12,4,303,HK,ฮ่องกง,1A,ทวีปเอเชีย,222594450.0,0.0
2021-12,2021,12,4,271,MY,มาเลเซีย,1A,ทวีปเอเชีย,211931306.0,0.0
2021-12,2021,12,4,315,DE,เยอรมนี,1B,ทวีปยุโรป,140722866.0,0.0
2021-12,2021,12,4,273,SG,สิงคโปร์,1A,ทวีปเอเชีย,133839792.0,0.0
2021-12,2021,12,4,309,TW,ไต้หวัน,1A,ทวีปเอเชีย,105703973.0,0.0
2021-12,2021,12,4,336,CZ,สาธารณรัฐเช็ก,1B,ทวีปยุโรป,180444944.0,0.0
2021-12,2021,12,4,339,HU,ฮังการี,1B,ทวีปยุโรป,14729995.0,0.0
2021-12,2021,12,4,279,IN,อินเดีย,1A,ทวีปเอเชีย,66026082.0,0.0
2021-12,2021,12,4,274,VN,เวียดนาม,1A,ทวีปเอเชีย,70532825.0,0.0
2021-12,2021,12,4,371,CA,แคนาดา,1C,ทวีปอเมริกาเหนือ,86339474.0,0.0
2021-12,2021,12,4,306,KR,เกาหลีใต้,1A,ทวีปเอเชีย,47773939.0,0.0
2021-12,2021,12,4,268,KH,กัมพูชา,1A,ทวีปเอเชีย,42479194.0,0.0
2021-12,2021,12,4,347,SK,สโลวาเกีย,1B,ทวีปยุโรป,53569804.0,0.0
2021-12,2021,12,4,320,GB,สหราชอาณาจักร,1B,ทวีปยุโรป,58579509.0,0.0
2021-12,2021,12,4,409,BR,บราซิล,1D,ทวีปอเมริกาใต้,14962915.0,0.0
2021-12,2021,12,4,269,LA,สปป. ลาว,1A,ทวีปเอเชีย,33900386.0,0.0
2021-12,2021,12,4,272,PH,ฟิลิปปินส์,1A,ทวีปเอเชีย,11090878.0,0.0
2021-12,2021,12,4,316,DK,เดนมาร์ก,1B,ทวีปยุโรป,15918412.0,0.0
2021-12,2021,12,4,267,ID,อินโดนีเซีย,1A,ทวีปเอเชีย,18633049.0,0.0
2021-12,2021,12,4,319,FR,ฝรั่งเศส,1B,ทวีปยุโรป,24050504.0,0.0
2021-12,2021,12,4,483,AU,ออสเตรเลีย,1F,ทวีปออสเตรเลีย,15508333.0,0.0
2021-12,2021,12,4,343,PL,โปแลนด์,1B,ทวีปยุโรป,16555163.0,0.0
2021-12,2021,12,4,410,CL,ชิลี,1D,ทวีปอเมริกาใต้,16260.0,0.0
2021-12,2021,12,4,270,MM,เมียนมา,1A,ทวีปเอเชีย,13930686.0,0.0
2021-12,2021,12,4,317,ES,สเปน,1B,ทวีปยุโรป,4879045.0,0.0
2021-12,2021,12,4,344,RO,โรมาเนีย,1B,ทวีปยุโรป,8774190.0,0.0
2021-12,2021,12,4,280,LK,ศรีลังกา,1A,ทวีปเอเชีย,122724.0,0.0
2021-12,2021,12,4,298,TR,ตุรกี,1A,ทวีปเอเชีย,12429613.0,0.0
2021-12,2021,12,4,327,SE,สวีเดน,1B,ทวีปยุโรป,5245814.0,0.0
2021-12,2021,12,4,312,AT,ออสเตรีย,1B,ทวีปยุโรป,6250732.0,0.0
2021-12,2021,12,4,441,GH,กานา,1E,ทวีปแอฟริกา,0.0,0.0
2021-12,2021,12,4,437,EG,อียิปต์,1E,ทวีปแอฟริกา,3419834.0,0.0
2021-12,2021,12,4,266,BN,บรูไน,1A,ทวีปเอเชีย,3948058.0,0.0
2021-12,2021,12,4,283,PK,ปากีสถาน,1A,ทวีปเอเชีย,1040199.0,0.0
2021-12,2021,12,4,288,IL,อิสราเอล,1A,ทวีปเอเชีย,2238998.0,0.0
2021-12,2021,12,4,346,SI,สโลวีเนีย,1B,ทวีปยุโรป,975.0,0.0
2021-12,2021,12,4,356,CH,สวิตเซอร์แลนด์,1B,ทวีปยุโรป,2236666.0,0.0
2021-12,2021,12,4,478,ZA,แอฟริกาใต้,1E,ทวีปแอฟริกา,3941964.0,0.0
2021-12,2021,12,4,458,MZ,โมซัมบิก,1E,ทวีปแอฟริกา,0.0,0.0
2021-12,2021,12,4,366,NO,นอร์เวย์,1B,ทวีปยุโรป,409399.0,0.0
2021-12,2021,12,4,345,RU,รัสเซีย,1B,ทวีปยุโรป,349281.0,0.0
2021-12,2021,12,4,326,PT,โปรตุเกส,1B,ทวีปยุโรป,298421.0,0.0
2021-12,2021,12,4,313,BE,เบลเยียม,1B,ทวีปยุโรป,642369.0,0.0
2021-12,2021,12,4,322,IE,ไอร์แลนด์,1B,ทวีปยุโรป,401855.0,0.0
2021-12,2021,12,4,281,MV,มัลดีฟส์,1A,ทวีปเอเชีย,1077262.0,0.0
2021-12,2021,12,4,318,FI,ฟินแลนด์,1B,ทวีปยุโรป,3699334.0,0.0
2021-12,2021,12,4,407,AR,อาร์เจนตินา,1D,ทวีปอเมริกาใต้,426653.0,0.0
2021-12,2021,12,4,285,AE,สหรัฐอาหรับเอมิเรตส์,1A,ทวีปเอเชีย,846355.0,0.0
2021-12,2021,12,4,277,BD,บังกลาเทศ,1A,ทวีปเอเชีย,1735398.0,0.0
2021-12,2021,12,4,412,EC,เอกวาดอร์,1D,ทวีปอเมริกาใต้,8780157.0,0.0
2021-12,2021,12,4,357,EE,เอสโตเนีย,1B,ทวีปยุโรป,517548.0,0.0
2021-12,2021,12,4,397,PA,ปานามา,1C,ทวีปอเมริกาเหนือ,1155566.0,0.0
2021-12,2021,12,4,295,QA,กาตาร์,1A,ทวีปเอเชีย,6892748.0,0.0
2021-12,2021,12,4,497,NZ,นิวซีแลนด์,1F,ทวีปออสเตรเลีย,41615.0,0.0
2021-12,2021,12,4,333,BG,บัลแกเรีย,1B,ทวีปยุโรป,3357.0,0.0
2021-12,2021,12,4,362,LT,ลิทัวเนีย,1B,ทวีปยุโรป,614310.0,0.0
2021-12,2021,12,4,431,CI,โกตดิวัวร์,1E,ทวีปแอฟริกา,0.0,0.0
2021-12,2021,12,4,300,YE,เยเมน,1A,ทวีปเอเชีย,0.0,0.0
2021-12,2021,12,4,383,DM,โดมินิกา,1C,ทวีปอเมริกาเหนือ,1814565.0,0.0
2021-12,2021,12,4,461,NG,ไนจีเรีย,1E,ทวีปแอฟริกา,0.0,0.0
2021-12,2021,12,4,411,CO,โคลอมเบีย,1D,ทวีปอเมริกาใต้,48473.0,0.0
2021-12,2021,12,4,384,DO,สาธารณรัฐโดมินิกัน,1C,ทวีปอเมริกาเหนือ,423399.0,0.0
2021-12,2021,12,4,398,PR,เปอร์โตริโก,1C,ทวีปอเมริกาเหนือ,153084.0,0.0
2021-12,2021,12,4,454,ML,มาลี,1E,ทวีปแอฟริกา,0.0,0.0
2021-12,2021,12,4,292,KW,คูเวต,1A,ทวีปเอเชีย,1039.0,0.0
2021-12,2021,12,4,436,DZ,แอลจีเรีย,1E,ทวีปแอฟริกา,0.0,0.0
2021-12,2021,12,4,308,MO,มาเก๊า,1A,ทวีปเอเชีย,0.0,0.0
2021-12,2021,12,4,499,PG,ปาปัวนิวกินี,1F,ทวีปออสเตรเลีย,16016.0,0.0
2021-12,2021,12,4,278,BT,ภูฎาน,1A,ทวีปเอเชีย,0.0,0.0
2021-12,2021,12,4,592,CD,สาธารณรัฐประชาธิปไตยคองโก,1E,ทวีปแอฟริกา,0.0,0.0
2021-12,2021,12,4,282,NP,เนปาล,1A,ทวีปเอเชีย,0.0,0.0
2021-12,2021,12,4,475,TN,ตูนิเซีย,1E,ทวีปแอฟริกา,254.0,0.0
2021-12,2021,12,4,296,SA,ซาอุดีอาระเบีย,1A,ทวีปเอเชีย,1043.0,0.0
2021-12,2021,12,4,452,MA,โมร็อกโก,1E,ทวีปแอฟริกา,0.0,0.0
2021-12,2021,12,4,381,CR,คอสตาริกา,1C,ทวีปอเมริกาเหนือ,0.0,0.0
2021-12,2021,12,4,425,BF,บูร์กินาฟาโซ,1E,ทวีปแอฟริกา,0.0,0.0
2021-12,2021,12,4,293,LB,เลบานอน,1A,ทวีปเอเชีย,0.0,0.0
2021-12,2021,12,4,291,JO,จอร์แดน,1A,ทวีปเอเชีย,241129.0,0.0
2021-12,2021,12,4,321,GR,กรีซ,1B,ทวีปยุโรป,0.0,0.0
2021-12,2021,12,4,351,UA,ยูเครน,1B,ทวีปยุโรป,0.0,0.0
2021-12,2021,12,4,453,MG,มาดากัสการ์,1E,ทวีปแอฟริกา,0.0,0.0
2021-12,2021,12,4,417,PE,เปรู,1D,ทวีปอเมริกาใต้,9144.0,0.0
2021-12,2021,12,4,421,UY,อุรุกวัย,1D,ทวีปอเมริกาใต้,0.0,0.0
2021-12,2021,12,4,493,NC,นิวแคลีโดเนีย,1F,ทวีปออสเตรเลีย,0.0,0.0
2021-12,2021,12,4,563,RS,เซอร์เบีย,1B,ทวีปยุโรป,0.0,0.0
2021-12,2021,12,4,486,FJ,ฟิจิ,1F,ทวีปออสเตรเลีย,418.0,0.0
2021-12,2021,12,4,290,IR,อิหร่าน,1A,ทวีปเอเชีย,0.0,0.0
2021-12,2021,12,4,338,HR,โครเอเชีย,1B,ทวีปยุโรป,0.0,0.0
2021-12,2021,12,4,447,KE,เคนยา,1E,ทวีปแอฟริกา,254.0,0.0
2021-12,2021,12,4,465,SC,เซเชลส์,1E,ทวีปแอฟริกา,0.0,0.0
2021-12,2021,12,4,388,GT,กัวเตมาลา,1C,ทวีปอเมริกาเหนือ,0.0,0.0
2021-12,2021,12,4,456,MU,มอริเชียส,1E,ทวีปแอฟริกา,0.0,0.0
2021-12,2021,12,4,443,GN,กินี,1E,ทวีปแอฟริกา,0.0,0.0
2021-12,2021,12,4,387,GP,กวาเดอลูป,1C,ทวีปอเมริกาเหนือ,0.0,0.0
2021-12,2021,12,4,287,CY,ไซปรัส,1A,ทวีปเอเชีย,0.0,0.0
2021-12,2021,12,4,498,PF,เฟรนช์โปลีนีเซีย,1F,ทวีปออสเตรเลีย,587.0,0.0
2021-12,2021,12,4,389,HN,ฮอนดูรัส,1C,ทวีปอเมริกาเหนือ,0.0,0.0
2021-12,2021,12,4,476,TZ,แทนซาเนีย,1E,ทวีปแอฟริกา,508.0,0.0
2021-12,2021,12,4,420,SR,ซูรินาเม,1D,ทวีปอเมริกาใต้,0.0,0.0
2021-12,2021,12,4,324,LU,ลักเซมเบิร์ก,1B,ทวีปยุโรป,0.0,0.0
2021-12,2021,12,4,432,CM,แคเมอรูน,1E,ทวีปแอฟริกา,0.0,0.0
2021-12,2021,12,4,469,SN,เซเนกัล,1E,ทวีปแอฟริกา,0.0,0.0
2021-12,2021,12,4,332,AZ,อาเซอร์ไบจาน,1A,ทวีปเอเชีย,0.0,0.0
2021-12,2021,12,4,294,OM,โอมาน,1A,ทวีปเอเชีย,838.0,0.0
2021-12,2021,12,4,286,BH,บาห์เรน,1A,ทวีปเอเชีย,0.0,0.0
2021-12,2021,12,4,363,LV,ลัตเวีย,1B,ทวีปยุโรป,0.0,0.0
2021-12,2021,12,4,307,MN,มองโกเลีย,1A,ทวีปเอเชีย,3280.0,0.0
2021-12,2021,12,4,484,CK,หมู่เกาะดุก,1F,ทวีปออสเตรเลีย,0.0,0.0
2021-12,2021,12,4,390,HT,เฮติ,1C,ทวีปอเมริกาเหนือ,0.0,0.0
2021-12,2021,12,4,438,ET,เอธิโอเปีย,1E,ทวีปแอฟริกา,0.0,0.0
2021-12,2021,12,4,289,IQ,อิรัก,1A,ทวีปเอเชีย,0.0,0.0
2021-12,2021,12,4,419,PY,ปารากวัย,1D,ทวีปอเมริกาใต้,0.0,0.0
2021-12,2021,12,4,394,LC,เซนต์ลูเซีย,1C,ทวีปอเมริกาเหนือ,0.0,0.0
2021-12,2021,12,4,377,BB,บาร์เบโดส,1C,ทวีปอเมริกาเหนือ,533.0,0.0
2021-12,2021,12,4,463,RE,เรอูนียง,1E,ทวีปแอฟริกา,0.0,0.0
2021-12,2021,12,4,451,LY,ลิเบีย,1E,ทวีปแอฟริกา,0.0,0.0
2021-12,2021,12,4,393,KY,หมู่เกาะเคย์แมน,1C,ทวีปอเมริกาเหนือ,0.0,0.0
2021-12,2021,12,4,457,MW,มาลาวี,1E,ทวีปแอฟริกา,0.0,0.0
2021-12,2021,12,4,481,ZW,ซิมบับเว,1E,ทวีปแอฟริกา,0.0,0.0
2022-01,2022,1,1,373,US,สหรัฐอเมริกา,1C,ทวีปอเมริกาเหนือ,2628848313.0,0.0
2022-01,2022,1,1,302,CN,จีน,1A,ทวีปเอเชีย,610079233.0,0.0
2022-01,2022,1,1,325,NL,เนเธอร์แลนด์,1B,ทวีปยุโรป,530021504.0,0.0
2022-01,2022,1,1,304,JP,ญี่ปุ่น,1A,ทวีปเอเชีย,465342477.0,0.0
2022-01,2022,1,1,323,IT,อิตาลี,1B,ทวีปยุโรป,324710975.0,0.0
2022-01,2022,1,1,372,MX,เม็กซิโก,1C,ทวีปอเมริกาเหนือ,312412363.0,0.0
2022-01,2022,1,1,303,HK,ฮ่องกง,1A,ทวีปเอเชีย,274351561.0,0.0
2022-01,2022,1,1,271,MY,มาเลเซีย,1A,ทวีปเอเชีย,217245281.0,0.0
2022-01,2022,1,1,315,DE,เยอรมนี,1B,ทวีปยุโรป,204449316.0,0.0
2022-01,2022,1,1,486,FJ,ฟิจิ,1F,ทวีปออสเตรเลีย,161862731.0,0.0
2022-01,2022,1,1,309,TW,ไต้หวัน,1A,ทวีปเอเชีย,138462836.0,0.0
2022-01,2022,1,1,272,PH,ฟิลิปปินส์,1A,ทวีปเอเชีย,124712417.0,0.0
2022-01,2022,1,1,320,GB,สหราชอาณาจักร,1B,ทวีปยุโรป,112167294.0,0.0
2022-01,2022,1,1,336,CZ,สาธารณรัฐเช็ก,1B,ทวีปยุโรป,109642829.0,0.0
2022-01,2022,1,1,273,SG,สิงคโปร์,1A,ทวีปเอเชีย,99901935.0,0.0
2022-01,2022,1,1,279,IN,อินเดีย,1A,ทวีปเอเชีย,78690370.0,0.0
2022-01,2022,1,1,339,HU,ฮังการี,1B,ทวีปยุโรป,59724880.0,0.0
2022-01,2022,1,1,274,VN,เวียดนาม,1A,ทวีปเอเชีย,45133131.0,0.0
2022-01,2022,1,1,306,KR,เกาหลีใต้,1A,ทวีปเอเชีย,40719629.0,0.0
2022-01,2022,1,1,347,SK,สโลวาเกีย,1B,ทวีปยุโรป,37552572.0,0.0
2022-01,2022,1,1,316,DK,เดนมาร์ก,1B,ทวีปยุโรป,36548994.0,0.0
2022-01,2022,1,1,269,LA,สปป. ลาว,1A,ทวีปเอเชีย,27848511.0,0.0
2022-01,2022,1,1,319,FR,ฝรั่งเศส,1B,ทวีปยุโรป,24493093.0,0.0
2022-01,2022,1,1,268,KH,กัมพูชา,1A,ทวีปเอเชีย,24425037.0,0.0
2022-01,2022,1,1,317,ES,สเปน,1B,ทวีปยุโรป,24417324.0,0.0
2022-01,2022,1,1,483,AU,ออสเตรเลีย,1F,ทวีปออสเตรเลีย,19270904.0,0.0
2022-01,2022,1,1,267,ID,อินโดนีเซีย,1A,ทวีปเอเชีย,18967114.0,0.0
2022-01,2022,1,1,458,MZ,โมซัมบิก,1E,ทวีปแอฟริกา,16513970.0,0.0
2022-01,2022,1,1,270,MM,เมียนมา,1A,ทวีปเอเชีย,15946876.0,0.0
2022-01,2022,1,1,409,BR,บราซิล,1D,ทวีปอเมริกาใต้,11759215.0,0.0
2022-01,2022,1,1,298,TR,ตุรกี,1A,ทวีปเอเชีย,10551945.0,0.0
2022-01,2022,1,1,343,PL,โปแลนด์,1B,ทวีปยุโรป,10196624.0,0.0
2022-01,2022,1,1,371,CA,แคนาดา,1C,ทวีปอเมริกาเหนือ,6758745.0,0.0
2022-01,2022,1,1,437,EG,อียิปต์,1E,ทวีปแอฟริกา,5719231.0,0.0
2022-01,2022,1,1,266,BN,บรูไน,1A,ทวีปเอเชีย,4614441.0,0.0
2022-01,2022,1,1,283,PK,ปากีสถาน,1A,ทวีปเอเชีย,4368187.0,0.0
2022-01,2022,1,1,318,FI,ฟินแลนด์,1B,ทวีปยุโรป,3239856.0,0.0
2022-01,2022,1,1,288,IL,อิสราเอล,1A,ทวีปเอเชีย,2428373.0,0.0
2022-01,2022,1,1,327,SE,สวีเดน,1B,ทวีปยุโรป,2418318.0,0.0
2022-01,2022,1,1,356,CH,สวิตเซอร์แลนด์,1B,ทวีปยุโรป,1970340.0,0.0
2022-01,2022,1,1,461,NG,ไนจีเรีย,1E,ทวีปแอฟริกา,1665534.0,0.0
2022-01,2022,1,1,326,PT,โปรตุเกส,1B,ทวีปยุโรป,1333951.0,0.0
2022-01,2022,1,1,344,RO,โรมาเนีย,1B,ทวีปยุโรป,1257713.0,0.0
2022-01,2022,1,1,362,LT,ลิทัวเนีย,1B,ทวีปยุโรป,906041.0,0.0
2022-01,2022,1,1,345,RU,รัสเซีย,1B,ทวีปยุโรป,813032.0,0.0
2022-01,2022,1,1,357,EE,เอสโตเนีย,1B,ทวีปยุโรป,767659.0,0.0
2022-01,2022,1,1,366,NO,นอร์เวย์,1B,ทวีปยุโรป,655016.0,0.0
2022-01,2022,1,1,407,AR,อาร์เจนตินา,1D,ทวีปอเมริกาใต้,500328.0,0.0
2022-01,2022,1,1,313,BE,เบลเยียม,1B,ทวีปยุโรป,500254.0,0.0
2022-01,2022,1,1,478,ZA,แอฟริกาใต้,1E,ทวีปแอฟริกา,486163.0,0.0
2022-01,2022,1,1,497,NZ,นิวซีแลนด์,1F,ทวีปออสเตรเลีย,437942.0,0.0
2022-01,2022,1,1,475,TN,ตูนิเซีย,1E,ทวีปแอฟริกา,430195.0,0.0
2022-01,2022,1,1,277,BD,บังกลาเทศ,1A,ทวีปเอเชีย,295191.0,0.0
2022-01,2022,1,1,285,AE,สหรัฐอาหรับเอมิเรตส์,1A,ทวีปเอเชีย,284848.0,0.0
2022-01,2022,1,1,499,PG,ปาปัวนิวกินี,1F,ทวีปออสเตรเลีย,279878.0,0.0
2022-01,2022,1,1,411,CO,โคลอมเบีย,1D,ทวีปอเมริกาใต้,275480.0,0.0
2022-01,2022,1,1,312,AT,ออสเตรีย,1B,ทวีปยุโรป,144088.0,0.0
2022-01,2022,1,1,280,LK,ศรีลังกา,1A,ทวีปเอเชีย,142394.0,0.0
2022-01,2022,1,1,417,PE,เปรู,1D,ทวีปอเมริกาใต้,125357.0,0.0
2022-01,2022,1,1,295,QA,กาตาร์,1A,ทวีปเอเชีย,117349.0,0.0
2022-01,2022,1,1,510,AS,อเมริกันซามัวร์,1F,ทวีปออสเตรเลีย,115550.0,0.0
2022-01,2022,1,1,322,IE,ไอร์แลนด์,1B,ทวีปยุโรป,99732.0,0.0
2022-01,2022,1,1,410,CL,ชิลี,1D,ทวีปอเมริกาใต้,72227.0,0.0
2022-01,2022,1,1,278,BT,ภูฎาน,1A,ทวีปเอเชีย,45861.0,0.0
2022-01,2022,1,1,281,MV,มัลดีฟส์,1A,ทวีปเอเชีย,31369.0,0.0
2022-01,2022,1,1,379,BS,บาฮามาส,1C,ทวีปอเมริกาเหนือ,23384.0,0.0
2022-01,2022,1,1,308,MO,มาเก๊า,1A,ทวีปเอเชีย,20295.0,0.0
2022-01,2022,1,1,307,MN,มองโกเลีย,1A,ทวีปเอเชีย,12820.0,0.0
2022-01,2022,1,1,296,SA,ซาอุดีอาระเบีย,1A,ทวีปเอเชีย,9825.0,0.0
2022-01,2022,1,1,346,SI,สโลวีเนีย,1B,ทวีปยุโรป,6366.0,0.0
2022-01,2022,1,1,338,HR,โครเอเชีย,1B,ทวีปยุโรป,6260.0,0.0
2022-01,2022,1,1,438,ET,เอธิโอเปีย,1E,ทวีปแอฟริกา,1570.0,0.0
2022-01,2022,1,1,476,TZ,แทนซาเนีย,1E,ทวีปแอฟริกา,1300.0,0.0
2022-01,2022,1,1,395,MQ,มาร์ตินีก,1C,ทวีปอเมริกาเหนือ,989.0,0.0
2022-01,2022,1,1,447,KE,เคนยา,1E,ทวีปแอฟริกา,780.0,0.0
2022-01,2022,1,1,292,KW,คูเวต,1A,ทวีปเอเชีย,750.0,0.0
2022-01,2022,1,1,294,OM,โอมาน,1A,ทวีปเอเชีย,439.0,0.0
2022-01,2022,1,1,441,GH,กานา,1E,ทวีปแอฟริกา,260.0,0.0
2022-01,2022,1,1,291,JO,จอร์แดน,1A,ทวีปเอเชีย,260.0,0.0
2022-01,2022,1,1,289,IQ,อิรัก,1A,ทวีปเอเชีย,260.0,0.0
2022-02,2022,2,1,373,US,สหรัฐอเมริกา,1C,ทวีปอเมริกาเหนือ,2576142041.0,0.0
2022-02,2022,2,1,302,CN,จีน,1A,ทวีปเอเชีย,726787174.0,0.0
2022-02,2022,2,1,304,JP,ญี่ปุ่น,1A,ทวีปเอเชีย,476880023.0,0.0
2022-02,2022,2,1,325,NL,เนเธอร์แลนด์,1B,ทวีปยุโรป,397925737.0,0.0
2022-02,2022,2,1,372,MX,เม็กซิโก,1C,ทวีปอเมริกาเหนือ,449527164.0,0.0
2022-02,2022,2,1,323,IT,อิตาลี,1B,ทวีปยุโรป,268375869.0,0.0
2022-02,2022,2,1,303,HK,ฮ่องกง,1A,ทวีปเอเชีย,285115772.0,0.0
2022-02,2022,2,1,315,DE,เยอรมนี,1B,ทวีปยุโรป,237544459.0,0.0
2022-02,2022,2,1,271,MY,มาเลเซีย,1A,ทวีปเอเชีย,211858296.0,0.0
2022-02,2022,2,1,309,TW,ไต้หวัน,1A,ทวีปเอเชีย,210834801.0,0.0
2022-02,2022,2,1,336,CZ,สาธารณรัฐเช็ก,1B,ทวีปยุโรป,212153694.0,0.0
2022-02,2022,2,1,273,SG,สิงคโปร์,1A,ทวีปเอเชีย,153869255.0,0.0
2022-02,2022,2,1,320,GB,สหราชอาณาจักร,1B,ทวีปยุโรป,64708764.0,0.0
2022-02,2022,2,1,486,FJ,ฟิจิ,1F,ทวีปออสเตรเลีย,0.0,0.0
2022-02,2022,2,1,339,HU,ฮังการี,1B,ทวีปยุโรป,87849509.0,0.0
2022-02,2022,2,1,279,IN,อินเดีย,1A,ทวีปเอเชีย,59234031.0,0.0
2022-02,2022,2,1,272,PH,ฟิลิปปินส์,1A,ทวีปเอเชีย,8192600.0,0.0
2022-02,2022,2,1,274,VN,เวียดนาม,1A,ทวีปเอเชีย,53996039.0,0.0
2022-02,2022,2,1,347,SK,สโลวาเกีย,1B,ทวีปยุโรป,49358716.0,0.0
2022-02,2022,2,1,316,DK,เดนมาร์ก,1B,ทวีปยุโรป,37712362.0,0.0
2022-02,2022,2,1,306,KR,เกาหลีใต้,1A,ทวีปเอเชีย,32801479.0,0.0
2022-02,2022,2,1,319,FR,ฝรั่งเศส,1B,ทวีปยุโรป,36166099.0,0.0
2022-02,2022,2,1,268,KH,กัมพูชา,1A,ทวีปเอเชีย,29152441.0,0.0
2022-02,2022,2,1,269,LA,สปป. ลาว,1A,ทวีปเอเชีย,24654575.0,0.0
2022-02,2022,2,1,343,PL,โปแลนด์,1B,ทวีปยุโรป,39081783.0,0.0
2022-02,2022,2,1,483,AU,ออสเตรเลีย,1F,ทวีปออสเตรเลีย,22803534.0,0.0
2022-02,2022,2,1,317,ES,สเปน,1B,ทวีปยุโรป,13962453.0,0.0
2022-02,2022,2,1,267,ID,อินโดนีเซีย,1A,ทวีปเอเชีย,17592122.0,0.0
2022-02,2022,2,1,270,MM,เมียนมา,1A,ทวีปเอเชีย,16797144.0,0.0
2022-02,2022,2,1,409,BR,บราซิล,1D,ทวีปอเมริกาใต้,8349366.0,0.0
2022-02,2022,2,1,458,MZ,โมซัมบิก,1E,ทวีปแอฟริกา,0.0,0.0
2022-02,2022,2,1,298,TR,ตุรกี,1A,ทวีปเอเชีย,2314356.0,0.0
2022-02,2022,2,1,344,RO,โรมาเนีย,1B,ทวีปยุโรป,10627849.0,0.0
2022-02,2022,2,1,437,EG,อียิปต์,1E,ทวีปแอฟริกา,3955901.0,0.0
2022-02,2022,2,1,431,CI,โกตดิวัวร์,1E,ทวีปแอฟริกา,9570746.0,0.0
2022-02,2022,2,1,371,CA,แคนาดา,1C,ทวีปอเมริกาเหนือ,2218024.0,0.0
2022-02,2022,2,1,288,IL,อิสราเอล,1A,ทวีปเอเชีย,5898151.0,0.0
2022-02,2022,2,1,478,ZA,แอฟริกาใต้,1E,ทวีปแอฟริกา,7704328.0,0.0
2022-02,2022,2,1,283,PK,ปากีสถาน,1A,ทวีปเอเชีย,2625275.0,0.0
2022-02,2022,2,1,499,PG,ปาปัวนิวกินี,1F,ทวีปออสเตรเลีย,6223443.0,0.0
2022-02,2022,2,1,266,BN,บรูไน,1A,ทวีปเอเชีย,607005.0,0.0
2022-02,2022,2,1,327,SE,สวีเดน,1B,ทวีปยุโรป,2561020.0,0.0
2022-02,2022,2,1,345,RU,รัสเซีย,1B,ทวีปยุโรป,3158537.0,0.0
2022-02,2022,2,1,318,FI,ฟินแลนด์,1B,ทวีปยุโรป,234432.0,0.0
2022-02,2022,2,1,322,IE,ไอร์แลนด์,1B,ทวีปยุโรป,3248761.0,0.0
2022-02,2022,2,1,356,CH,สวิตเซอร์แลนด์,1B,ทวีปยุโรป,999788.0,0.0
2022-02,2022,2,1,312,AT,ออสเตรีย,1B,ทวีปยุโรป,2762033.0,0.0
2022-02,2022,2,1,383,DM,โดมินิกา,1C,ทวีปอเมริกาเหนือ,2651391.0,0.0
2022-02,2022,2,1,313,BE,เบลเยียม,1B,ทวีปยุโรป,2066858.0,0.0
2022-02,2022,2,1,326,PT,โปรตุเกส,1B,ทวีปยุโรป,1093259.0,0.0
2022-02,2022,2,1,454,ML,มาลี,1E,ทวีปแอฟริกา,2332830.0,0.0
2022-02,2022,2,1,357,EE,เอสโตเนีย,1B,ทวีปยุโรป,1043751.0,0.0
2022-02,2022,2,1,461,NG,ไนจีเรีย,1E,ทวีปแอฟริกา,13326.0,0.0
2022-02,2022,2,1,497,NZ,นิวซีแลนด์,1F,ทวีปออสเตรเลีย,829724.0,0.0
2022-02,2022,2,1,366,NO,นอร์เวย์,1B,ทวีปยุโรป,560492.0,0.0
2022-02,2022,2,1,362,LT,ลิทัวเนีย,1B,ทวีปยุโรป,101261.0,0.0
2022-02,2022,2,1,285,AE,สหรัฐอาหรับเอมิเรตส์,1A,ทวีปเอเชีย,638287.0,0.0
2022-02,2022,2,1,384,DO,สาธารณรัฐโดมินิกัน,1C,ทวีปอเมริกาเหนือ,887222.0,0.0
2022-02,2022,2,1,407,AR,อาร์เจนตินา,1D,ทวีปอเมริกาใต้,148359.0,0.0
2022-02,2022,2,1,411,CO,โคลอมเบีย,1D,ทวีปอเมริกาใต้,158312.0,0.0
2022-02,2022,2,1,475,TN,ตูนิเซีย,1E,ทวีปแอฟริกา,0.0,0.0
2022-02,2022,2,1,281,MV,มัลดีฟส์,1A,ทวีปเอเชีย,335541.0,0.0
2022-02,2022,2,1,277,BD,บังกลาเทศ,1A,ทวีปเอเชีย,21420.0,0.0
2022-02,2022,2,1,398,PR,เปอร์โตริโก,1C,ทวีปอเมริกาเหนือ,287870.0,0.0
2022-02,2022,2,1,295,QA,กาตาร์,1A,ทวีปเอเชีย,110421.0,0.0
2022-02,2022,2,1,282,NP,เนปาล,1A,ทวีปเอเชีย,142433.0,0.0
2022-02,2022,2,1,280,LK,ศรีลังกา,1A,ทวีปเอเชีย,0.0,0.0
2022-02,2022,2,1,417,PE,เปรู,1D,ทวีปอเมริกาใต้,0.0,0.0
2022-02,2022,2,1,510,AS,อเมริกันซามัวร์,1F,ทวีปออสเตรเลีย,0.0,0.0
2022-02,2022,2,1,410,CL,ชิลี,1D,ทวีปอเมริกาใต้,23718.0,0.0
2022-02,2022,2,1,300,YE,เยเมน,1A,ทวีปเอเชีย,90398.0,0.0
2022-02,2022,2,1,505,VU,วานูอาตู,1F,ทวีปออสเตรเลีย,54883.0,0.0
2022-02,2022,2,1,296,SA,ซาอุดีอาระเบีย,1A,ทวีปเอเชีย,44476.0,0.0
2022-02,2022,2,1,380,BZ,เบลิซ,1C,ทวีปอเมริกาเหนือ,48187.0,0.0
2022-02,2022,2,1,278,BT,ภูฎาน,1A,ทวีปเอเชีย,2060.0,0.0
2022-02,2022,2,1,379,BS,บาฮามาส,1C,ทวีปอเมริกาเหนือ,0.0,0.0
2022-02,2022,2,1,456,MU,มอริเชียส,1E,ทวีปแอฟริกา,22977.0,0.0
2022-02,2022,2,1,308,MO,มาเก๊า,1A,ทวีปเอเชีย,0.0,0.0
2022-02,2022,2,1,307,MN,มองโกเลีย,1A,ทวีปเอเชีย,0.0,0.0
2022-02,2022,2,1,447,KE,เคนยา,1E,ทวีปแอฟริกา,9776.0,0.0
2022-02,2022,2,1,346,SI,สโลวีเนีย,1B,ทวีปยุโรป,1641.0,0.0
2022-02,2022,2,1,338,HR,โครเอเชีย,1B,ทวีปยุโรป,0.0,0.0
2022-02,2022,2,1,452,MA,โมร็อกโก,1E,ทวีปแอฟริกา,3920.0,0.0
2022-02,2022,2,1,388,GT,กัวเตมาลา,1C,ทวีปอเมริกาเหนือ,2023.0,0.0
2022-02,2022,2,1,438,ET,เอธิโอเปีย,1E,ทวีปแอฟริกา,0.0,0.0
2022-02,2022,2,1,476,TZ,แทนซาเนีย,1E,ทวีปแอฟริกา,256.0,0.0
2022-02,2022,2,1,395,MQ,มาร์ตินีก,1C,ทวีปอเมริกาเหนือ,0.0,0.0
2022-02,2022,2,1,333,BG,บัลแกเรีย,1B,ทวีปยุโรป,770.0,0.0
2022-02,2022,2,1,292,KW,คูเวต,1A,ทวีปเอเชีย,0.0,0.0
2022-02,2022,2,1,294,OM,โอมาน,1A,ทวีปเอเชีย,0.0,0.0
2022-02,2022,2,1,441,GH,กานา,1E,ทวีปแอฟริกา,0.0,0.0
2022-02,2022,2,1,291,JO,จอร์แดน,1A,ทวีปเอเชีย,0.0,0.0
2022-02,2022,2,1,289,IQ,อิรัก,1A,ทวีปเอเชีย,0.0,0.0
2022-02,2022,2,1,337,GE,จอร์เจีย,1A,ทวีปเอเชีย,256.0,0.0
2022-03,2022,3,1,373,US,สหรัฐอเมริกา,1C,ทวีปอเมริกาเหนือ,2906661119.0,0.0
2022-03,2022,3,1,302,CN,จีน,1A,ทวีปเอเชีย,824203608.0,0.0
2022-03,2022,3,1,325,NL,เนเธอร์แลนด์,1B,ทวีปยุโรป,609851319.0,0.0
2022-03,2022,3,1,304,JP,ญี่ปุ่น,1A,ทวีปเอเชีย,546225866.0,0.0
2022-03,2022,3,1,372,MX,เม็กซิโก,1C,ทวีปอเมริกาเหนือ,569441512.0,0.0
2022-03,2022,3,1,323,IT,อิตาลี,1B,ทวีปยุโรป,346070506.0,0.0
2022-03,2022,3,1,303,HK,ฮ่องกง,1A,ทวีปเอเชีย,292636757.0,0.0
2022-03,2022,3,1,271,MY,มาเลเซีย,1A,ทวีปเอเชีย,217052717.0,0.0
2022-03,2022,3,1,315,DE,เยอรมนี,1B,ทวีปยุโรป,175259259.0,0.0
2022-03,2022,3,1,336,CZ,สาธารณรัฐเช็ก,1B,ทวีปยุโรป,222394397.0,0.0
2022-03,2022,3,1,309,TW,ไต้หวัน,1A,ทวีปเอเชีย,188551896.0,0.0
2022-03,2022,3,1,273,SG,สิงคโปร์,1A,ทวีปเอเชีย,118548099.0,0.0
2022-03,2022,3,1,339,HU,ฮังการี,1B,ทวีปยุโรป,98938706.0,0.0
2022-03,2022,3,1,320,GB,สหราชอาณาจักร,1B,ทวีปยุโรป,61623866.0,0.0
2022-03,2022,3,1,279,IN,อินเดีย,1A,ทวีปเอเชีย,68599161.0,0.0
2022-03,2022,3,1,272,PH,ฟิลิปปินส์,1A,ทวีปเอเชีย,61504179.0,0.0
2022-03,2022,3,1,486,FJ,ฟิจิ,1F,ทวีปออสเตรเลีย,0.0,0.0
2022-03,2022,3,1,274,VN,เวียดนาม,1A,ทวีปเอเชีย,46447631.0,0.0
2022-03,2022,3,1,347,SK,สโลวาเกีย,1B,ทวีปยุโรป,49173109.0,0.0
2022-03,2022,3,1,306,KR,เกาหลีใต้,1A,ทวีปเอเชีย,46917306.0,0.0
2022-03,2022,3,1,316,DK,เดนมาร์ก,1B,ทวีปยุโรป,42955360.0,0.0
2022-03,2022,3,1,268,KH,กัมพูชา,1A,ทวีปเอเชีย,61171311.0,0.0
2022-03,2022,3,1,319,FR,ฝรั่งเศส,1B,ทวีปยุโรป,29290131.0,0.0
2022-03,2022,3,1,269,LA,สปป. ลาว,1A,ทวีปเอเชีย,28001300.0,0.0
2022-03,2022,3,1,343,PL,โปแลนด์,1B,ทวีปยุโรป,16988057.0,0.0
2022-03,2022,3,1,483,AU,ออสเตรเลีย,1F,ทวีปออสเตรเลีย,22259929.0,0.0
2022-03,2022,3,1,267,ID,อินโดนีเซีย,1A,ทวีปเอเชีย,27249820.0,0.0
2022-03,2022,3,1,317,ES,สเปน,1B,ทวีปยุโรป,14867032.0,0.0
2022-03,2022,3,1,270,MM,เมียนมา,1A,ทวีปเอเชีย,12067786.0,0.0
2022-03,2022,3,1,409,BR,บราซิล,1D,ทวีปอเมริกาใต้,14401600.0,0.0
2022-03,2022,3,1,298,TR,ตุรกี,1A,ทวีปเอเชีย,6349519.0,0.0
2022-03,2022,3,1,344,RO,โรมาเนีย,1B,ทวีปยุโรป,6765328.0,0.0
2022-03,2022,3,1,266,BN,บรูไน,1A,ทวีปเอเชีย,12561903.0,0.0
2022-03,2022,3,1,458,MZ,โมซัมบิก,1E,ทวีปแอฟริกา,0.0,0.0
2022-03,2022,3,1,437,EG,อียิปต์,1E,ทวีปแอฟริกา,4972722.0,0.0
2022-03,2022,3,1,327,SE,สวีเดน,1B,ทวีปยุโรป,6224231.0,0.0
2022-03,2022,3,1,288,IL,อิสราเอล,1A,ทวีปเอเชีย,2836049.0,0.0
2022-03,2022,3,1,283,PK,ปากีสถาน,1A,ทวีปเอเชีย,3163653.0,0.0
2022-03,2022,3,1,371,CA,แคนาดา,1C,ทวีปอเมริกาเหนือ,904400.0,0.0
2022-03,2022,3,1,397,PA,ปานามา,1C,ทวีปอเมริกาเหนือ,9611870.0,0.0
2022-03,2022,3,1,431,CI,โกตดิวัวร์,1E,ทวีปแอฟริกา,25037.0,0.0
2022-03,2022,3,1,312,AT,ออสเตรีย,1B,ทวีปยุโรป,6504702.0,0.0
2022-03,2022,3,1,478,ZA,แอฟริกาใต้,1E,ทวีปแอฟริกา,434704.0,0.0
2022-03,2022,3,1,499,PG,ปาปัวนิวกินี,1F,ทวีปออสเตรเลีย,303.0,0.0
2022-03,2022,3,1,356,CH,สวิตเซอร์แลนด์,1B,ทวีปยุโรป,3291353.0,0.0
2022-03,2022,3,1,345,RU,รัสเซีย,1B,ทวีปยุโรป,438672.0,0.0
2022-03,2022,3,1,318,FI,ฟินแลนด์,1B,ทวีปยุโรป,653926.0,0.0
2022-03,2022,3,1,313,BE,เบลเยียม,1B,ทวีปยุโรป,1109477.0,0.0
2022-03,2022,3,1,322,IE,ไอร์แลนด์,1B,ทวีปยุโรป,274528.0,0.0
2022-03,2022,3,1,326,PT,โปรตุเกส,1B,ทวีปยุโรป,728712.0,0.0
2022-03,2022,3,1,383,DM,โดมินิกา,1C,ทวีปอเมริกาเหนือ,0.0,0.0
2022-03,2022,3,1,497,NZ,นิวซีแลนด์,1F,ทวีปออสเตรเลีย,1175097.0,0.0
2022-03,2022,3,1,454,ML,มาลี,1E,ทวีปแอฟริกา,0.0,0.0
2022-03,2022,3,1,357,EE,เอสโตเนีย,1B,ทวีปยุโรป,429856.0,0.0
2022-03,2022,3,1,281,MV,มัลดีฟส์,1A,ทวีปเอเชีย,1567569.0,0.0
2022-03,2022,3,1,461,NG,ไนจีเรีย,1E,ทวีปแอฟริกา,0.0,0.0
2022-03,2022,3,1,366,NO,นอร์เวย์,1B,ทวีปยุโรป,154968.0,0.0
2022-03,2022,3,1,362,LT,ลิทัวเนีย,1B,ทวีปยุโรป,155362.0,0.0
2022-03,2022,3,1,285,AE,สหรัฐอาหรับเอมิเรตส์,1A,ทวีปเอเชีย,177022.0,0.0
2022-03,2022,3,1,384,DO,สาธารณรัฐโดมินิกัน,1C,ทวีปอเมริกาเหนือ,533.0,0.0
2022-03,2022,3,1,407,AR,อาร์เจนตินา,1D,ทวีปอเมริกาใต้,170257.0,0.0
2022-03,2022,3,1,296,SA,ซาอุดีอาระเบีย,1A,ทวีปเอเชีย,625038.0,0.0
2022-03,2022,3,1,411,CO,โคลอมเบีย,1D,ทวีปอเมริกาใต้,132117.0,0.0
2022-03,2022,3,1,475,TN,ตูนิเซีย,1E,ทวีปแอฟริกา,0.0,0.0
2022-03,2022,3,1,277,BD,บังกลาเทศ,1A,ทวีปเอเชีย,18738.0,0.0
2022-03,2022,3,1,398,PR,เปอร์โตริโก,1C,ทวีปอเมริกาเหนือ,0.0,0.0
2022-03,2022,3,1,295,QA,กาตาร์,1A,ทวีปเอเชีย,11185.0,0.0
2022-03,2022,3,1,280,LK,ศรีลังกา,1A,ทวีปเอเชีย,15621.0,0.0
2022-03,2022,3,1,410,CL,ชิลี,1D,ทวีปอเมริกาใต้,54419.0,0.0
2022-03,2022,3,1,282,NP,เนปาล,1A,ทวีปเอเชีย,0.0,0.0
2022-03,2022,3,1,417,PE,เปรู,1D,ทวีปอเมริกาใต้,5967.0,0.0
2022-03,2022,3,1,510,AS,อเมริกันซามัวร์,1F,ทวีปออสเตรเลีย,0.0,0.0
2022-03,2022,3,1,300,YE,เยเมน,1A,ทวีปเอเชีย,0.0,0.0
2022-03,2022,3,1,292,KW,คูเวต,1A,ทวีปเอเชีย,64599.0,0.0
2022-03,2022,3,1,308,MO,มาเก๊า,1A,ทวีปเอเชีย,43399.0,0.0
2022-03,2022,3,1,424,AO,แองโกลา,1E,ทวีปแอฟริกา,59596.0,0.0
2022-03,2022,3,1,505,VU,วานูอาตู,1F,ทวีปออสเตรเลีย,0.0,0.0
2022-03,2022,3,1,380,BZ,เบลิซ,1C,ทวีปอเมริกาเหนือ,0.0,0.0
2022-03,2022,3,1,278,BT,ภูฎาน,1A,ทวีปเอเชีย,0.0,0.0
2022-03,2022,3,1,333,BG,บัลแกเรีย,1B,ทวีปยุโรป,42251.0,0.0
2022-03,2022,3,1,456,MU,มอริเชียส,1E,ทวีปแอฟริกา,3536.0,0.0
2022-03,2022,3,1,379,BS,บาฮามาส,1C,ทวีปอเมริกาเหนือ,0.0,0.0
2022-03,2022,3,1,307,MN,มองโกเลีย,1A,ทวีปเอเชีย,0.0,0.0
2022-03,2022,3,1,447,KE,เคนยา,1E,ทวีปแอฟริกา,0.0,0.0
2022-03,2022,3,1,346,SI,สโลวีเนีย,1B,ทวีปยุโรป,0.0,0.0
2022-03,2022,3,1,290,IR,อิหร่าน,1A,ทวีปเอเชีย,7117.0,0.0
2022-03,2022,3,1,473,TD,ชาด,1E,ทวีปแอฟริกา,6584.0,0.0
2022-03,2022,3,1,338,HR,โครเอเชีย,1B,ทวีปยุโรป,0.0,0.0
2022-03,2022,3,1,453,MG,มาดากัสการ์,1E,ทวีปแอฟริกา,5018.0,0.0
2022-03,2022,3,1,498,PF,เฟรนช์โปลีนีเซีย,1F,ทวีปออสเตรเลีย,4653.0,0.0
2022-03,2022,3,1,363,LV,ลัตเวีย,1B,ทวีปยุโรป,4470.0,0.0
2022-03,2022,3,1,419,PY,ปารากวัย,1D,ทวีปอเมริกาใต้,4054.0,0.0
2022-03,2022,3,1,452,MA,โมร็อกโก,1E,ทวีปแอฟริกา,0.0,0.0
2022-03,2022,3,1,388,GT,กัวเตมาลา,1C,ทวีปอเมริกาเหนือ,0.0,0.0
2022-03,2022,3,1,438,ET,เอธิโอเปีย,1E,ทวีปแอฟริกา,0.0,0.0
2022-03,2022,3,1,476,TZ,แทนซาเนีย,1E,ทวีปแอฟริกา,0.0,0.0
2022-03,2022,3,1,395,MQ,มาร์ตินีก,1C,ทวีปอเมริกาเหนือ,0.0,0.0
2022-03,2022,3,1,441,GH,กานา,1E,ทวีปแอฟริกา,249.0,0.0
2022-03,2022,3,1,291,JO,จอร์แดน,1A,ทวีปเอเชีย,249.0,0.0
2022-03,2022,3,1,294,OM,โอมาน,1A,ทวีปเอเชีย,0.0,0.0
2022-03,2022,3,1,289,IQ,อิรัก,1A,ทวีปเอเชีย,0.0,0.0
2022-03,2022,3,1,337,GE,จอร์เจีย,1A,ทวีปเอเชีย,0.0,0.0
2022-04,2022,4,2,373,US,สหรัฐอเมริกา,1C,ทวีปอเมริกาเหนือ,2598256411.0,0.0
2022-04,2022,4,2,302,CN,จีน,1A,ทวีปเอเชีย,650509344.0,0.0
2022-04,2022,4,2,325,NL,เนเธอร์แลนด์,1B,ทวีปยุโรป,555939570.0,0.0
2022-04,2022,4,2,304,JP,ญี่ปุ่น,1A,ทวีปเอเชีย,432427936.0,0.0
2022-04,2022,4,2,372,MX,เม็กซิโก,1C,ทวีปอเมริกาเหนือ,433279514.0,0.0
2022-04,2022,4,2,323,IT,อิตาลี,1B,ทวีปยุโรป,275780093.0,0.0
2022-04,2022,4,2,303,HK,ฮ่องกง,1A,ทวีปเอเชีย,344038331.0,0.0
2022-04,2022,4,2,271,MY,มาเลเซีย,1A,ทวีปเอเชีย,193811932.0,0.0
2022-04,2022,4,2,315,DE,เยอรมนี,1B,ทวีปยุโรป,219390383.0,0.0
2022-04,2022,4,2,309,TW,ไต้หวัน,1A,ทวีปเอเชีย,215392366.0,0.0
2022-04,2022,4,2,336,CZ,สาธารณรัฐเช็ก,1B,ทวีปยุโรป,172553001.0,0.0
2022-04,2022,4,2,273,SG,สิงคโปร์,1A,ทวีปเอเชีย,120969447.0,0.0
2022-04,2022,4,2,279,IN,อินเดีย,1A,ทวีปเอเชีย,142507414.0,0.0
2022-04,2022,4,2,339,HU,ฮังการี,1B,ทวีปยุโรป,75966567.0,0.0
2022-04,2022,4,2,320,GB,สหราชอาณาจักร,1B,ทวีปยุโรป,56970770.0,0.0
2022-04,2022,4,2,274,VN,เวียดนาม,1A,ทวีปเอเชีย,55712621.0,0.0
2022-04,2022,4,2,272,PH,ฟิลิปปินส์,1A,ทวีปเอเชีย,6608275.0,0.0
2022-04,2022,4,2,306,KR,เกาหลีใต้,1A,ทวีปเอเชีย,59763506.0,0.0
2022-04,2022,4,2,347,SK,สโลวาเกีย,1B,ทวีปยุโรป,31835111.0,0.0
2022-04,2022,4,2,316,DK,เดนมาร์ก,1B,ทวีปยุโรป,45597771.0,0.0
2022-04,2022,4,2,486,FJ,ฟิจิ,1F,ทวีปออสเตรเลีย,0.0,0.0
2022-04,2022,4,2,268,KH,กัมพูชา,1A,ทวีปเอเชีย,16796748.0,0.0
2022-04,2022,4,2,319,FR,ฝรั่งเศส,1B,ทวีปยุโรป,20272766.0,0.0
2022-04,2022,4,2,269,LA,สปป. ลาว,1A,ทวีปเอเชีย,22784348.0,0.0
2022-04,2022,4,2,343,PL,โปแลนด์,1B,ทวีปยุโรป,9165251.0,0.0
2022-04,2022,4,2,483,AU,ออสเตรเลีย,1F,ทวีปออสเตรเลีย,10061583.0,0.0
2022-04,2022,4,2,267,ID,อินโดนีเซีย,1A,ทวีปเอเชีย,10202388.0,0.0
2022-04,2022,4,2,317,ES,สเปน,1B,ทวีปยุโรป,10370768.0,0.0
2022-04,2022,4,2,270,MM,เมียนมา,1A,ทวีปเอเชีย,10588449.0,0.0
2022-04,2022,4,2,409,BR,บราซิล,1D,ทวีปอเมริกาใต้,20536890.0,0.0
2022-04,2022,4,2,344,RO,โรมาเนีย,1B,ทวีปยุโรป,9753380.0,0.0
2022-04,2022,4,2,298,TR,ตุรกี,1A,ทวีปเอเชีย,7265946.0,0.0
2022-04,2022,4,2,327,SE,สวีเดน,1B,ทวีปยุโรป,10652383.0,0.0
2022-04,2022,4,2,437,EG,อียิปต์,1E,ทวีปแอฟริกา,5981340.0,0.0
2022-04,2022,4,2,266,BN,บรูไน,1A,ทวีปเอเชีย,2617549.0,0.0
2022-04,2022,4,2,478,ZA,แอฟริกาใต้,1E,ทวีปแอฟริกา,8563158.0,0.0
2022-04,2022,4,2,288,IL,อิสราเอล,1A,ทวีปเอเชีย,5547120.0,0.0
2022-04,2022,4,2,458,MZ,โมซัมบิก,1E,ทวีปแอฟริกา,81003.0,0.0
2022-04,2022,4,2,397,PA,ปานามา,1C,ทวีปอเมริกาเหนือ,6165111.0,0.0
2022-04,2022,4,2,312,AT,ออสเตรีย,1B,ทวีปยุโรป,6095444.0,0.0
2022-04,2022,4,2,283,PK,ปากีสถาน,1A,ทวีปเอเชีย,3506973.0,0.0
2022-04,2022,4,2,371,CA,แคนาดา,1C,ทวีปอเมริกาเหนือ,640827.0,0.0
2022-04,2022,4,2,431,CI,โกตดิวัวร์,1E,ทวีปแอฟริกา,0.0,0.0
2022-04,2022,4,2,356,CH,สวิตเซอร์แลนด์,1B,ทวีปยุโรป,1524388.0,0.0
2022-04,2022,4,2,318,FI,ฟินแลนด์,1B,ทวีปยุโรป,2915785.0,0.0
2022-04,2022,4,2,357,EE,เอสโตเนีย,1B,ทวีปยุโรป,4575201.0,0.0
2022-04,2022,4,2,499,PG,ปาปัวนิวกินี,1F,ทวีปออสเตรเลีย,22211.0,0.0
2022-04,2022,4,2,313,BE,เบลเยียม,1B,ทวีปยุโรป,1508827.0,0.0
2022-04,2022,4,2,322,IE,ไอร์แลนด์,1B,ทวีปยุโรป,983759.0,0.0
2022-04,2022,4,2,345,RU,รัสเซีย,1B,ทวีปยุโรป,6354.0,0.0
2022-04,2022,4,2,461,NG,ไนจีเรีย,1E,ทวีปแอฟริกา,2234568.0,0.0
2022-04,2022,4,2,346,SI,สโลวีเนีย,1B,ทวีปยุโรป,3734067.0,0.0
2022-04,2022,4,2,326,PT,โปรตุเกส,1B,ทวีปยุโรป,92201.0,0.0
2022-04,2022,4,2,497,NZ,นิวซีแลนด์,1F,ทวีปออสเตรเลีย,406543.0,0.0
2022-04,2022,4,2,383,DM,โดมินิกา,1C,ทวีปอเมริกาเหนือ,0.0,0.0
2022-04,2022,4,2,454,ML,มาลี,1E,ทวีปแอฟริกา,0.0,0.0
2022-04,2022,4,2,281,MV,มัลดีฟส์,1A,ทวีปเอเชีย,4136.0,0.0
2022-04,2022,4,2,362,LT,ลิทัวเนีย,1B,ทวีปยุโรป,539546.0,0.0
2022-04,2022,4,2,407,AR,อาร์เจนตินา,1D,ทวีปอเมริกาใต้,676482.0,0.0
2022-04,2022,4,2,366,NO,นอร์เวย์,1B,ทวีปยุโรป,253.0,0.0
2022-04,2022,4,2,285,AE,สหรัฐอาหรับเอมิเรตส์,1A,ทวีปเอเชีย,127046.0,0.0
2022-04,2022,4,2,280,LK,ศรีลังกา,1A,ทวีปเอเชีย,961939.0,0.0
2022-04,2022,4,2,277,BD,บังกลาเทศ,1A,ทวีปเอเชีย,568990.0,0.0
2022-04,2022,4,2,384,DO,สาธารณรัฐโดมินิกัน,1C,ทวีปอเมริกาเหนือ,0.0,0.0
2022-04,2022,4,2,411,CO,โคลอมเบีย,1D,ทวีปอเมริกาใต้,132975.0,0.0
2022-04,2022,4,2,296,SA,ซาอุดีอาระเบีย,1A,ทวีปเอเชีย,12914.0,0.0
2022-04,2022,4,2,475,TN,ตูนิเซีย,1E,ทวีปแอฟริกา,0.0,0.0
2022-04,2022,4,2,398,PR,เปอร์โตริโก,1C,ทวีปอเมริกาเหนือ,0.0,0.0
2022-04,2022,4,2,333,BG,บัลแกเรีย,1B,ทวีปยุโรป,207862.0,0.0
2022-04,2022,4,2,295,QA,กาตาร์,1A,ทวีปเอเชีย,0.0,0.0
2022-04,2022,4,2,410,CL,ชิลี,1D,ทวีปอเมริกาใต้,0.0,0.0
2022-04,2022,4,2,282,NP,เนปาล,1A,ทวีปเอเชีย,259.0,0.0
2022-04,2022,4,2,417,PE,เปรู,1D,ทวีปอเมริกาใต้,3892.0,0.0
2022-04,2022,4,2,292,KW,คูเวต,1A,ทวีปเอเชีย,57915.0,0.0
2022-04,2022,4,2,510,AS,อเมริกันซามัวร์,1F,ทวีปออสเตรเลีย,0.0,0.0
2022-04,2022,4,2,595,SS,ซูดานใต้,1E,ทวีปแอฟริกา,111536.0,0.0
2022-04,2022,4,2,308,MO,มาเก๊า,1A,ทวีปเอเชีย,35314.0,0.0
2022-04,2022,4,2,505,VU,วานูอาตู,1F,ทวีปออสเตรเลีย,37509.0,0.0
2022-04,2022,4,2,300,YE,เยเมน,1A,ทวีปเอเชีย,0.0,0.0
2022-04,2022,4,2,424,AO,แองโกลา,1E,ทวีปแอฟริกา,0.0,0.0
2022-04,2022,4,2,380,BZ,เบลิซ,1C,ทวีปอเมริกาเหนือ,0.0,0.0
2022-04,2022,4,2,278,BT,ภูฎาน,1A,ทวีปเอเชีย,0.0,0.0
2022-04,2022,4,2,456,MU,มอริเชียส,1E,ทวีปแอฟริกา,0.0,0.0
2022-04,2022,4,2,379,BS,บาฮามาส,1C,ทวีปอเมริกาเหนือ,0.0,0.0
2022-04,2022,4,2,412,EC,เอกวาดอร์,1D,ทวีปอเมริกาใต้,19696.0,0.0
2022-04,2022,4,2,321,GR,กรีซ,1B,ทวีปยุโรป,13301.0,0.0
2022-04,2022,4,2,307,MN,มองโกเลีย,1A,ทวีปเอเชีย,0.0,0.0
2022-04,2022,4,2,447,KE,เคนยา,1E,ทวีปแอฟริกา,259.0,0.0
2022-04,2022,4,2,290,IR,อิหร่าน,1A,ทวีปเอเชีย,0.0,0.0
2022-04,2022,4,2,473,TD,ชาด,1E,ทวีปแอฟริกา,0.0,0.0
2022-04,2022,4,2,338,HR,โครเอเชีย,1B,ทวีปยุโรป,0.0,0.0
2022-04,2022,4,2,453,MG,มาดากัสการ์,1E,ทวีปแอฟริกา,259.0,0.0
2022-04,2022,4,2,498,PF,เฟรนช์โปลีนีเซีย,1F,ทวีปออสเตรเลีย,0.0,0.0
2022-04,2022,4,2,363,LV,ลัตเวีย,1B,ทวีปยุโรป,0.0,0.0
2022-04,2022,4,2,419,PY,ปารากวัย,1D,ทวีปอเมริกาใต้,0.0,0.0
2022-04,2022,4,2,452,MA,โมร็อกโก,1E,ทวีปแอฟริกา,0.0,0.0
2022-04,2022,4,2,441,GH,กานา,1E,ทวีปแอฟริกา,3282.0,0.0
2022-04,2022,4,2,484,CK,หมู่เกาะดุก,1F,ทวีปออสเตรเลีย,2708.0,0.0
2022-04,2022,4,2,476,TZ,แทนซาเนีย,1E,ทวีปแอฟริกา,777.0,0.0
2022-04,2022,4,2,388,GT,กัวเตมาลา,1C,ทวีปอเมริกาเหนือ,0.0,0.0
2022-04,2022,4,2,438,ET,เอธิโอเปีย,1E,ทวีปแอฟริกา,0.0,0.0
2022-04,2022,4,2,395,MQ,มาร์ตินีก,1C,ทวีปอเมริกาเหนือ,0.0,0.0
2022-04,2022,4,2,286,BH,บาห์เรน,1A,ทวีปเอเชีย,861.0,0.0
2022-04,2022,4,2,291,JO,จอร์แดน,1A,ทวีปเอเชีย,0.0,0.0
2022-04,2022,4,2,294,OM,โอมาน,1A,ทวีปเอเชีย,0.0,0.0
2022-04,2022,4,2,289,IQ,อิรัก,1A,ทวีปเอเชีย,0.0,0.0
2022-04,2022,4,2,463,RE,เรอูนียง,1E,ทวีปแอฟริกา,259.0,0.0
2022-04,2022,4,2,337,GE,จอร์เจีย,1A,ทวีปเอเชีย,0.0,0.0
2022-05,2022,5,2,373,US,สหรัฐอเมริกา,1C,ทวีปอเมริกาเหนือ,3352794172.0,0.0
2022-05,2022,5,2,302,CN,จีน,1A,ทวีปเอเชีย,596442577.0,0.0
2022-05,2022,5,2,304,JP,ญี่ปุ่น,1A,ทวีปเอเชีย,742703489.0,0.0
2022-05,2022,5,2,372,MX,เม็กซิโก,1C,ทวีปอเมริกาเหนือ,699320631.0,0.0
2022-05,2022,5,2,325,NL,เนเธอร์แลนด์,1B,ทวีปยุโรป,352858819.0,0.0
2022-05,2022,5,2,303,HK,ฮ่องกง,1A,ทวีปเอเชีย,352418253.0,0.0
2022-05,2022,5,2,323,IT,อิตาลี,1B,ทวีปยุโรป,269785882.0,0.0
2022-05,2022,5,2,309,TW,ไต้หวัน,1A,ทวีปเอเชีย,252486440.0,0.0
2022-05,2022,5,2,315,DE,เยอรมนี,1B,ทวีปยุโรป,162025465.0,0.0
2022-05,2022,5,2,271,MY,มาเลเซีย,1A,ทวีปเอเชีย,130166550.0,0.0
2022-05,2022,5,2,336,CZ,สาธารณรัฐเช็ก,1B,ทวีปยุโรป,216913446.0,0.0
2022-05,2022,5,2,273,SG,สิงคโปร์,1A,ทวีปเอเชีย,154823298.0,0.0
2022-05,2022,5,2,339,HU,ฮังการี,1B,ทวีปยุโรป,99177878.0,0.0
2022-05,2022,5,2,279,IN,อินเดีย,1A,ทวีปเอเชีย,53420520.0,0.0
2022-05,2022,5,2,320,GB,สหราชอาณาจักร,1B,ทวีปยุโรป,57731228.0,0.0
2022-05,2022,5,2,306,KR,เกาหลีใต้,1A,ทวีปเอเชีย,112671020.0,0.0
2022-05,2022,5,2,274,VN,เวียดนาม,1A,ทวีปเอเชีย,56369195.0,0.0
2022-05,2022,5,2,316,DK,เดนมาร์ก,1B,ทวีปยุโรป,46287172.0,0.0
2022-05,2022,5,2,272,PH,ฟิลิปปินส์,1A,ทวีปเอเชีย,7702097.0,0.0
2022-05,2022,5,2,347,SK,สโลวาเกีย,1B,ทวีปยุโรป,29933552.0,0.0
2022-05,2022,5,2,268,KH,กัมพูชา,1A,ทวีปเอเชีย,39061947.0,0.0
2022-05,2022,5,2,486,FJ,ฟิจิ,1F,ทวีปออสเตรเลีย,0.0,0.0
2022-05,2022,5,2,319,FR,ฝรั่งเศส,1B,ทวีปยุโรป,33376608.0,0.0
2022-05,2022,5,2,343,PL,โปแลนด์,1B,ทวีปยุโรป,61534768.0,0.0
2022-05,2022,5,2,269,LA,สปป. ลาว,1A,ทวีปเอเชีย,21687053.0,0.0
2022-05,2022,5,2,483,AU,ออสเตรเลีย,1F,ทวีปออสเตรเลีย,25184793.0,0.0
2022-05,2022,5,2,267,ID,อินโดนีเซีย,1A,ทวีปเอเชีย,17646471.0,0.0
2022-05,2022,5,2,270,MM,เมียนมา,1A,ทวีปเอเชีย,13010039.0,0.0
2022-05,2022,5,2,317,ES,สเปน,1B,ทวีปยุโรป,4788382.0,0.0
2022-05,2022,5,2,371,CA,แคนาดา,1C,ทวีปอเมริกาเหนือ,57015188.0,0.0
2022-05,2022,5,2,409,BR,บราซิล,1D,ทวีปอเมริกาใต้,11233071.0,0.0
2022-05,2022,5,2,344,RO,โรมาเนีย,1B,ทวีปยุโรป,19974408.0,0.0
2022-05,2022,5,2,410,CL,ชิลี,1D,ทวีปอเมริกาใต้,41747852.0,0.0
2022-05,2022,5,2,327,SE,สวีเดน,1B,ทวีปยุโรป,8073469.0,0.0
2022-05,2022,5,2,298,TR,ตุรกี,1A,ทวีปเอเชีย,3337948.0,0.0
2022-05,2022,5,2,437,EG,อียิปต์,1E,ทวีปแอฟริกา,7305387.0,0.0
2022-05,2022,5,2,397,PA,ปานามา,1C,ทวีปอเมริกาเหนือ,8781865.0,0.0
2022-05,2022,5,2,266,BN,บรูไน,1A,ทวีปเอเชีย,0.0,0.0
2022-05,2022,5,2,312,AT,ออสเตรีย,1B,ทวีปยุโรป,4545603.0,0.0
2022-05,2022,5,2,283,PK,ปากีสถาน,1A,ทวีปเอเชีย,4573583.0,0.0
2022-05,2022,5,2,288,IL,อิสราเอล,1A,ทวีปเอเชีย,1370502.0,0.0
2022-05,2022,5,2,478,ZA,แอฟริกาใต้,1E,ทวีปแอฟริกา,153324.0,0.0
2022-05,2022,5,2,458,MZ,โมซัมบิก,1E,ทวีปแอฟริกา,0.0,0.0
2022-05,2022,5,2,357,EE,เอสโตเนีย,1B,ทวีปยุโรป,5843049.0,0.0
2022-05,2022,5,2,424,AO,แองโกลา,1E,ทวีปแอฟริกา,11853109.0,0.0
2022-05,2022,5,2,313,BE,เบลเยียม,1B,ทวีปยุโรป,6070465.0,0.0
2022-05,2022,5,2,431,CI,โกตดิวัวร์,1E,ทวีปแอฟริกา,0.0,0.0
2022-05,2022,5,2,356,CH,สวิตเซอร์แลนด์,1B,ทวีปยุโรป,1566687.0,0.0
2022-05,2022,5,2,346,SI,สโลวีเนีย,1B,ทวีปยุโรป,4494369.0,0.0
2022-05,2022,5,2,318,FI,ฟินแลนด์,1B,ทวีปยุโรป,526470.0,0.0
2022-05,2022,5,2,499,PG,ปาปัวนิวกินี,1F,ทวีปออสเตรเลีย,30793.0,0.0
2022-05,2022,5,2,345,RU,รัสเซีย,1B,ทวีปยุโรป,543760.0,0.0
2022-05,2022,5,2,322,IE,ไอร์แลนด์,1B,ทวีปยุโรป,306713.0,0.0
2022-05,2022,5,2,326,PT,โปรตุเกส,1B,ทวีปยุโรป,841378.0,0.0
2022-05,2022,5,2,461,NG,ไนจีเรีย,1E,ทวีปแอฟริกา,0.0,0.0
2022-05,2022,5,2,285,AE,สหรัฐอาหรับเอมิเรตส์,1A,ทวีปเอเชีย,2063637.0,0.0
2022-05,2022,5,2,497,NZ,นิวซีแลนด์,1F,ทวีปออสเตรเลีย,147654.0,0.0
2022-05,2022,5,2,362,LT,ลิทัวเนีย,1B,ทวีปยุโรป,1203451.0,0.0
2022-05,2022,5,2,383,DM,โดมินิกา,1C,ทวีปอเมริกาเหนือ,0.0,0.0
2022-05,2022,5,2,407,AR,อาร์เจนตินา,1D,ทวีปอเมริกาใต้,1136759.0,0.0
2022-05,2022,5,2,454,ML,มาลี,1E,ทวีปแอฟริกา,0.0,0.0
2022-05,2022,5,2,281,MV,มัลดีฟส์,1A,ทวีปเอเชีย,15435.0,0.0
2022-05,2022,5,2,277,BD,บังกลาเทศ,1A,ทวีปเอเชีย,703891.0,0.0
2022-05,2022,5,2,366,NO,นอร์เวย์,1B,ทวีปยุโรป,151803.0,0.0
2022-05,2022,5,2,381,CR,คอสตาริกา,1C,ทวีปอเมริกาเหนือ,1304016.0,0.0
2022-05,2022,5,2,280,LK,ศรีลังกา,1A,ทวีปเอเชีย,69167.0,0.0
2022-05,2022,5,2,384,DO,สาธารณรัฐโดมินิกัน,1C,ทวีปอเมริกาเหนือ,0.0,0.0
2022-05,2022,5,2,411,CO,โคลอมเบีย,1D,ทวีปอเมริกาใต้,156144.0,0.0
2022-05,2022,5,2,296,SA,ซาอุดีอาระเบีย,1A,ทวีปเอเชีย,4072.0,0.0
2022-05,2022,5,2,333,BG,บัลแกเรีย,1B,ทวีปยุโรป,205109.0,0.0
2022-05,2022,5,2,475,TN,ตูนิเซีย,1E,ทวีปแอฟริกา,0.0,0.0
2022-05,2022,5,2,295,QA,กาตาร์,1A,ทวีปเอเชีย,66266.0,0.0
2022-05,2022,5,2,398,PR,เปอร์โตริโก,1C,ทวีปอเมริกาเหนือ,0.0,0.0
2022-05,2022,5,2,282,NP,เนปาล,1A,ทวีปเอเชีย,0.0,0.0
2022-05,2022,5,2,417,PE,เปรู,1D,ทวีปอเมริกาใต้,0.0,0.0
2022-05,2022,5,2,292,KW,คูเวต,1A,ทวีปเอเชีย,383.0,0.0
2022-05,2022,5,2,510,AS,อเมริกันซามัวร์,1F,ทวีปออสเตรเลีย,0.0,0.0
2022-05,2022,5,2,595,SS,ซูดานใต้,1E,ทวีปแอฟริกา,0.0,0.0
2022-05,2022,5,2,308,MO,มาเก๊า,1A,ทวีปเอเชีย,0.0,0.0
2022-05,2022,5,2,505,VU,วานูอาตู,1F,ทวีปออสเตรเลีย,0.0,0.0
2022-05,2022,5,2,300,YE,เยเมน,1A,ทวีปเอเชีย,0.0,0.0
2022-05,2022,5,2,278,BT,ภูฎาน,1A,ทวีปเอเชีย,2010.0,0.0
2022-05,2022,5,2,380,BZ,เบลิซ,1C,ทวีปอเมริกาเหนือ,0.0,0.0
2022-05,2022,5,2,456,MU,มอริเชียส,1E,ทวีปแอฟริกา,0.0,0.0
2022-05,2022,5,2,379,BS,บาฮามาส,1C,ทวีปอเมริกาเหนือ,0.0,0.0
2022-05,2022,5,2,412,EC,เอกวาดอร์,1D,ทวีปอเมริกาใต้,0.0,0.0
2022-05,2022,5,2,321,GR,กรีซ,1B,ทวีปยุโรป,0.0,0.0
2022-05,2022,5,2,307,MN,มองโกเลีย,1A,ทวีปเอเชีย,0.0,0.0
2022-05,2022,5,2,447,KE,เคนยา,1E,ทวีปแอฟริกา,0.0,0.0
2022-05,2022,5,2,290,IR,อิหร่าน,1A,ทวีปเอเชีย,0.0,0.0
2022-05,2022,5,2,473,TD,ชาด,1E,ทวีปแอฟริกา,0.0,0.0
2022-05,2022,5,2,338,HR,โครเอเชีย,1B,ทวีปยุโรป,0.0,0.0
2022-05,2022,5,2,453,MG,มาดากัสการ์,1E,ทวีปแอฟริกา,0.0,0.0
2022-05,2022,5,2,498,PF,เฟรนช์โปลีนีเซีย,1F,ทวีปออสเตรเลีย,0.0,0.0
2022-05,2022,5,2,441,GH,กานา,1E,ทวีปแอฟริกา,713.0,0.0
2022-05,2022,5,2,363,LV,ลัตเวีย,1B,ทวีปยุโรป,0.0,0.0
2022-05,2022,5,2,419,PY,ปารากวัย,1D,ทวีปอเมริกาใต้,0.0,0.0
2022-05,2022,5,2,452,MA,โมร็อกโก,1E,ทวีปแอฟริกา,0.0,0.0
2022-05,2022,5,2,476,TZ,แทนซาเนีย,1E,ทวีปแอฟริกา,783.0,0.0
2022-05,2022,5,2,484,CK,หมู่เกาะดุก,1F,ทวีปออสเตรเลีย,0.0,0.0
2022-05,2022,5,2,294,OM,โอมาน,1A,ทวีปเอเชีย,2174.0,0.0
2022-05,2022,5,2,388,GT,กัวเตมาลา,1C,ทวีปอเมริกาเหนือ,138.0,0.0
2022-05,2022,5,2,438,ET,เอธิโอเปีย,1E,ทวีปแอฟริกา,0.0,0.0
2022-05,2022,5,2,395,MQ,มาร์ตินีก,1C,ทวีปอเมริกาเหนือ,0.0,0.0
2022-05,2022,5,2,286,BH,บาห์เรน,1A,ทวีปเอเชีย,0.0,0.0
2022-05,2022,5,2,291,JO,จอร์แดน,1A,ทวีปเอเชีย,261.0,0.0
2022-05,2022,5,2,289,IQ,อิรัก,1A,ทวีปเอเชีย,0.0,0.0
2022-05,2022,5,2,463,RE,เรอูนียง,1E,ทวีปแอฟริกา,0.0,0.0
2022-05,2022,5,2,337,GE,จอร์เจีย,1A,ทวีปเอเชีย,0.0,0.0
2022-06,2022,6,2,373,US,สหรัฐอเมริกา,1C,ทวีปอเมริกาเหนือ,4153024108.0,0.0
2022-06,2022,6,2,302,CN,จีน,1A,ทวีปเอเชีย,866646395.0,0.0
2022-06,2022,6,2,304,JP,ญี่ปุ่น,1A,ทวีปเอเชีย,649707924.0,0.0
2022-06,2022,6,2,372,MX,เม็กซิโก,1C,ทวีปอเมริกาเหนือ,711303667.0,0.0
2022-06,2022,6,2,325,NL,เนเธอร์แลนด์,1B,ทวีปยุโรป,645857159.0,0.0
2022-06,2022,6,2,303,HK,ฮ่องกง,1A,ทวีปเอเชีย,310575700.0,0.0
2022-06,2022,6,2,323,IT,อิตาลี,1B,ทวีปยุโรป,354521191.0,0.0
2022-06,2022,6,2,315,DE,เยอรมนี,1B,ทวีปยุโรป,210943292.0,0.0
2022-06,2022,6,2,271,MY,มาเลเซีย,1A,ทวีปเอเชีย,236855213.0,0.0
2022-06,2022,6,2,309,TW,ไต้หวัน,1A,ทวีปเอเชีย,106415334.0,0.0
2022-06,2022,6,2,336,CZ,สาธารณรัฐเช็ก,1B,ทวีปยุโรป,105549329.0,0.0
2022-06,2022,6,2,273,SG,สิงคโปร์,1A,ทวีปเอเชีย,115379716.0,0.0
2022-06,2022,6,2,320,GB,สหราชอาณาจักร,1B,ทวีปยุโรป,224906513.0,0.0
2022-06,2022,6,2,279,IN,อินเดีย,1A,ทวีปเอเชีย,120502581.0,0.0
2022-06,2022,6,2,339,HU,ฮังการี,1B,ทวีปยุโรป,44109259.0,0.0
2022-06,2022,6,2,306,KR,เกาหลีใต้,1A,ทวีปเอเชีย,62286059.0,0.0
2022-06,2022,6,2,274,VN,เวียดนาม,1A,ทวีปเอเชีย,46322016.0,0.0
2022-06,2022,6,2,316,DK,เดนมาร์ก,1B,ทวีปยุโรป,31359371.0,0.0
2022-06,2022,6,2,268,KH,กัมพูชา,1A,ทวีปเอเชีย,66387839.0,0.0
2022-06,2022,6,2,272,PH,ฟิลิปปินส์,1A,ทวีปเอเชีย,21066717.0,0.0
2022-06,2022,6,2,347,SK,สโลวาเกีย,1B,ทวีปยุโรป,27935044.0,0.0
2022-06,2022,6,2,319,FR,ฝรั่งเศส,1B,ทวีปยุโรป,51933554.0,0.0
2022-06,2022,6,2,343,PL,โปแลนด์,1B,ทวีปยุโรป,39374868.0,0.0
2022-06,2022,6,2,269,LA,สปป. ลาว,1A,ทวีปเอเชีย,36979180.0,0.0
2022-06,2022,6,2,486,FJ,ฟิจิ,1F,ทวีปออสเตรเลีย,0.0,0.0
2022-06,2022,6,2,267,ID,อินโดนีเซีย,1A,ทวีปเอเชีย,29259092.0,0.0
2022-06,2022,6,2,483,AU,ออสเตรเลีย,1F,ทวีปออสเตรเลีย,15829013.0,0.0
2022-06,2022,6,2,371,CA,แคนาดา,1C,ทวีปอเมริกาเหนือ,34395587.0,0.0
2022-06,2022,6,2,317,ES,สเปน,1B,ทวีปยุโรป,21881897.0,0.0
2022-06,2022,6,2,270,MM,เมียนมา,1A,ทวีปเอเชีย,15557665.0,0.0
2022-06,2022,6,2,409,BR,บราซิล,1D,ทวีปอเมริกาใต้,15168235.0,0.0
2022-06,2022,6,2,344,RO,โรมาเนีย,1B,ทวีปยุโรป,4073297.0,0.0
2022-06,2022,6,2,327,SE,สวีเดน,1B,ทวีปยุโรป,15025225.0,0.0
2022-06,2022,6,2,410,CL,ชิลี,1D,ทวีปอเมริกาใต้,80013.0,0.0
2022-06,2022,6,2,298,TR,ตุรกี,1A,ทวีปเอเชีย,6880782.0,0.0
2022-06,2022,6,2,437,EG,อียิปต์,1E,ทวีปแอฟริกา,8093679.0,0.0
2022-06,2022,6,2,366,NO,นอร์เวย์,1B,ทวีปยุโรป,23238671.0,0.0
2022-06,2022,6,2,397,PA,ปานามา,1C,ทวีปอเมริกาเหนือ,0.0,0.0
2022-06,2022,6,2,312,AT,ออสเตรีย,1B,ทวีปยุโรป,4107298.0,0.0
2022-06,2022,6,2,283,PK,ปากีสถาน,1A,ทวีปเอเชีย,5149638.0,0.0
2022-06,2022,6,2,266,BN,บรูไน,1A,ทวีปเอเชีย,2533063.0,0.0
2022-06,2022,6,2,288,IL,อิสราเอล,1A,ทวีปเอเชีย,2541716.0,0.0
2022-06,2022,6,2,357,EE,เอสโตเนีย,1B,ทวีปยุโรป,7363507.0,0.0
2022-06,2022,6,2,478,ZA,แอฟริกาใต้,1E,ทวีปแอฟริกา,967819.0,0.0
2022-06,2022,6,2,458,MZ,โมซัมบิก,1E,ทวีปแอฟริกา,0.0,0.0
2022-06,2022,6,2,313,BE,เบลเยียม,1B,ทวีปยุโรป,1654713.0,0.0
2022-06,2022,6,2,424,AO,แองโกลา,1E,ทวีปแอฟริกา,0.0,0.0
2022-06,2022,6,2,356,CH,สวิตเซอร์แลนด์,1B,ทวีปยุโรป,2195710.0,0.0
2022-06,2022,6,2,431,CI,โกตดิวัวร์,1E,ทวีปแอฟริกา,1588849.0,0.0
2022-06,2022,6,2,318,FI,ฟินแลนด์,1B,ทวีปยุโรป,2362324.0,0.0
2022-06,2022,6,2,346,SI,สโลวีเนีย,1B,ทวีปยุโรป,104396.0,0.0
2022-06,2022,6,2,322,IE,ไอร์แลนด์,1B,ทวีปยุโรป,2407404.0,0.0
2022-06,2022,6,2,499,PG,ปาปัวนิวกินี,1F,ทวีปออสเตรเลีย,79497.0,0.0
2022-06,2022,6,2,461,NG,ไนจีเรีย,1E,ทวีปแอฟริกา,2224656.0,0.0
2022-06,2022,6,2,345,RU,รัสเซีย,1B,ทวีปยุโรป,950693.0,0.0
2022-06,2022,6,2,407,AR,อาร์เจนตินา,1D,ทวีปอเมริกาใต้,2564033.0,0.0
2022-06,2022,6,2,326,PT,โปรตุเกส,1B,ทวีปยุโรป,789406.0,0.0
2022-06,2022,6,2,281,MV,มัลดีฟส์,1A,ทวีปเอเชีย,2913424.0,0.0
2022-06,2022,6,2,277,BD,บังกลาเทศ,1A,ทวีปเอเชีย,2980119.0,0.0
2022-06,2022,6,2,362,LT,ลิทัวเนีย,1B,ทวีปยุโรป,1344599.0,0.0
2022-06,2022,6,2,285,AE,สหรัฐอาหรับเอมิเรตส์,1A,ทวีปเอเชีย,104406.0,0.0
2022-06,2022,6,2,497,NZ,นิวซีแลนด์,1F,ทวีปออสเตรเลีย,226502.0,0.0
2022-06,2022,6,2,383,DM,โดมินิกา,1C,ทวีปอเมริกาเหนือ,0.0,0.0
2022-06,2022,6,2,454,ML,มาลี,1E,ทวีปแอฟริกา,0.0,0.0
2022-06,2022,6,2,280,LK,ศรีลังกา,1A,ทวีปเอเชีย,228468.0,0.0
2022-06,2022,6,2,381,CR,คอสตาริกา,1C,ทวีปอเมริกาเหนือ,0.0,0.0
2022-06,2022,6,2,411,CO,โคลอมเบีย,1D,ทวีปอเมริกาใต้,91026.0,0.0
2022-06,2022,6,2,384,DO,สาธารณรัฐโดมินิกัน,1C,ทวีปอเมริกาเหนือ,0.0,0.0
2022-06,2022,6,2,296,SA,ซาอุดีอาระเบีย,1A,ทวีปเอเชีย,4442.0,0.0
2022-06,2022,6,2,333,BG,บัลแกเรีย,1B,ทวีปยุโรป,78900.0,0.0
2022-06,2022,6,2,475,TN,ตูนิเซีย,1E,ทวีปแอฟริกา,11766.0,0.0
2022-06,2022,6,2,295,QA,กาตาร์,1A,ทวีปเอเชีย,820.0,0.0
2022-06,2022,6,2,398,PR,เปอร์โตริโก,1C,ทวีปอเมริกาเหนือ,0.0,0.0
2022-06,2022,6,2,282,NP,เนปาล,1A,ทวีปเอเชีย,10729.0,0.0
2022-06,2022,6,2,417,PE,เปรู,1D,ทวีปอเมริกาใต้,7003.0,0.0
2022-06,2022,6,2,292,KW,คูเวต,1A,ทวีปเอเชีย,15125.0,0.0
2022-06,2022,6,2,510,AS,อเมริกันซามัวร์,1F,ทวีปออสเตรเลีย,0.0,0.0
2022-06,2022,6,2,595,SS,ซูดานใต้,1E,ทวีปแอฟริกา,0.0,0.0
2022-06,2022,6,2,308,MO,มาเก๊า,1A,ทวีปเอเชีย,359.0,0.0
2022-06,2022,6,2,505,VU,วานูอาตู,1F,ทวีปออสเตรเลีย,0.0,0.0
2022-06,2022,6,2,300,YE,เยเมน,1A,ทวีปเอเชีย,0.0,0.0
2022-06,2022,6,2,278,BT,ภูฎาน,1A,ทวีปเอเชีย,0.0,0.0
2022-06,2022,6,2,380,BZ,เบลิซ,1C,ทวีปอเมริกาเหนือ,0.0,0.0
2022-06,2022,6,2,456,MU,มอริเชียส,1E,ทวีปแอฟริกา,390.0,0.0
2022-06,2022,6,2,379,BS,บาฮามาส,1C,ทวีปอเมริกาเหนือ,0.0,0.0
2022-06,2022,6,2,412,EC,เอกวาดอร์,1D,ทวีปอเมริกาใต้,0.0,0.0
2022-06,2022,6,2,476,TZ,แทนซาเนีย,1E,ทวีปแอฟริกา,12301.0,0.0
2022-06,2022,6,2,321,GR,กรีซ,1B,ทวีปยุโรป,0.0,0.0
2022-06,2022,6,2,307,MN,มองโกเลีย,1A,ทวีปเอเชีย,0.0,0.0
2022-06,2022,6,2,468,SL,เซียร์ราลีโอน,1E,ทวีปแอฟริกา,12570.0,0.0
2022-06,2022,6,2,447,KE,เคนยา,1E,ทวีปแอฟริกา,534.0,0.0
2022-06,2022,6,2,498,PF,เฟรนช์โปลีนีเซีย,1F,ทวีปออสเตรเลีย,3544.0,0.0
2022-06,2022,6,2,290,IR,อิหร่าน,1A,ทวีปเอเชีย,0.0,0.0
2022-06,2022,6,2,473,TD,ชาด,1E,ทวีปแอฟริกา,0.0,0.0
2022-06,2022,6,2,338,HR,โครเอเชีย,1B,ทวีปยุโรป,0.0,0.0
2022-06,2022,6,2,484,CK,หมู่เกาะดุก,1F,ทวีปออสเตรเลีย,2783.0,0.0
2022-06,2022,6,2,453,MG,มาดากัสการ์,1E,ทวีปแอฟริกา,0.0,0.0
2022-06,2022,6,2,441,GH,กานา,1E,ทวีปแอฟริกา,267.0,0.0
2022-06,2022,6,2,363,LV,ลัตเวีย,1B,ทวีปยุโรป,0.0,0.0
2022-06,2022,6,2,419,PY,ปารากวัย,1D,ทวีปอเมริกาใต้,0.0,0.0
2022-06,2022,6,2,452,MA,โมร็อกโก,1E,ทวีปแอฟริกา,0.0,0.0
2022-06,2022,6,2,294,OM,โอมาน,1A,ทวีปเอเชีย,0.0,0.0
2022-06,2022,6,2,388,GT,กัวเตมาลา,1C,ทวีปอเมริกาเหนือ,0.0,0.0
2022-06,2022,6,2,438,ET,เอธิโอเปีย,1E,ทวีปแอฟริกา,0.0,0.0
2022-06,2022,6,2,395,MQ,มาร์ตินีก,1C,ทวีปอเมริกาเหนือ,0.0,0.0
2022-06,2022,6,2,286,BH,บาห์เรน,1A,ทวีปเอเชีย,0.0,0.0
2022-06,2022,6,2,291,JO,จอร์แดน,1A,ทวีปเอเชีย,0.0,0.0
2022-06,2022,6,2,289,IQ,อิรัก,1A,ทวีปเอเชีย,267.0,0.0
2022-06,2022,6,2,463,RE,เรอูนียง,1E,ทวีปแอฟริกา,0.0,0.0
2022-06,2022,6,2,337,GE,จอร์เจีย,1A,ทวีปเอเชีย,0.0,0.0
2022-07,2022,7,3,373,US,สหรัฐอเมริกา,1C,ทวีปอเมริกาเหนือ,4323059469.0,0.0
2022-07,2022,7,3,302,CN,จีน,1A,ทวีปเอเชีย,913569046.0,0.0
2022-07,2022,7,3,304,JP,ญี่ปุ่น,1A,ทวีปเอเชีย,779916135.0,0.0
2022-07,2022,7,3,325,NL,เนเธอร์แลนด์,1B,ทวีปยุโรป,795716261.0,0.0
2022-07,2022,7,3,372,MX,เม็กซิโก,1C,ทวีปอเมริกาเหนือ,646569375.0,0.0
2022-07,2022,7,3,323,IT,อิตาลี,1B,ทวีปยุโรป,390635982.0,0.0
2022-07,2022,7,3,303,HK,ฮ่องกง,1A,ทวีปเอเชีย,307804239.0,0.0
2022-07,2022,7,3,271,MY,มาเลเซีย,1A,ทวีปเอเชีย,320339774.0,0.0
2022-07,2022,7,3,315,DE,เยอรมนี,1B,ทวีปยุโรป,122608865.0,0.0
2022-07,2022,7,3,309,TW,ไต้หวัน,1A,ทวีปเอเชีย,197692491.0,0.0
2022-07,2022,7,3,336,CZ,สาธารณรัฐเช็ก,1B,ทวีปยุโรป,191995825.0,0.0
2022-07,2022,7,3,273,SG,สิงคโปร์,1A,ทวีปเอเชีย,164828623.0,0.0
2022-07,2022,7,3,320,GB,สหราชอาณาจักร,1B,ทวีปยุโรป,286610837.0,0.0
2022-07,2022,7,3,279,IN,อินเดีย,1A,ทวีปเอเชีย,120905850.0,0.0
2022-07,2022,7,3,339,HU,ฮังการี,1B,ทวีปยุโรป,44208770.0,0.0
2022-07,2022,7,3,306,KR,เกาหลีใต้,1A,ทวีปเอเชีย,71346550.0,0.0
2022-07,2022,7,3,274,VN,เวียดนาม,1A,ทวีปเอเชีย,57360850.0,0.0
2022-07,2022,7,3,347,SK,สโลวาเกีย,1B,ทวีปยุโรป,58202577.0,0.0
2022-07,2022,7,3,268,KH,กัมพูชา,1A,ทวีปเอเชีย,46777704.0,0.0
2022-07,2022,7,3,316,DK,เดนมาร์ก,1B,ทวีปยุโรป,31385927.0,0.0
2022-07,2022,7,3,272,PH,ฟิลิปปินส์,1A,ทวีปเอเชีย,14969079.0,0.0
2022-07,2022,7,3,319,FR,ฝรั่งเศส,1B,ทวีปยุโรป,42832313.0,0.0
2022-07,2022,7,3,269,LA,สปป. ลาว,1A,ทวีปเอเชีย,40459183.0,0.0
2022-07,2022,7,3,267,ID,อินโดนีเซีย,1A,ทวีปเอเชีย,68598975.0,0.0
2022-07,2022,7,3,343,PL,โปแลนด์,1B,ทวีปยุโรป,12793549.0,0.0
2022-07,2022,7,3,483,AU,ออสเตรเลีย,1F,ทวีปออสเตรเลีย,58735734.0,0.0
2022-07,2022,7,3,486,FJ,ฟิจิ,1F,ทวีปออสเตรเลีย,0.0,0.0
2022-07,2022,7,3,371,CA,แคนาดา,1C,ทวีปอเมริกาเหนือ,32535933.0,0.0
2022-07,2022,7,3,409,BR,บราซิล,1D,ทวีปอเมริกาใต้,19141712.0,0.0
2022-07,2022,7,3,270,MM,เมียนมา,1A,ทวีปเอเชีย,11234179.0,0.0
2022-07,2022,7,3,317,ES,สเปน,1B,ทวีปยุโรป,3995404.0,0.0
2022-07,2022,7,3,344,RO,โรมาเนีย,1B,ทวีปยุโรป,12248479.0,0.0
2022-07,2022,7,3,327,SE,สวีเดน,1B,ทวีปยุโรป,5913955.0,0.0
2022-07,2022,7,3,298,TR,ตุรกี,1A,ทวีปเอเชีย,6428534.0,0.0
2022-07,2022,7,3,410,CL,ชิลี,1D,ทวีปอเมริกาใต้,2023.0,0.0
2022-07,2022,7,3,437,EG,อียิปต์,1E,ทวีปแอฟริกา,818148.0,0.0
2022-07,2022,7,3,366,NO,นอร์เวย์,1B,ทวีปยุโรป,3683698.0,0.0
2022-07,2022,7,3,312,AT,ออสเตรีย,1B,ทวีปยุโรป,2638850.0,0.0
2022-07,2022,7,3,397,PA,ปานามา,1C,ทวีปอเมริกาเหนือ,0.0,0.0
2022-07,2022,7,3,288,IL,อิสราเอล,1A,ทวีปเอเชีย,3917513.0,0.0
2022-07,2022,7,3,283,PK,ปากีสถาน,1A,ทวีปเอเชีย,1098146.0,0.0
2022-07,2022,7,3,266,BN,บรูไน,1A,ทวีปเอเชีย,47059.0,0.0
2022-07,2022,7,3,357,EE,เอสโตเนีย,1B,ทวีปยุโรป,1171479.0,0.0
2022-07,2022,7,3,478,ZA,แอฟริกาใต้,1E,ทวีปแอฟริกา,428589.0,0.0
2022-07,2022,7,3,499,PG,ปาปัวนิวกินี,1F,ทวีปออสเตรเลีย,12063329.0,0.0
2022-07,2022,7,3,280,LK,ศรีลังกา,1A,ทวีปเอเชีย,17086298.0,0.0
2022-07,2022,7,3,458,MZ,โมซัมบิก,1E,ทวีปแอฟริกา,0.0,0.0
2022-07,2022,7,3,356,CH,สวิตเซอร์แลนด์,1B,ทวีปยุโรป,3173606.0,0.0
2022-07,2022,7,3,313,BE,เบลเยียม,1B,ทวีปยุโรป,1623671.0,0.0
2022-07,2022,7,3,431,CI,โกตดิวัวร์,1E,ทวีปแอฟริกา,2368224.0,0.0
2022-07,2022,7,3,424,AO,แองโกลา,1E,ทวีปแอฟริกา,0.0,0.0
2022-07,2022,7,3,318,FI,ฟินแลนด์,1B,ทวีปยุโรป,1031485.0,0.0
2022-07,2022,7,3,346,SI,สโลวีเนีย,1B,ทวีปยุโรป,2016220.0,0.0
2022-07,2022,7,3,322,IE,ไอร์แลนด์,1B,ทวีปยุโรป,199767.0,0.0
2022-07,2022,7,3,407,AR,อาร์เจนตินา,1D,ทวีปอเมริกาใต้,2020558.0,0.0
2022-07,2022,7,3,461,NG,ไนจีเรีย,1E,ทวีปแอฟริกา,274.0,0.0
2022-07,2022,7,3,345,RU,รัสเซีย,1B,ทวีปยุโรป,3821.0,0.0
2022-07,2022,7,3,326,PT,โปรตุเกส,1B,ทวีปยุโรป,350848.0,0.0
2022-07,2022,7,3,281,MV,มัลดีฟส์,1A,ทวีปเอเชีย,18743.0,0.0
2022-07,2022,7,3,383,DM,โดมินิกา,1C,ทวีปอเมริกาเหนือ,2105088.0,0.0
2022-07,2022,7,3,277,BD,บังกลาเทศ,1A,ทวีปเอเชีย,71286.0,0.0
2022-07,2022,7,3,362,LT,ลิทัวเนีย,1B,ทวีปยุโรป,352384.0,0.0
2022-07,2022,7,3,497,NZ,นิวซีแลนด์,1F,ทวีปออสเตรเลีย,869921.0,0.0
2022-07,2022,7,3,285,AE,สหรัฐอาหรับเอมิเรตส์,1A,ทวีปเอเชีย,634730.0,0.0
2022-07,2022,7,3,454,ML,มาลี,1E,ทวีปแอฟริกา,0.0,0.0
2022-07,2022,7,3,381,CR,คอสตาริกา,1C,ทวีปอเมริกาเหนือ,0.0,0.0
2022-07,2022,7,3,411,CO,โคลอมเบีย,1D,ทวีปอเมริกาใต้,115780.0,0.0
2022-07,2022,7,3,384,DO,สาธารณรัฐโดมินิกัน,1C,ทวีปอเมริกาเหนือ,9865.0,0.0
2022-07,2022,7,3,333,BG,บัลแกเรีย,1B,ทวีปยุโรป,223208.0,0.0
2022-07,2022,7,3,475,TN,ตูนิเซีย,1E,ทวีปแอฟริกา,297609.0,0.0
2022-07,2022,7,3,296,SA,ซาอุดีอาระเบีย,1A,ทวีปเอเชีย,22731.0,0.0
2022-07,2022,7,3,295,QA,กาตาร์,1A,ทวีปเอเชีย,5017.0,0.0
2022-07,2022,7,3,398,PR,เปอร์โตริโก,1C,ทวีปอเมริกาเหนือ,0.0,0.0
2022-07,2022,7,3,417,PE,เปรู,1D,ทวีปอเมริกาใต้,22330.0,0.0
2022-07,2022,7,3,282,NP,เนปาล,1A,ทวีปเอเชีย,0.0,0.0
2022-07,2022,7,3,292,KW,คูเวต,1A,ทวีปเอเชีย,6000.0,0.0
2022-07,2022,7,3,510,AS,อเมริกันซามัวร์,1F,ทวีปออสเตรเลีย,0.0,0.0
2022-07,2022,7,3,595,SS,ซูดานใต้,1E,ทวีปแอฟริกา,0.0,0.0
2022-07,2022,7,3,308,MO,มาเก๊า,1A,ทวีปเอเชีย,0.0,0.0
2022-07,2022,7,3,505,VU,วานูอาตู,1F,ทวีปออสเตรเลีย,0.0,0.0
2022-07,2022,7,3,300,YE,เยเมน,1A,ทวีปเอเชีย,0.0,0.0
2022-07,2022,7,3,436,DZ,แอลจีเรีย,1E,ทวีปแอฟริกา,84935.0,0.0
2022-07,2022,7,3,456,MU,มอริเชียส,1E,ทวีปแอฟริกา,40942.0,0.0
2022-07,2022,7,3,278,BT,ภูฎาน,1A,ทวีปเอเชีย,0.0,0.0
2022-07,2022,7,3,380,BZ,เบลิซ,1C,ทวีปอเมริกาเหนือ,0.0,0.0
2022-07,2022,7,3,379,BS,บาฮามาส,1C,ทวีปอเมริกาเหนือ,0.0,0.0
2022-07,2022,7,3,412,EC,เอกวาดอร์,1D,ทวีปอเมริกาใต้,0.0,0.0
2022-07,2022,7,3,476,TZ,แทนซาเนีย,1E,ทวีปแอฟริกา,0.0,0.0
2022-07,2022,7,3,321,GR,กรีซ,1B,ทวีปยุโรป,0.0,0.0
2022-07,2022,7,3,498,PF,เฟรนช์โปลีนีเซีย,1F,ทวีปออสเตรเลีย,4694.0,0.0
2022-07,2022,7,3,307,MN,มองโกเลีย,1A,ทวีปเอเชีย,0.0,0.0
2022-07,2022,7,3,468,SL,เซียร์ราลีโอน,1E,ทวีปแอฟริกา,0.0,0.0
2022-07,2022,7,3,447,KE,เคนยา,1E,ทวีปแอฟริกา,0.0,0.0
2022-07,2022,7,3,421,UY,อุรุกวัย,1D,ทวีปอเมริกาใต้,9824.0,0.0
2022-07,2022,7,3,522,TK,โตกีลู,1F,ทวีปออสเตรเลีย,7307.0,0.0
2022-07,2022,7,3,290,IR,อิหร่าน,1A,ทวีปเอเชีย,0.0,0.0
2022-07,2022,7,3,473,TD,ชาด,1E,ทวีปแอฟริกา,0.0,0.0
2022-07,2022,7,3,338,HR,โครเอเชีย,1B,ทวีปยุโรป,0.0,0.0
2022-07,2022,7,3,484,CK,หมู่เกาะดุก,1F,ทวีปออสเตรเลีย,0.0,0.0
2022-07,2022,7,3,453,MG,มาดากัสการ์,1E,ทวีปแอฟริกา,0.0,0.0
2022-07,2022,7,3,441,GH,กานา,1E,ทวีปแอฟริกา,274.0,0.0
2022-07,2022,7,3,452,MA,โมร็อกโก,1E,ทวีปแอฟริกา,1101.0,0.0
2022-07,2022,7,3,363,LV,ลัตเวีย,1B,ทวีปยุโรป,0.0,0.0
2022-07,2022,7,3,419,PY,ปารากวัย,1D,ทวีปอเมริกาใต้,0.0,0.0
2022-07,2022,7,3,294,OM,โอมาน,1A,ทวีปเอเชีย,281.0,0.0
2022-07,2022,7,3,360,IS,ไอซ์แลนด์,1B,ทวีปยุโรป,2193.0,0.0
2022-07,2022,7,3,388,GT,กัวเตมาลา,1C,ทวีปอเมริกาเหนือ,0.0,0.0
2022-07,2022,7,3,438,ET,เอธิโอเปีย,1E,ทวีปแอฟริกา,0.0,0.0
2022-07,2022,7,3,341,KZ,คาซัคสถาน,1A,ทวีปเอเชีย,1404.0,0.0
2022-07,2022,7,3,395,MQ,มาร์ตินีก,1C,ทวีปอเมริกาเหนือ,0.0,0.0
2022-07,2022,7,3,286,BH,บาห์เรน,1A,ทวีปเอเชีย,0.0,0.0
2022-07,2022,7,3,291,JO,จอร์แดน,1A,ทวีปเอเชีย,0.0,0.0
2022-07,2022,7,3,377,BB,บาร์เบโดส,1C,ทวีปอเมริกาเหนือ,616.0,0.0
2022-07,2022,7,3,289,IQ,อิรัก,1A,ทวีปเอเชีย,0.0,0.0
2022-07,2022,7,3,463,RE,เรอูนียง,1E,ทวีปแอฟริกา,0.0,0.0
2022-07,2022,7,3,337,GE,จอร์เจีย,1A,ทวีปเอเชีย,0.0,0.0
2022-07,2022,7,3,451,LY,ลิเบีย,1E,ทวีปแอฟริกา,105.0,0.0
2022-08,2022,8,3,373,US,สหรัฐอเมริกา,1C,ทวีปอเมริกาเหนือ,4693030920.0,0.0
2022-08,2022,8,3,302,CN,จีน,1A,ทวีปเอเชีย,923644931.0,0.0
2022-08,2022,8,3,304,JP,ญี่ปุ่น,1A,ทวีปเอเชีย,641162926.0,0.0
2022-08,2022,8,3,325,NL,เนเธอร์แลนด์,1B,ทวีปยุโรป,615072654.0,0.0
2022-08,2022,8,3,372,MX,เม็กซิโก,1C,ทวีปอเมริกาเหนือ,655651344.0,0.0
2022-08,2022,8,3,323,IT,อิตาลี,1B,ทวีปยุโรป,447110386.0,0.0
2022-08,2022,8,3,303,HK,ฮ่องกง,1A,ทวีปเอเชีย,443582979.0,0.0
2022-08,2022,8,3,271,MY,มาเลเซีย,1A,ทวีปเอเชีย,282357664.0,0.0
2022-08,2022,8,3,315,DE,เยอรมนี,1B,ทวีปยุโรป,258417456.0,0.0
2022-08,2022,8,3,309,TW,ไต้หวัน,1A,ทวีปเอเชีย,211286591.0,0.0
2022-08,2022,8,3,336,CZ,สาธารณรัฐเช็ก,1B,ทวีปยุโรป,264873336.0,0.0
2022-08,2022,8,3,320,GB,สหราชอาณาจักร,1B,ทวีปยุโรป,322686940.0,0.0
2022-08,2022,8,3,273,SG,สิงคโปร์,1A,ทวีปเอเชีย,163541754.0,0.0
2022-08,2022,8,3,279,IN,อินเดีย,1A,ทวีปเอเชีย,134504309.0,0.0
2022-08,2022,8,3,339,HU,ฮังการี,1B,ทวีปยุโรป,118237470.0,0.0
2022-08,2022,8,3,306,KR,เกาหลีใต้,1A,ทวีปเอเชีย,56831837.0,0.0
2022-08,2022,8,3,274,VN,เวียดนาม,1A,ทวีปเอเชีย,84439274.0,0.0
2022-08,2022,8,3,347,SK,สโลวาเกีย,1B,ทวีปยุโรป,42447855.0,0.0
2022-08,2022,8,3,316,DK,เดนมาร์ก,1B,ทวีปยุโรป,49697013.0,0.0
2022-08,2022,8,3,319,FR,ฝรั่งเศส,1B,ทวีปยุโรป,81909933.0,0.0
2022-08,2022,8,3,268,KH,กัมพูชา,1A,ทวีปเอเชีย,30613010.0,0.0
2022-08,2022,8,3,272,PH,ฟิลิปปินส์,1A,ทวีปเอเชีย,18395373.0,0.0
2022-08,2022,8,3,343,PL,โปแลนด์,1B,ทวีปยุโรป,61149856.0,0.0
2022-08,2022,8,3,269,LA,สปป. ลาว,1A,ทวีปเอเชีย,32031253.0,0.0
2022-08,2022,8,3,267,ID,อินโดนีเซีย,1A,ทวีปเอเชีย,23335568.0,0.0
2022-08,2022,8,3,483,AU,ออสเตรเลีย,1F,ทวีปออสเตรเลีย,26197473.0,0.0
2022-08,2022,8,3,486,FJ,ฟิจิ,1F,ทวีปออสเตรเลีย,1511.0,0.0
2022-08,2022,8,3,371,CA,แคนาดา,1C,ทวีปอเมริกาเหนือ,1270822.0,0.0
2022-08,2022,8,3,409,BR,บราซิล,1D,ทวีปอเมริกาใต้,22039942.0,0.0
2022-08,2022,8,3,270,MM,เมียนมา,1A,ทวีปเอเชีย,15470154.0,0.0
2022-08,2022,8,3,317,ES,สเปน,1B,ทวีปยุโรป,6582151.0,0.0
2022-08,2022,8,3,344,RO,โรมาเนีย,1B,ทวีปยุโรป,30388106.0,0.0
2022-08,2022,8,3,327,SE,สวีเดน,1B,ทวีปยุโรป,23290083.0,0.0
2022-08,2022,8,3,298,TR,ตุรกี,1A,ทวีปเอเชีย,13729093.0,0.0
2022-08,2022,8,3,410,CL,ชิลี,1D,ทวีปอเมริกาใต้,0.0,0.0
2022-08,2022,8,3,437,EG,อียิปต์,1E,ทวีปแอฟริกา,4975509.0,0.0
2022-08,2022,8,3,288,IL,อิสราเอล,1A,ทวีปเอเชีย,12124300.0,0.0
2022-08,2022,8,3,312,AT,ออสเตรีย,1B,ทวีปยุโรป,6079833.0,0.0
2022-08,2022,8,3,357,EE,เอสโตเนีย,1B,ทวีปยุโรป,11586519.0,0.0
2022-08,2022,8,3,366,NO,นอร์เวย์,1B,ทวีปยุโรป,853843.0,0.0
2022-08,2022,8,3,397,PA,ปานามา,1C,ทวีปอเมริกาเหนือ,0.0,0.0
2022-08,2022,8,3,283,PK,ปากีสถาน,1A,ทวีปเอเชีย,67199.0,0.0
2022-08,2022,8,3,478,ZA,แอฟริกาใต้,1E,ทวีปแอฟริกา,5147213.0,0.0
2022-08,2022,8,3,266,BN,บรูไน,1A,ทวีปเอเชีย,63698.0,0.0
2022-08,2022,8,3,499,PG,ปาปัวนิวกินี,1F,ทวีปออสเตรเลีย,1232588.0,0.0
2022-08,2022,8,3,280,LK,ศรีลังกา,1A,ทวีปเอเชีย,3470.0,0.0
2022-08,2022,8,3,356,CH,สวิตเซอร์แลนด์,1B,ทวีปยุโรป,3476746.0,0.0
2022-08,2022,8,3,458,MZ,โมซัมบิก,1E,ทวีปแอฟริกา,0.0,0.0
2022-08,2022,8,3,313,BE,เบลเยียม,1B,ทวีปยุโรป,1440733.0,0.0
2022-08,2022,8,3,431,CI,โกตดิวัวร์,1E,ทวีปแอฟริกา,0.0,0.0
2022-08,2022,8,3,424,AO,แองโกลา,1E,ทวีปแอฟริกา,0.0,0.0
2022-08,2022,8,3,318,FI,ฟินแลนด์,1B,ทวีปยุโรป,230277.0,0.0
2022-08,2022,8,3,346,SI,สโลวีเนีย,1B,ทวีปยุโรป,130948.0,0.0
2022-08,2022,8,3,322,IE,ไอร์แลนด์,1B,ทวีปยุโรป,2499888.0,0.0
2022-08,2022,8,3,407,AR,อาร์เจนตินา,1D,ทวีปอเมริกาใต้,2061585.0,0.0
2022-08,2022,8,3,285,AE,สหรัฐอาหรับเอมิเรตส์,1A,ทวีปเอเชีย,5161389.0,0.0
2022-08,2022,8,3,383,DM,โดมินิกา,1C,ทวีปอเมริกาเหนือ,1913084.0,0.0
2022-08,2022,8,3,461,NG,ไนจีเรีย,1E,ทวีปแอฟริกา,426.0,0.0
2022-08,2022,8,3,345,RU,รัสเซีย,1B,ทวีปยุโรป,66277.0,0.0
2022-08,2022,8,3,326,PT,โปรตุเกส,1B,ทวีปยุโรป,643161.0,0.0
2022-08,2022,8,3,281,MV,มัลดีฟส์,1A,ทวีปเอเชีย,90977.0,0.0
2022-08,2022,8,3,362,LT,ลิทัวเนีย,1B,ทวีปยุโรป,123463.0,0.0
2022-08,2022,8,3,277,BD,บังกลาเทศ,1A,ทวีปเอเชีย,35701.0,0.0
2022-08,2022,8,3,497,NZ,นิวซีแลนด์,1F,ทวีปออสเตรเลีย,81936.0,0.0
2022-08,2022,8,3,454,ML,มาลี,1E,ทวีปแอฟริกา,0.0,0.0
2022-08,2022,8,3,381,CR,คอสตาริกา,1C,ทวีปอเมริกาเหนือ,0.0,0.0
2022-08,2022,8,3,296,SA,ซาอุดีอาระเบีย,1A,ทวีปเอเชีย,543891.0,0.0
2022-08,2022,8,3,411,CO,โคลอมเบีย,1D,ทวีปอเมริกาใต้,120251.0,0.0
2022-08,2022,8,3,384,DO,สาธารณรัฐโดมินิกัน,1C,ทวีปอเมริกาเหนือ,0.0,0.0
2022-08,2022,8,3,333,BG,บัลแกเรีย,1B,ทวีปยุโรป,80977.0,0.0
2022-08,2022,8,3,475,TN,ตูนิเซีย,1E,ทวีปแอฟริกา,0.0,0.0
2022-08,2022,8,3,340,KG,คีร์กีซสถาน,1A,ทวีปเอเชีย,416542.0,0.0
2022-08,2022,8,3,290,IR,อิหร่าน,1A,ทวีปเอเชีย,364934.0,0.0
2022-08,2022,8,3,295,QA,กาตาร์,1A,ทวีปเอเชีย,3462.0,0.0
2022-08,2022,8,3,278,BT,ภูฎาน,1A,ทวีปเอเชีย,250738.0,0.0
2022-08,2022,8,3,398,PR,เปอร์โตริโก,1C,ทวีปอเมริกาเหนือ,0.0,0.0
2022-08,2022,8,3,417,PE,เปรู,1D,ทวีปอเมริกาใต้,7670.0,0.0
2022-08,2022,8,3,292,KW,คูเวต,1A,ทวีปเอเชีย,10450.0,0.0
2022-08,2022,8,3,282,NP,เนปาล,1A,ทวีปเอเชีย,0.0,0.0
2022-08,2022,8,3,510,AS,อเมริกันซามัวร์,1F,ทวีปออสเตรเลีย,0.0,0.0
2022-08,2022,8,3,595,SS,ซูดานใต้,1E,ทวีปแอฟริกา,0.0,0.0
2022-08,2022,8,3,308,MO,มาเก๊า,1A,ทวีปเอเชีย,8495.0,0.0
2022-08,2022,8,3,505,VU,วานูอาตู,1F,ทวีปออสเตรเลีย,0.0,0.0
2022-08,2022,8,3,300,YE,เยเมน,1A,ทวีปเอเชีย,0.0,0.0
2022-08,2022,8,3,436,DZ,แอลจีเรีย,1E,ทวีปแอฟริกา,0.0,0.0
2022-08,2022,8,3,456,MU,มอริเชียส,1E,ทวีปแอฟริกา,0.0,0.0
2022-08,2022,8,3,324,LU,ลักเซมเบิร์ก,1B,ทวีปยุโรป,56620.0,0.0
2022-08,2022,8,3,380,BZ,เบลิซ,1C,ทวีปอเมริกาเหนือ,0.0,0.0
2022-08,2022,8,3,379,BS,บาฮามาส,1C,ทวีปอเมริกาเหนือ,0.0,0.0
2022-08,2022,8,3,412,EC,เอกวาดอร์,1D,ทวีปอเมริกาใต้,0.0,0.0
2022-08,2022,8,3,476,TZ,แทนซาเนีย,1E,ทวีปแอฟริกา,284.0,0.0
2022-08,2022,8,3,321,GR,กรีซ,1B,ทวีปยุโรป,0.0,0.0
2022-08,2022,8,3,498,PF,เฟรนช์โปลีนีเซีย,1F,ทวีปออสเตรเลีย,0.0,0.0
2022-08,2022,8,3,307,MN,มองโกเลีย,1A,ทวีปเอเชีย,0.0,0.0
2022-08,2022,8,3,468,SL,เซียร์ราลีโอน,1E,ทวีปแอฟริกา,0.0,0.0
2022-08,2022,8,3,506,WS,ซามัวตะวันตก,1F,ทวีปออสเตรเลีย,11736.0,0.0
2022-08,2022,8,3,447,KE,เคนยา,1E,ทวีปแอฟริกา,284.0,0.0
2022-08,2022,8,3,452,MA,โมร็อกโก,1E,ทวีปแอฟริกา,6561.0,0.0
2022-08,2022,8,3,421,UY,อุรุกวัย,1D,ทวีปอเมริกาใต้,0.0,0.0
2022-08,2022,8,3,438,ET,เอธิโอเปีย,1E,ทวีปแอฟริกา,7640.0,0.0
2022-08,2022,8,3,453,MG,มาดากัสการ์,1E,ทวีปแอฟริกา,2551.0,0.0
2022-08,2022,8,3,522,TK,โตกีลู,1F,ทวีปออสเตรเลีย,0.0,0.0
2022-08,2022,8,3,473,TD,ชาด,1E,ทวีปแอฟริกา,0.0,0.0
2022-08,2022,8,3,338,HR,โครเอเชีย,1B,ทวีปยุโรป,0.0,0.0
2022-08,2022,8,3,294,OM,โอมาน,1A,ทวีปเอเชีย,2750.0,0.0
2022-08,2022,8,3,484,CK,หมู่เกาะดุก,1F,ทวีปออสเตรเลีย,0.0,0.0
2022-08,2022,8,3,441,GH,กานา,1E,ทวีปแอฟริกา,0.0,0.0
2022-08,2022,8,3,363,LV,ลัตเวีย,1B,ทวีปยุโรป,0.0,0.0
2022-08,2022,8,3,419,PY,ปารากวัย,1D,ทวีปอเมริกาใต้,0.0,0.0
2022-08,2022,8,3,286,BH,บาห์เรน,1A,ทวีปเอเชีย,2580.0,0.0
2022-08,2022,8,3,360,IS,ไอซ์แลนด์,1B,ทวีปยุโรป,0.0,0.0
2022-08,2022,8,3,388,GT,กัวเตมาลา,1C,ทวีปอเมริกาเหนือ,0.0,0.0
2022-08,2022,8,3,341,KZ,คาซัคสถาน,1A,ทวีปเอเชีย,729.0,0.0
2022-08,2022,8,3,395,MQ,มาร์ตินีก,1C,ทวีปอเมริกาเหนือ,0.0,0.0
2022-08,2022,8,3,291,JO,จอร์แดน,1A,ทวีปเอเชีย,0.0,0.0
2022-08,2022,8,3,377,BB,บาร์เบโดส,1C,ทวีปอเมริกาเหนือ,0.0,0.0
2022-08,2022,8,3,451,LY,ลิเบีย,1E,ทวีปแอฟริกา,426.0,0.0
2022-08,2022,8,3,289,IQ,อิรัก,1A,ทวีปเอเชีย,0.0,0.0
2022-08,2022,8,3,463,RE,เรอูนียง,1E,ทวีปแอฟริกา,0.0,0.0
2022-08,2022,8,3,337,GE,จอร์เจีย,1A,ทวีปเอเชีย,0.0,0.0
2022-08,2022,8,3,365,MT,มอลตา,1B,ทวีปยุโรป,160.0,0.0
2022-09,2022,9,3,373,US,สหรัฐอเมริกา,1C,ทวีปอเมริกาเหนือ,4746319807.0,0.0
2022-09,2022,9,3,302,CN,จีน,1A,ทวีปเอเชีย,752704464.0,0.0
2022-09,2022,9,3,304,JP,ญี่ปุ่น,1A,ทวีปเอเชีย,649950016.0,0.0
2022-09,2022,9,3,325,NL,เนเธอร์แลนด์,1B,ทวีปยุโรป,838064543.0,0.0
2022-09,2022,9,3,372,MX,เม็กซิโก,1C,ทวีปอเมริกาเหนือ,678984207.0,0.0
2022-09,2022,9,3,323,IT,อิตาลี,1B,ทวีปยุโรป,333605779.0,0.0
2022-09,2022,9,3,303,HK,ฮ่องกง,1A,ทวีปเอเชีย,341500681.0,0.0
2022-09,2022,9,3,271,MY,มาเลเซีย,1A,ทวีปเอเชีย,218025517.0,0.0
2022-09,2022,9,3,315,DE,เยอรมนี,1B,ทวีปยุโรป,418692341.0,0.0
2022-09,2022,9,3,309,TW,ไต้หวัน,1A,ทวีปเอเชีย,302317068.0,0.0
2022-09,2022,9,3,336,CZ,สาธารณรัฐเช็ก,1B,ทวีปยุโรป,214863583.0,0.0
2022-09,2022,9,3,320,GB,สหราชอาณาจักร,1B,ทวีปยุโรป,195160936.0,0.0
2022-09,2022,9,3,273,SG,สิงคโปร์,1A,ทวีปเอเชีย,166550326.0,0.0
2022-09,2022,9,3,279,IN,อินเดีย,1A,ทวีปเอเชีย,179626428.0,0.0
2022-09,2022,9,3,339,HU,ฮังการี,1B,ทวีปยุโรป,148040438.0,0.0
2022-09,2022,9,3,306,KR,เกาหลีใต้,1A,ทวีปเอเชีย,70028221.0,0.0
2022-09,2022,9,3,274,VN,เวียดนาม,1A,ทวีปเอเชีย,82553766.0,0.0
2022-09,2022,9,3,347,SK,สโลวาเกีย,1B,ทวีปยุโรป,65360512.0,0.0
2022-09,2022,9,3,319,FR,ฝรั่งเศส,1B,ทวีปยุโรป,54656132.0,0.0
2022-09,2022,9,3,316,DK,เดนมาร์ก,1B,ทวีปยุโรป,35619936.0,0.0
2022-09,2022,9,3,268,KH,กัมพูชา,1A,ทวีปเอเชีย,26027375.0,0.0
2022-09,2022,9,3,343,PL,โปแลนด์,1B,ทวีปยุโรป,40962543.0,0.0
2022-09,2022,9,3,272,PH,ฟิลิปปินส์,1A,ทวีปเอเชีย,15043298.0,0.0
2022-09,2022,9,3,269,LA,สปป. ลาว,1A,ทวีปเอเชีย,24551730.0,0.0
2022-09,2022,9,3,267,ID,อินโดนีเซีย,1A,ทวีปเอเชีย,17073118.0,0.0
2022-09,2022,9,3,483,AU,ออสเตรเลีย,1F,ทวีปออสเตรเลีย,10981686.0,0.0
2022-09,2022,9,3,486,FJ,ฟิจิ,1F,ทวีปออสเตรเลีย,0.0,0.0
2022-09,2022,9,3,270,MM,เมียนมา,1A,ทวีปเอเชีย,40326305.0,0.0
2022-09,2022,9,3,409,BR,บราซิล,1D,ทวีปอเมริกาใต้,19233455.0,0.0
2022-09,2022,9,3,371,CA,แคนาดา,1C,ทวีปอเมริกาเหนือ,4338013.0,0.0
2022-09,2022,9,3,317,ES,สเปน,1B,ทวีปยุโรป,18869299.0,0.0
2022-09,2022,9,3,344,RO,โรมาเนีย,1B,ทวีปยุโรป,17355658.0,0.0
2022-09,2022,9,3,327,SE,สวีเดน,1B,ทวีปยุโรป,9970376.0,0.0
2022-09,2022,9,3,298,TR,ตุรกี,1A,ทวีปเอเชีย,10666822.0,0.0
2022-09,2022,9,3,288,IL,อิสราเอล,1A,ทวีปเอเชีย,11451148.0,0.0
2022-09,2022,9,3,437,EG,อียิปต์,1E,ทวีปแอฟริกา,4439727.0,0.0
2022-09,2022,9,3,410,CL,ชิลี,1D,ทวีปอเมริกาใต้,0.0,0.0
2022-09,2022,9,3,312,AT,ออสเตรีย,1B,ทวีปยุโรป,7187851.0,0.0
2022-09,2022,9,3,357,EE,เอสโตเนีย,1B,ทวีปยุโรป,3074162.0,0.0
2022-09,2022,9,3,478,ZA,แอฟริกาใต้,1E,ทวีปแอฟริกา,11509648.0,0.0
2022-09,2022,9,3,366,NO,นอร์เวย์,1B,ทวีปยุโรป,178891.0,0.0
2022-09,2022,9,3,266,BN,บรูไน,1A,ทวีปเอเชีย,5344456.0,0.0
2022-09,2022,9,3,283,PK,ปากีสถาน,1A,ทวีปเอเชีย,1115904.0,0.0
2022-09,2022,9,3,397,PA,ปานามา,1C,ทวีปอเมริกาเหนือ,356843.0,0.0
2022-09,2022,9,3,356,CH,สวิตเซอร์แลนด์,1B,ทวีปยุโรป,1814164.0,0.0
2022-09,2022,9,3,499,PG,ปาปัวนิวกินี,1F,ทวีปออสเตรเลีย,8800.0,0.0
2022-09,2022,9,3,280,LK,ศรีลังกา,1A,ทวีปเอเชีย,52753.0,0.0
2022-09,2022,9,3,313,BE,เบลเยียม,1B,ทวีปยุโรป,967691.0,0.0
2022-09,2022,9,3,458,MZ,โมซัมบิก,1E,ทวีปแอฟริกา,0.0,0.0
2022-09,2022,9,3,318,FI,ฟินแลนด์,1B,ทวีปยุโรป,3673330.0,0.0
2022-09,2022,9,3,346,SI,สโลวีเนีย,1B,ทวีปยุโรป,3734674.0,0.0
2022-09,2022,9,3,431,CI,โกตดิวัวร์,1E,ทวีปแอฟริกา,0.0,0.0
2022-09,2022,9,3,285,AE,สหรัฐอาหรับเอมิเรตส์,1A,ทวีปเอเชีย,3815214.0,0.0
2022-09,2022,9,3,407,AR,อาร์เจนตินา,1D,ทวีปอเมริกาใต้,2737398.0,0.0
2022-09,2022,9,3,424,AO,แองโกลา,1E,ทวีปแอฟริกา,0.0,0.0
2022-09,2022,9,3,322,IE,ไอร์แลนด์,1B,ทวีปยุโรป,474679.0,0.0
2022-09,2022,9,3,383,DM,โดมินิกา,1C,ทวีปอเมริกาเหนือ,2941117.0,0.0
2022-09,2022,9,3,345,RU,รัสเซีย,1B,ทวีปยุโรป,1316422.0,0.0
2022-09,2022,9,3,326,PT,โปรตุเกส,1B,ทวีปยุโรป,461159.0,0.0
2022-09,2022,9,3,461,NG,ไนจีเรีย,1E,ทวีปแอฟริกา,417.0,0.0
2022-09,2022,9,3,281,MV,มัลดีฟส์,1A,ทวีปเอเชีย,1118409.0,0.0
2022-09,2022,9,3,277,BD,บังกลาเทศ,1A,ทวีปเอเชีย,324484.0,0.0
2022-09,2022,9,3,362,LT,ลิทัวเนีย,1B,ทวีปยุโรป,2495.0,0.0
2022-09,2022,9,3,497,NZ,นิวซีแลนด์,1F,ทวีปออสเตรเลีย,384377.0,0.0
2022-09,2022,9,3,398,PR,เปอร์โตริโก,1C,ทวีปอเมริกาเหนือ,3231820.0,0.0
2022-09,2022,9,3,454,ML,มาลี,1E,ทวีปแอฟริกา,0.0,0.0
2022-09,2022,9,3,381,CR,คอสตาริกา,1C,ทวีปอเมริกาเหนือ,0.0,0.0
2022-09,2022,9,3,296,SA,ซาอุดีอาระเบีย,1A,ทวีปเอเชีย,32532.0,0.0
2022-09,2022,9,3,411,CO,โคลอมเบีย,1D,ทวีปอเมริกาใต้,94116.0,0.0
2022-09,2022,9,3,333,BG,บัลแกเรีย,1B,ทวีปยุโรป,78059.0,0.0
2022-09,2022,9,3,384,DO,สาธารณรัฐโดมินิกัน,1C,ทวีปอเมริกาเหนือ,0.0,0.0
2022-09,2022,9,3,475,TN,ตูนิเซีย,1E,ทวีปแอฟริกา,0.0,0.0
2022-09,2022,9,3,308,MO,มาเก๊า,1A,ทวีปเอเชีย,439674.0,0.0
2022-09,2022,9,3,340,KG,คีร์กีซสถาน,1A,ทวีปเอเชีย,0.0,0.0
2022-09,2022,9,3,290,IR,อิหร่าน,1A,ทวีปเอเชีย,0.0,0.0
2022-09,2022,9,3,278,BT,ภูฎาน,1A,ทวีปเอเชีย,45117.0,0.0
2022-09,2022,9,3,295,QA,กาตาร์,1A,ทวีปเอเชีย,21205.0,0.0
2022-09,2022,9,3,417,PE,เปรู,1D,ทวีปอเมริกาใต้,7756.0,0.0
2022-09,2022,9,3,282,NP,เนปาล,1A,ทวีปเอเชีย,16125.0,0.0
2022-09,2022,9,3,292,KW,คูเวต,1A,ทวีปเอเชีย,3424.0,0.0
2022-09,2022,9,3,510,AS,อเมริกันซามัวร์,1F,ทวีปออสเตรเลีย,0.0,0.0
2022-09,2022,9,3,595,SS,ซูดานใต้,1E,ทวีปแอฟริกา,0.0,0.0
2022-09,2022,9,3,505,VU,วานูอาตู,1F,ทวีปออสเตรเลีย,0.0,0.0
2022-09,2022,9,3,300,YE,เยเมน,1A,ทวีปเอเชีย,0.0,0.0
2022-09,2022,9,3,436,DZ,แอลจีเรีย,1E,ทวีปแอฟริกา,0.0,0.0
2022-09,2022,9,3,456,MU,มอริเชียส,1E,ทวีปแอฟริกา,0.0,0.0
2022-09,2022,9,3,324,LU,ลักเซมเบิร์ก,1B,ทวีปยุโรป,0.0,0.0
2022-09,2022,9,3,380,BZ,เบลิซ,1C,ทวีปอเมริกาเหนือ,0.0,0.0
2022-09,2022,9,3,490,KI,คิริบาส,1F,ทวีปออสเตรเลีย,25668.0,0.0
2022-09,2022,9,3,379,BS,บาฮามาส,1C,ทวีปอเมริกาเหนือ,0.0,0.0
2022-09,2022,9,3,412,EC,เอกวาดอร์,1D,ทวีปอเมริกาใต้,0.0,0.0
2022-09,2022,9,3,476,TZ,แทนซาเนีย,1E,ทวีปแอฟริกา,0.0,0.0
2022-09,2022,9,3,321,GR,กรีซ,1B,ทวีปยุโรป,0.0,0.0
2022-09,2022,9,3,447,KE,เคนยา,1E,ทวีปแอฟริกา,1465.0,0.0
2022-09,2022,9,3,498,PF,เฟรนช์โปลีนีเซีย,1F,ทวีปออสเตรเลีย,0.0,0.0
2022-09,2022,9,3,307,MN,มองโกเลีย,1A,ทวีปเอเชีย,0.0,0.0
2022-09,2022,9,3,468,SL,เซียร์ราลีโอน,1E,ทวีปแอฟริกา,0.0,0.0
2022-09,2022,9,3,506,WS,ซามัวตะวันตก,1F,ทวีปออสเตรเลีย,0.0,0.0
2022-09,2022,9,3,452,MA,โมร็อกโก,1E,ทวีปแอฟริกา,0.0,0.0
2022-09,2022,9,3,421,UY,อุรุกวัย,1D,ทวีปอเมริกาใต้,0.0,0.0
2022-09,2022,9,3,438,ET,เอธิโอเปีย,1E,ทวีปแอฟริกา,0.0,0.0
2022-09,2022,9,3,276,AF,อัฟกานิสถาน,1A,ทวีปเอเชีย,8220.0,0.0
2022-09,2022,9,3,378,BM,เบอร์มิวดา,1C,ทวีปอเมริกาเหนือ,8106.0,0.0
2022-09,2022,9,3,453,MG,มาดากัสการ์,1E,ทวีปแอฟริกา,0.0,0.0
2022-09,2022,9,3,522,TK,โตกีลู,1F,ทวีปออสเตรเลีย,0.0,0.0
2022-09,2022,9,3,473,TD,ชาด,1E,ทวีปแอฟริกา,0.0,0.0
2022-09,2022,9,3,338,HR,โครเอเชีย,1B,ทวีปยุโรป,0.0,0.0
2022-09,2022,9,3,294,OM,โอมาน,1A,ทวีปเอเชีย,0.0,0.0
2022-09,2022,9,3,484,CK,หมู่เกาะดุก,1F,ทวีปออสเตรเลีย,0.0,0.0
2022-09,2022,9,3,441,GH,กานา,1E,ทวีปแอฟริกา,0.0,0.0
2022-09,2022,9,3,363,LV,ลัตเวีย,1B,ทวีปยุโรป,0.0,0.0
2022-09,2022,9,3,419,PY,ปารากวัย,1D,ทวีปอเมริกาใต้,0.0,0.0
2022-09,2022,9,3,286,BH,บาห์เรน,1A,ทวีปเอเชีย,0.0,0.0
2022-09,2022,9,3,388,GT,กัวเตมาลา,1C,ทวีปอเมริกาเหนือ,71.0,0.0
2022-09,2022,9,3,360,IS,ไอซ์แลนด์,1B,ทวีปยุโรป,0.0,0.0
2022-09,2022,9,3,341,KZ,คาซัคสถาน,1A,ทวีปเอเชีย,0.0,0.0
2022-09,2022,9,3,395,MQ,มาร์ตินีก,1C,ทวีปอเมริกาเหนือ,0.0,0.0
2022-09,2022,9,3,291,JO,จอร์แดน,1A,ทวีปเอเชีย,0.0,0.0
2022-09,2022,9,3,377,BB,บาร์เบโดส,1C,ทวีปอเมริกาเหนือ,0.0,0.0
2022-09,2022,9,3,451,LY,ลิเบีย,1E,ทวีปแอฟริกา,0.0,0.0
2022-09,2022,9,3,289,IQ,อิรัก,1A,ทวีปเอเชีย,0.0,0.0
2022-09,2022,9,3,463,RE,เรอูนียง,1E,ทวีปแอฟริกา,0.0,0.0
2022-09,2022,9,3,337,GE,จอร์เจีย,1A,ทวีปเอเชีย,0.0,0.0
2022-09,2022,9,3,365,MT,มอลตา,1B,ทวีปยุโรป,0.0,0.0
2022-10,2022,10,4,373,US,สหรัฐอเมริกา,1C,ทวีปอเมริกาเหนือ,4418968166.0,0.0
2022-10,2022,10,4,302,CN,จีน,1A,ทวีปเอเชีย,548617542.0,0.0
2022-10,2022,10,4,325,NL,เนเธอร์แลนด์,1B,ทวีปยุโรป,815849158.0,0.0
2022-10,2022,10,4,372,MX,เม็กซิโก,1C,ทวีปอเมริกาเหนือ,762432315.0,0.0
2022-10,2022,10,4,304,JP,ญี่ปุ่น,1A,ทวีปเอเชีย,500703627.0,0.0
2022-10,2022,10,4,323,IT,อิตาลี,1B,ทวีปยุโรป,575549127.0,0.0
2022-10,2022,10,4,303,HK,ฮ่องกง,1A,ทวีปเอเชีย,428808427.0,0.0
2022-10,2022,10,4,315,DE,เยอรมนี,1B,ทวีปยุโรป,311241913.0,0.0
2022-10,2022,10,4,271,MY,มาเลเซีย,1A,ทวีปเอเชีย,246907083.0,0.0
2022-10,2022,10,4,309,TW,ไต้หวัน,1A,ทวีปเอเชีย,296810137.0,0.0
2022-10,2022,10,4,336,CZ,สาธารณรัฐเช็ก,1B,ทวีปยุโรป,137355610.0,0.0
2022-10,2022,10,4,320,GB,สหราชอาณาจักร,1B,ทวีปยุโรป,393663624.0,0.0
2022-10,2022,10,4,273,SG,สิงคโปร์,1A,ทวีปเอเชีย,145673021.0,0.0
2022-10,2022,10,4,279,IN,อินเดีย,1A,ทวีปเอเชีย,78892151.0,0.0
2022-10,2022,10,4,339,HU,ฮังการี,1B,ทวีปยุโรป,225322229.0,0.0
2022-10,2022,10,4,306,KR,เกาหลีใต้,1A,ทวีปเอเชีย,64919759.0,0.0
2022-10,2022,10,4,274,VN,เวียดนาม,1A,ทวีปเอเชีย,60413973.0,0.0
2022-10,2022,10,4,347,SK,สโลวาเกีย,1B,ทวีปยุโรป,40535583.0,0.0
2022-10,2022,10,4,319,FR,ฝรั่งเศส,1B,ทวีปยุโรป,53396769.0,0.0
2022-10,2022,10,4,316,DK,เดนมาร์ก,1B,ทวีปยุโรป,26939609.0,0.0
2022-10,2022,10,4,268,KH,กัมพูชา,1A,ทวีปเอเชีย,29899117.0,0.0
2022-10,2022,10,4,343,PL,โปแลนด์,1B,ทวีปยุโรป,59406737.0,0.0
2022-10,2022,10,4,272,PH,ฟิลิปปินส์,1A,ทวีปเอเชีย,59060125.0,0.0
2022-10,2022,10,4,269,LA,สปป. ลาว,1A,ทวีปเอเชีย,33845983.0,0.0
2022-10,2022,10,4,267,ID,อินโดนีเซีย,1A,ทวีปเอเชีย,12050040.0,0.0
2022-10,2022,10,4,483,AU,ออสเตรเลีย,1F,ทวีปออสเตรเลีย,23937641.0,0.0
2022-10,2022,10,4,371,CA,แคนาดา,1C,ทวีปอเมริกาเหนือ,33213300.0,0.0
2022-10,2022,10,4,270,MM,เมียนมา,1A,ทวีปเอเชีย,17633820.0,0.0
2022-10,2022,10,4,486,FJ,ฟิจิ,1F,ทวีปออสเตรเลีย,0.0,0.0
2022-10,2022,10,4,409,BR,บราซิล,1D,ทวีปอเมริกาใต้,11269040.0,0.0
2022-10,2022,10,4,344,RO,โรมาเนีย,1B,ทวีปยุโรป,30852365.0,0.0
2022-10,2022,10,4,317,ES,สเปน,1B,ทวีปยุโรป,9939648.0,0.0
2022-10,2022,10,4,327,SE,สวีเดน,1B,ทวีปยุโรป,23171838.0,0.0
2022-10,2022,10,4,298,TR,ตุรกี,1A,ทวีปเอเชีย,7361230.0,0.0
2022-10,2022,10,4,288,IL,อิสราเอล,1A,ทวีปเอเชีย,1804067.0,0.0
2022-10,2022,10,4,437,EG,อียิปต์,1E,ทวีปแอฟริกา,1755434.0,0.0
2022-10,2022,10,4,357,EE,เอสโตเนีย,1B,ทวีปยุโรป,7852038.0,0.0
2022-10,2022,10,4,312,AT,ออสเตรีย,1B,ทวีปยุโรป,2730222.0,0.0
2022-10,2022,10,4,410,CL,ชิลี,1D,ทวีปอเมริกาใต้,0.0,0.0
2022-10,2022,10,4,478,ZA,แอฟริกาใต้,1E,ทวีปแอฟริกา,1869145.0,0.0
2022-10,2022,10,4,366,NO,นอร์เวย์,1B,ทวีปยุโรป,746200.0,0.0
2022-10,2022,10,4,266,BN,บรูไน,1A,ทวีปเอเชีย,2515.0,0.0
2022-10,2022,10,4,283,PK,ปากีสถาน,1A,ทวีปเอเชีย,981047.0,0.0
2022-10,2022,10,4,397,PA,ปานามา,1C,ทวีปอเมริกาเหนือ,0.0,0.0
2022-10,2022,10,4,356,CH,สวิตเซอร์แลนด์,1B,ทวีปยุโรป,3810724.0,0.0
2022-10,2022,10,4,499,PG,ปาปัวนิวกินี,1F,ทวีปออสเตรเลีย,177.0,0.0
2022-10,2022,10,4,280,LK,ศรีลังกา,1A,ทวีปเอเชีย,588.0,0.0
2022-10,2022,10,4,313,BE,เบลเยียม,1B,ทวีปยุโรป,1492130.0,0.0
2022-10,2022,10,4,407,AR,อาร์เจนตินา,1D,ทวีปอเมริกาใต้,5676003.0,0.0
2022-10,2022,10,4,458,MZ,โมซัมบิก,1E,ทวีปแอฟริกา,0.0,0.0
2022-10,2022,10,4,431,CI,โกตดิวัวร์,1E,ทวีปแอฟริกา,2543039.0,0.0
2022-10,2022,10,4,318,FI,ฟินแลนด์,1B,ทวีปยุโรป,214925.0,0.0
2022-10,2022,10,4,346,SI,สโลวีเนีย,1B,ทวีปยุโรป,4979.0,0.0
2022-10,2022,10,4,285,AE,สหรัฐอาหรับเอมิเรตส์,1A,ทวีปเอเชีย,736601.0,0.0
2022-10,2022,10,4,322,IE,ไอร์แลนด์,1B,ทวีปยุโรป,2237041.0,0.0
2022-10,2022,10,4,398,PR,เปอร์โตริโก,1C,ทวีปอเมริกาเหนือ,9059120.0,0.0
2022-10,2022,10,4,424,AO,แองโกลา,1E,ทวีปแอฟริกา,0.0,0.0
2022-10,2022,10,4,389,HN,ฮอนดูรัส,1C,ทวีปอเมริกาเหนือ,11023025.0,0.0
2022-10,2022,10,4,383,DM,โดมินิกา,1C,ทวีปอเมริกาเหนือ,0.0,0.0
2022-10,2022,10,4,345,RU,รัสเซีย,1B,ทวีปยุโรป,50036.0,0.0
2022-10,2022,10,4,326,PT,โปรตุเกส,1B,ทวีปยุโรป,726607.0,0.0
2022-10,2022,10,4,281,MV,มัลดีฟส์,1A,ทวีปเอเชีย,276878.0,0.0
2022-10,2022,10,4,461,NG,ไนจีเรีย,1E,ทวีปแอฟริกา,0.0,0.0
2022-10,2022,10,4,362,LT,ลิทัวเนีย,1B,ทวีปยุโรป,1111384.0,0.0
2022-10,2022,10,4,277,BD,บังกลาเทศ,1A,ทวีปเอเชีย,393104.0,0.0
2022-10,2022,10,4,497,NZ,นิวซีแลนด์,1F,ทวีปออสเตรเลีย,557116.0,0.0
2022-10,2022,10,4,454,ML,มาลี,1E,ทวีปแอฟริกา,0.0,0.0
2022-10,2022,10,4,381,CR,คอสตาริกา,1C,ทวีปอเมริกาเหนือ,272095.0,0.0
2022-10,2022,10,4,411,CO,โคลอมเบีย,1D,ทวีปอเมริกาใต้,55321.0,0.0
2022-10,2022,10,4,296,SA,ซาอุดีอาระเบีย,1A,ทวีปเอเชีย,27890.0,0.0
2022-10,2022,10,4,333,BG,บัลแกเรีย,1B,ทวีปยุโรป,292570.0,0.0
2022-10,2022,10,4,384,DO,สาธารณรัฐโดมินิกัน,1C,ทวีปอเมริกาเหนือ,616.0,0.0
2022-10,2022,10,4,475,TN,ตูนิเซีย,1E,ทวีปแอฟริกา,36825.0,0.0
2022-10,2022,10,4,308,MO,มาเก๊า,1A,ทวีปเอเชีย,15450.0,0.0
2022-10,2022,10,4,295,QA,กาตาร์,1A,ทวีปเอเชีย,179925.0,0.0
2022-10,2022,10,4,340,KG,คีร์กีซสถาน,1A,ทวีปเอเชีย,0.0,0.0
2022-10,2022,10,4,290,IR,อิหร่าน,1A,ทวีปเอเชีย,442.0,0.0
2022-10,2022,10,4,278,BT,ภูฎาน,1A,ทวีปเอเชีย,3980.0,0.0
2022-10,2022,10,4,417,PE,เปรู,1D,ทวีปอเมริกาใต้,29588.0,0.0
2022-10,2022,10,4,324,LU,ลักเซมเบิร์ก,1B,ทวีปยุโรป,118891.0,0.0
2022-10,2022,10,4,282,NP,เนปาล,1A,ทวีปเอเชีย,5015.0,0.0
2022-10,2022,10,4,292,KW,คูเวต,1A,ทวีปเอเชีย,6797.0,0.0
2022-10,2022,10,4,510,AS,อเมริกันซามัวร์,1F,ทวีปออสเตรเลีย,0.0,0.0
2022-10,2022,10,4,595,SS,ซูดานใต้,1E,ทวีปแอฟริกา,0.0,0.0
2022-10,2022,10,4,412,EC,เอกวาดอร์,1D,ทวีปอเมริกาใต้,86559.0,0.0
2022-10,2022,10,4,505,VU,วานูอาตู,1F,ทวีปออสเตรเลีย,0.0,0.0
2022-10,2022,10,4,300,YE,เยเมน,1A,ทวีปเอเชีย,0.0,0.0
2022-10,2022,10,4,436,DZ,แอลจีเรีย,1E,ทวีปแอฟริกา,0.0,0.0
2022-10,2022,10,4,456,MU,มอริเชียส,1E,ทวีปแอฟริกา,0.0,0.0
2022-10,2022,10,4,380,BZ,เบลิซ,1C,ทวีปอเมริกาเหนือ,0.0,0.0
2022-10,2022,10,4,472,SZ,เอสวาตินี,1E,ทวีปแอฟริกา,36802.0,0.0
2022-10,2022,10,4,490,KI,คิริบาส,1F,ทวีปออสเตรเลีย,0.0,0.0
2022-10,2022,10,4,379,BS,บาฮามาส,1C,ทวีปอเมริกาเหนือ,0.0,0.0
2022-10,2022,10,4,476,TZ,แทนซาเนีย,1E,ทวีปแอฟริกา,431.0,0.0
2022-10,2022,10,4,498,PF,เฟรนช์โปลีนีเซีย,1F,ทวีปออสเตรเลีย,736.0,0.0
2022-10,2022,10,4,321,GR,กรีซ,1B,ทวีปยุโรป,0.0,0.0
2022-10,2022,10,4,447,KE,เคนยา,1E,ทวีปแอฟริกา,0.0,0.0
2022-10,2022,10,4,307,MN,มองโกเลีย,1A,ทวีปเอเชีย,0.0,0.0
2022-10,2022,10,4,468,SL,เซียร์ราลีโอน,1E,ทวีปแอฟริกา,0.0,0.0
2022-10,2022,10,4,506,WS,ซามัวตะวันตก,1F,ทวีปออสเตรเลีย,0.0,0.0
2022-10,2022,10,4,452,MA,โมร็อกโก,1E,ทวีปแอฟริกา,0.0,0.0
2022-10,2022,10,4,484,CK,หมู่เกาะดุก,1F,ทวีปออสเตรเลีย,4405.0,0.0
2022-10,2022,10,4,421,UY,อุรุกวัย,1D,ทวีปอเมริกาใต้,0.0,0.0
2022-10,2022,10,4,438,ET,เอธิโอเปีย,1E,ทวีปแอฟริกา,0.0,0.0
2022-10,2022,10,4,453,MG,มาดากัสการ์,1E,ทวีปแอฟริกา,431.0,0.0
2022-10,2022,10,4,276,AF,อัฟกานิสถาน,1A,ทวีปเอเชีย,0.0,0.0
2022-10,2022,10,4,378,BM,เบอร์มิวดา,1C,ทวีปอเมริกาเหนือ,0.0,0.0
2022-10,2022,10,4,338,HR,โครเอเชีย,1B,ทวีปยุโรป,1570.0,0.0
2022-10,2022,10,4,522,TK,โตกีลู,1F,ทวีปออสเตรเลีย,0.0,0.0
2022-10,2022,10,4,473,TD,ชาด,1E,ทวีปแอฟริกา,0.0,0.0
2022-10,2022,10,4,294,OM,โอมาน,1A,ทวีปเอเชีย,442.0,0.0
2022-10,2022,10,4,441,GH,กานา,1E,ทวีปแอฟริกา,431.0,0.0
2022-10,2022,10,4,363,LV,ลัตเวีย,1B,ทวีปยุโรป,0.0,0.0
2022-10,2022,10,4,419,PY,ปารากวัย,1D,ทวีปอเมริกาใต้,0.0,0.0
2022-10,2022,10,4,286,BH,บาห์เรน,1A,ทวีปเอเชีย,0.0,0.0
2022-10,2022,10,4,341,KZ,คาซัคสถาน,1A,ทวีปเอเชีย,736.0,0.0
2022-10,2022,10,4,388,GT,กัวเตมาลา,1C,ทวีปอเมริกาเหนือ,0.0,0.0
2022-10,2022,10,4,360,IS,ไอซ์แลนด์,1B,ทวีปยุโรป,0.0,0.0
2022-10,2022,10,4,394,LC,เซนต์ลูเซีย,1C,ทวีปอเมริกาเหนือ,1691.0,0.0
2022-10,2022,10,4,470,SO,โซมาเลีย,1E,ทวีปแอฟริกา,1214.0,0.0
2022-10,2022,10,4,291,JO,จอร์แดน,1A,ทวีปเอเชีย,431.0,0.0
2022-10,2022,10,4,395,MQ,มาร์ตินีก,1C,ทวีปอเมริกาเหนือ,0.0,0.0
2022-10,2022,10,4,289,IQ,อิรัก,1A,ทวีปเอเชีย,442.0,0.0
2022-10,2022,10,4,377,BB,บาร์เบโดส,1C,ทวีปอเมริกาเหนือ,0.0,0.0
2022-10,2022,10,4,451,LY,ลิเบีย,1E,ทวีปแอฟริกา,0.0,0.0
2022-10,2022,10,4,466,SD,ซูดาน,1E,ทวีปแอฟริกา,431.0,0.0
2022-10,2022,10,4,463,RE,เรอูนียง,1E,ทวีปแอฟริกา,0.0,0.0
2022-10,2022,10,4,337,GE,จอร์เจีย,1A,ทวีปเอเชีย,0.0,0.0
2022-10,2022,10,4,365,MT,มอลตา,1B,ทวีปยุโรป,0.0,0.0
2022-11,2022,11,4,373,US,สหรัฐอเมริกา,1C,ทวีปอเมริกาเหนือ,4840336618.0,0.0
2022-11,2022,11,4,302,CN,จีน,1A,ทวีปเอเชีย,612886120.0,0.0
2022-11,2022,11,4,325,NL,เนเธอร์แลนด์,1B,ทวีปยุโรป,1009895425.0,0.0
2022-11,2022,11,4,372,MX,เม็กซิโก,1C,ทวีปอเมริกาเหนือ,701127941.0,0.0
2022-11,2022,11,4,304,JP,ญี่ปุ่น,1A,ทวีปเอเชีย,540540621.0,0.0
2022-11,2022,11,4,323,IT,อิตาลี,1B,ทวีปยุโรป,585013699.0,0.0
2022-11,2022,11,4,303,HK,ฮ่องกง,1A,ทวีปเอเชีย,383387801.0,0.0
2022-11,2022,11,4,315,DE,เยอรมนี,1B,ทวีปยุโรป,430248004.0,0.0
2022-11,2022,11,4,271,MY,มาเลเซีย,1A,ทวีปเอเชีย,362395878.0,0.0
2022-11,2022,11,4,309,TW,ไต้หวัน,1A,ทวีปเอเชีย,266876904.0,0.0
2022-11,2022,11,4,320,GB,สหราชอาณาจักร,1B,ทวีปยุโรป,340101232.0,0.0
2022-11,2022,11,4,336,CZ,สาธารณรัฐเช็ก,1B,ทวีปยุโรป,167340198.0,0.0
2022-11,2022,11,4,273,SG,สิงคโปร์,1A,ทวีปเอเชีย,161813901.0,0.0
2022-11,2022,11,4,339,HU,ฮังการี,1B,ทวีปยุโรป,223559492.0,0.0
2022-11,2022,11,4,279,IN,อินเดีย,1A,ทวีปเอเชีย,109707130.0,0.0
2022-11,2022,11,4,306,KR,เกาหลีใต้,1A,ทวีปเอเชีย,72778796.0,0.0
2022-11,2022,11,4,274,VN,เวียดนาม,1A,ทวีปเอเชีย,56124217.0,0.0
2022-11,2022,11,4,319,FR,ฝรั่งเศส,1B,ทวีปยุโรป,82062346.0,0.0
2022-11,2022,11,4,347,SK,สโลวาเกีย,1B,ทวีปยุโรป,69909564.0,0.0
2022-11,2022,11,4,316,DK,เดนมาร์ก,1B,ทวีปยุโรป,25560886.0,0.0
2022-11,2022,11,4,268,KH,กัมพูชา,1A,ทวีปเอเชีย,23048944.0,0.0
2022-11,2022,11,4,272,PH,ฟิลิปปินส์,1A,ทวีปเอเชีย,43981919.0,0.0
2022-11,2022,11,4,343,PL,โปแลนด์,1B,ทวีปยุโรป,19617724.0,0.0
2022-11,2022,11,4,269,LA,สปป. ลาว,1A,ทวีปเอเชีย,36055154.0,0.0
2022-11,2022,11,4,267,ID,อินโดนีเซีย,1A,ทวีปเอเชีย,19945056.0,0.0
2022-11,2022,11,4,483,AU,ออสเตรเลีย,1F,ทวีปออสเตรเลีย,24870536.0,0.0
2022-11,2022,11,4,371,CA,แคนาดา,1C,ทวีปอเมริกาเหนือ,21367734.0,0.0
2022-11,2022,11,4,270,MM,เมียนมา,1A,ทวีปเอเชีย,20260731.0,0.0
2022-11,2022,11,4,344,RO,โรมาเนีย,1B,ทวีปยุโรป,26171907.0,0.0
2022-11,2022,11,4,486,FJ,ฟิจิ,1F,ทวีปออสเตรเลีย,0.0,0.0
2022-11,2022,11,4,409,BR,บราซิล,1D,ทวีปอเมริกาใต้,5523359.0,0.0
2022-11,2022,11,4,317,ES,สเปน,1B,ทวีปยุโรป,13733746.0,0.0
2022-11,2022,11,4,327,SE,สวีเดน,1B,ทวีปยุโรป,14702796.0,0.0
2022-11,2022,11,4,298,TR,ตุรกี,1A,ทวีปเอเชีย,14693535.0,0.0
2022-11,2022,11,4,288,IL,อิสราเอล,1A,ทวีปเอเชีย,11352674.0,0.0
2022-11,2022,11,4,312,AT,ออสเตรีย,1B,ทวีปยุโรป,10234370.0,0.0
2022-11,2022,11,4,437,EG,อียิปต์,1E,ทวีปแอฟริกา,1164845.0,0.0
2022-11,2022,11,4,357,EE,เอสโตเนีย,1B,ทวีปยุโรป,2379708.0,0.0
2022-11,2022,11,4,410,CL,ชิลี,1D,ทวีปอเมริกาใต้,0.0,0.0
2022-11,2022,11,4,478,ZA,แอฟริกาใต้,1E,ทวีปแอฟริกา,1831137.0,0.0
2022-11,2022,11,4,366,NO,นอร์เวย์,1B,ทวีปยุโรป,212976.0,0.0
2022-11,2022,11,4,397,PA,ปานามา,1C,ทวีปอเมริกาเหนือ,4922828.0,0.0
2022-11,2022,11,4,266,BN,บรูไน,1A,ทวีปเอเชีย,0.0,0.0
2022-11,2022,11,4,356,CH,สวิตเซอร์แลนด์,1B,ทวีปยุโรป,4498503.0,0.0
2022-11,2022,11,4,283,PK,ปากีสถาน,1A,ทวีปเอเชีย,341761.0,0.0
2022-11,2022,11,4,407,AR,อาร์เจนตินา,1D,ทวีปอเมริกาใต้,3915790.0,0.0
2022-11,2022,11,4,285,AE,สหรัฐอาหรับเอมิเรตส์,1A,ทวีปเอเชีย,6366734.0,0.0
2022-11,2022,11,4,499,PG,ปาปัวนิวกินี,1F,ทวีปออสเตรเลีย,39868.0,0.0
2022-11,2022,11,4,280,LK,ศรีลังกา,1A,ทวีปเอเชีย,795823.0,0.0
2022-11,2022,11,4,313,BE,เบลเยียม,1B,ทวีปยุโรป,857285.0,0.0
2022-11,2022,11,4,318,FI,ฟินแลนด์,1B,ทวีปยุโรป,1767002.0,0.0
2022-11,2022,11,4,458,MZ,โมซัมบิก,1E,ทวีปแอฟริกา,0.0,0.0
2022-11,2022,11,4,431,CI,โกตดิวัวร์,1E,ทวีปแอฟริกา,0.0,0.0
2022-11,2022,11,4,346,SI,สโลวีเนีย,1B,ทวีปยุโรป,6686.0,0.0
2022-11,2022,11,4,322,IE,ไอร์แลนด์,1B,ทวีปยุโรป,443013.0,0.0
2022-11,2022,11,4,398,PR,เปอร์โตริโก,1C,ทวีปอเมริกาเหนือ,0.0,0.0
2022-11,2022,11,4,424,AO,แองโกลา,1E,ทวีปแอฟริกา,0.0,0.0
2022-11,2022,11,4,389,HN,ฮอนดูรัส,1C,ทวีปอเมริกาเหนือ,0.0,0.0
2022-11,2022,11,4,345,RU,รัสเซีย,1B,ทวีปยุโรป,3594128.0,0.0
2022-11,2022,11,4,383,DM,โดมินิกา,1C,ทวีปอเมริกาเหนือ,597430.0,0.0
2022-11,2022,11,4,461,NG,ไนจีเรีย,1E,ทวีปแอฟริกา,2941308.0,0.0
2022-11,2022,11,4,326,PT,โปรตุเกส,1B,ทวีปยุโรป,1442922.0,0.0
2022-11,2022,11,4,362,LT,ลิทัวเนีย,1B,ทวีปยุโรป,834821.0,0.0
2022-11,2022,11,4,281,MV,มัลดีฟส์,1A,ทวีปเอเชีย,31251.0,0.0
2022-11,2022,11,4,277,BD,บังกลาเทศ,1A,ทวีปเอเชีย,118086.0,0.0
2022-11,2022,11,4,497,NZ,นิวซีแลนด์,1F,ทวีปออสเตรเลีย,399073.0,0.0
2022-11,2022,11,4,454,ML,มาลี,1E,ทวีปแอฟริกา,0.0,0.0
2022-11,2022,11,4,296,SA,ซาอุดีอาระเบีย,1A,ทวีปเอเชีย,731213.0,0.0
2022-11,2022,11,4,384,DO,สาธารณรัฐโดมินิกัน,1C,ทวีปอเมริกาเหนือ,951788.0,0.0
2022-11,2022,11,4,290,IR,อิหร่าน,1A,ทวีปเอเชีย,1394129.0,0.0
2022-11,2022,11,4,333,BG,บัลแกเรีย,1B,ทวีปยุโรป,444077.0,0.0
2022-11,2022,11,4,381,CR,คอสตาริกา,1C,ทวีปอเมริกาเหนือ,0.0,0.0
2022-11,2022,11,4,411,CO,โคลอมเบีย,1D,ทวีปอเมริกาใต้,2350.0,0.0
2022-11,2022,11,4,475,TN,ตูนิเซีย,1E,ทวีปแอฟริกา,0.0,0.0
2022-11,2022,11,4,308,MO,มาเก๊า,1A,ทวีปเอเชีย,201501.0,0.0
2022-11,2022,11,4,295,QA,กาตาร์,1A,ทวีปเอเชีย,1291.0,0.0
2022-11,2022,11,4,436,DZ,แอลจีเรีย,1E,ทวีปแอฟริกา,417314.0,0.0
2022-11,2022,11,4,340,KG,คีร์กีซสถาน,1A,ทวีปเอเชีย,0.0,0.0
2022-11,2022,11,4,278,BT,ภูฎาน,1A,ทวีปเอเชีย,10241.0,0.0
2022-11,2022,11,4,417,PE,เปรู,1D,ทวีปอเมริกาใต้,9502.0,0.0
2022-11,2022,11,4,282,NP,เนปาล,1A,ทวีปเอเชีย,1900.0,0.0
2022-11,2022,11,4,324,LU,ลักเซมเบิร์ก,1B,ทวีปยุโรป,0.0,0.0
2022-11,2022,11,4,292,KW,คูเวต,1A,ทวีปเอเชีย,919.0,0.0
2022-11,2022,11,4,510,AS,อเมริกันซามัวร์,1F,ทวีปออสเตรเลีย,0.0,0.0
2022-11,2022,11,4,595,SS,ซูดานใต้,1E,ทวีปแอฟริกา,0.0,0.0
2022-11,2022,11,4,412,EC,เอกวาดอร์,1D,ทวีปอเมริกาใต้,0.0,0.0
2022-11,2022,11,4,351,UA,ยูเครน,1B,ทวีปยุโรป,106195.0,0.0
2022-11,2022,11,4,505,VU,วานูอาตู,1F,ทวีปออสเตรเลีย,0.0,0.0
2022-11,2022,11,4,300,YE,เยเมน,1A,ทวีปเอเชีย,0.0,0.0
2022-11,2022,11,4,456,MU,มอริเชียส,1E,ทวีปแอฟริกา,0.0,0.0
2022-11,2022,11,4,380,BZ,เบลิซ,1C,ทวีปอเมริกาเหนือ,0.0,0.0
2022-11,2022,11,4,472,SZ,เอสวาตินี,1E,ทวีปแอฟริกา,0.0,0.0
2022-11,2022,11,4,420,SR,ซูรินาเม,1D,ทวีปอเมริกาใต้,36036.0,0.0
2022-11,2022,11,4,490,KI,คิริบาส,1F,ทวีปออสเตรเลีย,0.0,0.0
2022-11,2022,11,4,379,BS,บาฮามาส,1C,ทวีปอเมริกาเหนือ,0.0,0.0
2022-11,2022,11,4,429,CF,แอฟริกากลาง,1E,ทวีปแอฟริกา,21832.0,0.0
2022-11,2022,11,4,476,TZ,แทนซาเนีย,1E,ทวีปแอฟริกา,1776.0,0.0
2022-11,2022,11,4,438,ET,เอธิโอเปีย,1E,ทวีปแอฟริกา,6780.0,0.0
2022-11,2022,11,4,498,PF,เฟรนช์โปลีนีเซีย,1F,ทวีปออสเตรเลีย,0.0,0.0
2022-11,2022,11,4,447,KE,เคนยา,1E,ทวีปแอฟริกา,444.0,0.0
2022-11,2022,11,4,365,MT,มอลตา,1B,ทวีปยุโรป,13276.0,0.0
2022-11,2022,11,4,321,GR,กรีซ,1B,ทวีปยุโรป,0.0,0.0
2022-11,2022,11,4,307,MN,มองโกเลีย,1A,ทวีปเอเชีย,0.0,0.0
2022-11,2022,11,4,468,SL,เซียร์ราลีโอน,1E,ทวีปแอฟริกา,0.0,0.0
2022-11,2022,11,4,506,WS,ซามัวตะวันตก,1F,ทวีปออสเตรเลีย,0.0,0.0
2022-11,2022,11,4,452,MA,โมร็อกโก,1E,ทวีปแอฟริกา,0.0,0.0
2022-11,2022,11,4,484,CK,หมู่เกาะดุก,1F,ทวีปออสเตรเลีย,0.0,0.0
2022-11,2022,11,4,421,UY,อุรุกวัย,1D,ทวีปอเมริกาใต้,0.0,0.0
2022-11,2022,11,4,453,MG,มาดากัสการ์,1E,ทวีปแอฟริกา,0.0,0.0
2022-11,2022,11,4,276,AF,อัฟกานิสถาน,1A,ทวีปเอเชีย,0.0,0.0
2022-11,2022,11,4,378,BM,เบอร์มิวดา,1C,ทวีปอเมริกาเหนือ,0.0,0.0
2022-11,2022,11,4,338,HR,โครเอเชีย,1B,ทวีปยุโรป,0.0,0.0
2022-11,2022,11,4,522,TK,โตกีลู,1F,ทวีปออสเตรเลีย,0.0,0.0
2022-11,2022,11,4,473,TD,ชาด,1E,ทวีปแอฟริกา,0.0,0.0
2022-11,2022,11,4,294,OM,โอมาน,1A,ทวีปเอเชีย,0.0,0.0
2022-11,2022,11,4,441,GH,กานา,1E,ทวีปแอฟริกา,0.0,0.0
2022-11,2022,11,4,363,LV,ลัตเวีย,1B,ทวีปยุโรป,0.0,0.0
2022-11,2022,11,4,419,PY,ปารากวัย,1D,ทวีปอเมริกาใต้,0.0,0.0
2022-11,2022,11,4,341,KZ,คาซัคสถาน,1A,ทวีปเอเชีย,759.0,0.0
2022-11,2022,11,4,286,BH,บาห์เรน,1A,ทวีปเอเชีย,0.0,0.0
2022-11,2022,11,4,388,GT,กัวเตมาลา,1C,ทวีปอเมริกาเหนือ,0.0,0.0
2022-11,2022,11,4,360,IS,ไอซ์แลนด์,1B,ทวีปยุโรป,0.0,0.0
2022-11,2022,11,4,394,LC,เซนต์ลูเซีย,1C,ทวีปอเมริกาเหนือ,0.0,0.0
2022-11,2022,11,4,289,IQ,อิรัก,1A,ทวีปเอเชีย,455.0,0.0
2022-11,2022,11,4,470,SO,โซมาเลีย,1E,ทวีปแอฟริกา,0.0,0.0
2022-11,2022,11,4,291,JO,จอร์แดน,1A,ทวีปเอเชีย,0.0,0.0
2022-11,2022,11,4,395,MQ,มาร์ตินีก,1C,ทวีปอเมริกาเหนือ,0.0,0.0
2022-11,2022,11,4,377,BB,บาร์เบโดส,1C,ทวีปอเมริกาเหนือ,0.0,0.0
2022-11,2022,11,4,451,LY,ลิเบีย,1E,ทวีปแอฟริกา,0.0,0.0
2022-11,2022,11,4,466,SD,ซูดาน,1E,ทวีปแอฟริกา,0.0,0.0
2022-11,2022,11,4,463,RE,เรอูนียง,1E,ทวีปแอฟริกา,0.0,0.0
2022-11,2022,11,4,337,GE,จอร์เจีย,1A,ทวีปเอเชีย,0.0,0.0
2022-12,2022,12,4,373,US,สหรัฐอเมริกา,1C,ทวีปอเมริกาเหนือ,5424791940.0,0.0
2022-12,2022,12,4,302,CN,จีน,1A,ทวีปเอเชีย,572491201.0,0.0
2022-12,2022,12,4,325,NL,เนเธอร์แลนด์,1B,ทวีปยุโรป,1060481587.0,0.0
2022-12,2022,12,4,372,MX,เม็กซิโก,1C,ทวีปอเมริกาเหนือ,519102137.0,0.0
2022-12,2022,12,4,304,JP,ญี่ปุ่น,1A,ทวีปเอเชีย,553244712.0,0.0
2022-12,2022,12,4,323,IT,อิตาลี,1B,ทวีปยุโรป,481871345.0,0.0
2022-12,2022,12,4,303,HK,ฮ่องกง,1A,ทวีปเอเชีย,426586435.0,0.0
2022-12,2022,12,4,315,DE,เยอรมนี,1B,ทวีปยุโรป,279876200.0,0.0
2022-12,2022,12,4,271,MY,มาเลเซีย,1A,ทวีปเอเชีย,270013873.0,0.0
2022-12,2022,12,4,309,TW,ไต้หวัน,1A,ทวีปเอเชีย,307619409.0,0.0
2022-12,2022,12,4,497,NZ,นิวซีแลนด์,1F,ทวีปออสเตรเลีย,2571393560.0,0.0
2022-12,2022,12,4,320,GB,สหราชอาณาจักร,1B,ทวีปยุโรป,313400008.0,0.0
2022-12,2022,12,4,336,CZ,สาธารณรัฐเช็ก,1B,ทวีปยุโรป,148791887.0,0.0
2022-12,2022,12,4,273,SG,สิงคโปร์,1A,ทวีปเอเชีย,154601786.0,0.0
2022-12,2022,12,4,339,HU,ฮังการี,1B,ทวีปยุโรป,66417849.0,0.0
2022-12,2022,12,4,279,IN,อินเดีย,1A,ทวีปเอเชีย,126953162.0,0.0
2022-12,2022,12,4,306,KR,เกาหลีใต้,1A,ทวีปเอเชีย,53564374.0,0.0
2022-12,2022,12,4,274,VN,เวียดนาม,1A,ทวีปเอเชีย,64958982.0,0.0
2022-12,2022,12,4,347,SK,สโลวาเกีย,1B,ทวีปยุโรป,64128876.0,0.0
2022-12,2022,12,4,319,FR,ฝรั่งเศส,1B,ทวีปยุโรป,54838051.0,0.0
2022-12,2022,12,4,316,DK,เดนมาร์ก,1B,ทวีปยุโรป,27203893.0,0.0
2022-12,2022,12,4,268,KH,กัมพูชา,1A,ทวีปเอเชีย,24154090.0,0.0
2022-12,2022,12,4,343,PL,โปแลนด์,1B,ทวีปยุโรป,32529750.0,0.0
2022-12,2022,12,4,272,PH,ฟิลิปปินส์,1A,ทวีปเอเชีย,16463092.0,0.0
2022-12,2022,12,4,269,LA,สปป. ลาว,1A,ทวีปเอเชีย,26400483.0,0.0
2022-12,2022,12,4,483,AU,ออสเตรเลีย,1F,ทวีปออสเตรเลีย,16123922.0,0.0
2022-12,2022,12,4,267,ID,อินโดนีเซีย,1A,ทวีปเอเชีย,11850532.0,0.0
2022-12,2022,12,4,371,CA,แคนาดา,1C,ทวีปอเมริกาเหนือ,41923912.0,0.0
2022-12,2022,12,4,270,MM,เมียนมา,1A,ทวีปเอเชีย,14416038.0,0.0
2022-12,2022,12,4,344,RO,โรมาเนีย,1B,ทวีปยุโรป,20057362.0,0.0
2022-12,2022,12,4,409,BR,บราซิล,1D,ทวีปอเมริกาใต้,14356897.0,0.0
2022-12,2022,12,4,486,FJ,ฟิจิ,1F,ทวีปออสเตรเลีย,0.0,0.0
2022-12,2022,12,4,317,ES,สเปน,1B,ทวีปยุโรป,16416033.0,0.0
2022-12,2022,12,4,327,SE,สวีเดน,1B,ทวีปยุโรป,2724475.0,0.0
2022-12,2022,12,4,298,TR,ตุรกี,1A,ทวีปเอเชีย,17797153.0,0.0
2022-12,2022,12,4,288,IL,อิสราเอล,1A,ทวีปเอเชีย,5273998.0,0.0
2022-12,2022,12,4,312,AT,ออสเตรีย,1B,ทวีปยุโรป,10091205.0,0.0
2022-12,2022,12,4,357,EE,เอสโตเนีย,1B,ทวีปยุโรป,7484792.0,0.0
2022-12,2022,12,4,437,EG,อียิปต์,1E,ทวีปแอฟริกา,2860477.0,0.0
2022-12,2022,12,4,478,ZA,แอฟริกาใต้,1E,ทวีปแอฟริกา,2966197.0,0.0
2022-12,2022,12,4,410,CL,ชิลี,1D,ทวีปอเมริกาใต้,50500.0,0.0
2022-12,2022,12,4,266,BN,บรูไน,1A,ทวีปเอเชีย,4784578.0,0.0
2022-12,2022,12,4,366,NO,นอร์เวย์,1B,ทวีปยุโรป,933849.0,0.0
2022-12,2022,12,4,356,CH,สวิตเซอร์แลนด์,1B,ทวีปยุโรป,1763706.0,0.0
2022-12,2022,12,4,397,PA,ปานามา,1C,ทวีปอเมริกาเหนือ,46021.0,0.0
2022-12,2022,12,4,283,PK,ปากีสถาน,1A,ทวีปเอเชีย,301285.0,0.0
2022-12,2022,12,4,407,AR,อาร์เจนตินา,1D,ทวีปอเมริกาใต้,3700319.0,0.0
2022-12,2022,12,4,318,FI,ฟินแลนด์,1B,ทวีปยุโรป,6384230.0,0.0
2022-12,2022,12,4,345,RU,รัสเซีย,1B,ทวีปยุโรป,10957779.0,0.0
2022-12,2022,12,4,313,BE,เบลเยียม,1B,ทวีปยุโรป,876342.0,0.0
2022-12,2022,12,4,285,AE,สหรัฐอาหรับเอมิเรตส์,1A,ทวีปเอเชีย,18546.0,0.0
2022-12,2022,12,4,499,PG,ปาปัวนิวกินี,1F,ทวีปออสเตรเลีย,34012.0,0.0
2022-12,2022,12,4,322,IE,ไอร์แลนด์,1B,ทวีปยุโรป,6589565.0,0.0
2022-12,2022,12,4,280,LK,ศรีลังกา,1A,ทวีปเอเชีย,4390.0,0.0
2022-12,2022,12,4,458,MZ,โมซัมบิก,1E,ทวีปแอฟริกา,0.0,0.0
2022-12,2022,12,4,398,PR,เปอร์โตริโก,1C,ทวีปอเมริกาเหนือ,3598226.0,0.0
2022-12,2022,12,4,431,CI,โกตดิวัวร์,1E,ทวีปแอฟริกา,0.0,0.0
2022-12,2022,12,4,346,SI,สโลวีเนีย,1B,ทวีปยุโรป,36493.0,0.0
2022-12,2022,12,4,424,AO,แองโกลา,1E,ทวีปแอฟริกา,0.0,0.0
2022-12,2022,12,4,389,HN,ฮอนดูรัส,1C,ทวีปอเมริกาเหนือ,0.0,0.0
2022-12,2022,12,4,383,DM,โดมินิกา,1C,ทวีปอเมริกาเหนือ,0.0,0.0
2022-12,2022,12,4,461,NG,ไนจีเรีย,1E,ทวีปแอฟริกา,831055.0,0.0
2022-12,2022,12,4,296,SA,ซาอุดีอาระเบีย,1A,ทวีปเอเชีย,7640017.0,0.0
2022-12,2022,12,4,326,PT,โปรตุเกส,1B,ทวีปยุโรป,0.0,0.0
2022-12,2022,12,4,281,MV,มัลดีฟส์,1A,ทวีปเอเชีย,1592908.0,0.0
2022-12,2022,12,4,362,LT,ลิทัวเนีย,1B,ทวีปยุโรป,0.0,0.0
2022-12,2022,12,4,277,BD,บังกลาเทศ,1A,ทวีปเอเชีย,196575.0,0.0
2022-12,2022,12,4,290,IR,อิหร่าน,1A,ทวีปเอเชีย,761582.0,0.0
2022-12,2022,12,4,454,ML,มาลี,1E,ทวีปแอฟริกา,0.0,0.0
2022-12,2022,12,4,384,DO,สาธารณรัฐโดมินิกัน,1C,ทวีปอเมริกาเหนือ,0.0,0.0
2022-12,2022,12,4,333,BG,บัลแกเรีย,1B,ทวีปยุโรป,149789.0,0.0
2022-12,2022,12,4,292,KW,คูเวต,1A,ทวีปเอเชีย,1576559.0,0.0
2022-12,2022,12,4,381,CR,คอสตาริกา,1C,ทวีปอเมริกาเหนือ,0.0,0.0
2022-12,2022,12,4,411,CO,โคลอมเบีย,1D,ทวีปอเมริกาใต้,0.0,0.0
2022-12,2022,12,4,469,SN,เซเนกัล,1E,ทวีปแอฟริกา,1295945.0,0.0
2022-12,2022,12,4,475,TN,ตูนิเซีย,1E,ทวีปแอฟริกา,209354.0,0.0
2022-12,2022,12,4,308,MO,มาเก๊า,1A,ทวีปเอเชีย,126606.0,0.0
2022-12,2022,12,4,295,QA,กาตาร์,1A,ทวีปเอเชีย,1966.0,0.0
2022-12,2022,12,4,436,DZ,แอลจีเรีย,1E,ทวีปแอฟริกา,0.0,0.0
2022-12,2022,12,4,340,KG,คีร์กีซสถาน,1A,ทวีปเอเชีย,0.0,0.0
2022-12,2022,12,4,278,BT,ภูฎาน,1A,ทวีปเอเชีย,0.0,0.0
2022-12,2022,12,4,417,PE,เปรู,1D,ทวีปอเมริกาใต้,55786.0,0.0
2022-12,2022,12,4,300,YE,เยเมน,1A,ทวีปเอเชีย,117132.0,0.0
2022-12,2022,12,4,282,NP,เนปาล,1A,ทวีปเอเชีย,26349.0,0.0
2022-12,2022,12,4,324,LU,ลักเซมเบิร์ก,1B,ทวีปยุโรป,0.0,0.0
2022-12,2022,12,4,341,KZ,คาซัคสถาน,1A,ทวีปเอเชีย,116212.0,0.0
2022-12,2022,12,4,510,AS,อเมริกันซามัวร์,1F,ทวีปออสเตรเลีย,0.0,0.0
2022-12,2022,12,4,595,SS,ซูดานใต้,1E,ทวีปแอฟริกา,0.0,0.0
2022-12,2022,12,4,412,EC,เอกวาดอร์,1D,ทวีปอเมริกาใต้,0.0,0.0
2022-12,2022,12,4,351,UA,ยูเครน,1B,ทวีปยุโรป,0.0,0.0
2022-12,2022,12,4,505,VU,วานูอาตู,1F,ทวีปออสเตรเลีย,0.0,0.0
2022-12,2022,12,4,456,MU,มอริเชียส,1E,ทวีปแอฟริกา,0.0,0.0
2022-12,2022,12,4,380,BZ,เบลิซ,1C,ทวีปอเมริกาเหนือ,0.0,0.0
2022-12,2022,12,4,472,SZ,เอสวาตินี,1E,ทวีปแอฟริกา,0.0,0.0
2022-12,2022,12,4,420,SR,ซูรินาเม,1D,ทวีปอเมริกาใต้,0.0,0.0
2022-12,2022,12,4,447,KE,เคนยา,1E,ทวีปแอฟริกา,14298.0,0.0
2022-12,2022,12,4,490,KI,คิริบาส,1F,ทวีปออสเตรเลีย,929.0,0.0
2022-12,2022,12,4,379,BS,บาฮามาส,1C,ทวีปอเมริกาเหนือ,0.0,0.0
2022-12,2022,12,4,429,CF,แอฟริกากลาง,1E,ทวีปแอฟริกา,0.0,0.0
2022-12,2022,12,4,307,MN,มองโกเลีย,1A,ทวีปเอเชีย,8836.0,0.0
2022-12,2022,12,4,438,ET,เอธิโอเปีย,1E,ทวีปแอฟริกา,3260.0,0.0
2022-12,2022,12,4,476,TZ,แทนซาเนีย,1E,ทวีปแอฟริกา,0.0,0.0
2022-12,2022,12,4,321,GR,กรีซ,1B,ทวีปยุโรป,2018.0,0.0
2022-12,2022,12,4,498,PF,เฟรนช์โปลีนีเซีย,1F,ทวีปออสเตรเลีย,0.0,0.0
2022-12,2022,12,4,365,MT,มอลตา,1B,ทวีปยุโรป,0.0,0.0
2022-12,2022,12,4,468,SL,เซียร์ราลีโอน,1E,ทวีปแอฟริกา,0.0,0.0
2022-12,2022,12,4,506,WS,ซามัวตะวันตก,1F,ทวีปออสเตรเลีย,0.0,0.0
2022-12,2022,12,4,452,MA,โมร็อกโก,1E,ทวีปแอฟริกา,0.0,0.0
2022-12,2022,12,4,484,CK,หมู่เกาะดุก,1F,ทวีปออสเตรเลีย,0.0,0.0
2022-12,2022,12,4,421,UY,อุรุกวัย,1D,ทวีปอเมริกาใต้,0.0,0.0
2022-12,2022,12,4,453,MG,มาดากัสการ์,1E,ทวีปแอฟริกา,1001.0,0.0
2022-12,2022,12,4,276,AF,อัฟกานิสถาน,1A,ทวีปเอเชีย,0.0,0.0
2022-12,2022,12,4,378,BM,เบอร์มิวดา,1C,ทวีปอเมริกาเหนือ,0.0,0.0
2022-12,2022,12,4,338,HR,โครเอเชีย,1B,ทวีปยุโรป,0.0,0.0
2022-12,2022,12,4,522,TK,โตกีลู,1F,ทวีปออสเตรเลีย,0.0,0.0
2022-12,2022,12,4,473,TD,ชาด,1E,ทวีปแอฟริกา,0.0,0.0
2022-12,2022,12,4,294,OM,โอมาน,1A,ทวีปเอเชีย,429.0,0.0
2022-12,2022,12,4,441,GH,กานา,1E,ทวีปแอฟริกา,0.0,0.0
2022-12,2022,12,4,401,TT,ตรินิแดดและโตเบโก,1C,ทวีปอเมริกาเหนือ,5250.0,0.0
2022-12,2022,12,4,363,LV,ลัตเวีย,1B,ทวีปยุโรป,0.0,0.0
2022-12,2022,12,4,419,PY,ปารากวัย,1D,ทวีปอเมริกาใต้,0.0,0.0
2022-12,2022,12,4,286,BH,บาห์เรน,1A,ทวีปเอเชีย,0.0,0.0
2022-12,2022,12,4,388,GT,กัวเตมาลา,1C,ทวีปอเมริกาเหนือ,0.0,0.0
2022-12,2022,12,4,360,IS,ไอซ์แลนด์,1B,ทวีปยุโรป,0.0,0.0
2022-12,2022,12,4,394,LC,เซนต์ลูเซีย,1C,ทวีปอเมริกาเหนือ,0.0,0.0
2022-12,2022,12,4,289,IQ,อิรัก,1A,ทวีปเอเชีย,0.0,0.0
2022-12,2022,12,4,470,SO,โซมาเลีย,1E,ทวีปแอฟริกา,0.0,0.0
2022-12,2022,12,4,291,JO,จอร์แดน,1A,ทวีปเอเชีย,0.0,0.0
2022-12,2022,12,4,395,MQ,มาร์ตินีก,1C,ทวีปอเมริกาเหนือ,0.0,0.0
2022-12,2022,12,4,337,GE,จอร์เจีย,1A,ทวีปเอเชีย,715.0,0.0
2022-12,2022,12,4,463,RE,เรอูนียง,1E,ทวีปแอฟริกา,418.0,0.0
2022-12,2022,12,4,377,BB,บาร์เบโดส,1C,ทวีปอเมริกาเหนือ,0.0,0.0
2022-12,2022,12,4,451,LY,ลิเบีย,1E,ทวีปแอฟริกา,0.0,0.0
2022-12,2022,12,4,466,SD,ซูดาน,1E,ทวีปแอฟริกา,0.0,0.0
2023-01,2023,1,1,373,US,สหรัฐอเมริกา,1C,ทวีปอเมริกาเหนือ,4707457972.0,0.0
2023-01,2023,1,1,325,NL,เนเธอร์แลนด์,1B,ทวีปยุโรป,1165021599.0,0.0
2023-01,2023,1,1,372,MX,เม็กซิโก,1C,ทวีปอเมริกาเหนือ,685595485.0,0.0
2023-01,2023,1,1,304,JP,ญี่ปุ่น,1A,ทวีปเอเชีย,529887732.0,0.0
2023-01,2023,1,1,323,IT,อิตาลี,1B,ทวีปยุโรป,455536795.0,0.0
2023-01,2023,1,1,302,CN,จีน,1A,ทวีปเอเชีย,417314951.0,0.0
2023-01,2023,1,1,271,MY,มาเลเซีย,1A,ทวีปเอเชีย,308844117.0,0.0
2023-01,2023,1,1,303,HK,ฮ่องกง,1A,ทวีปเอเชีย,298415767.0,0.0
2023-01,2023,1,1,339,HU,ฮังการี,1B,ทวีปยุโรป,271976409.0,0.0
2023-01,2023,1,1,315,DE,เยอรมนี,1B,ทวีปยุโรป,228594076.0,0.0
2023-01,2023,1,1,309,TW,ไต้หวัน,1A,ทวีปเอเชีย,210293374.0,0.0
2023-01,2023,1,1,279,IN,อินเดีย,1A,ทวีปเอเชีย,115645736.0,0.0
2023-01,2023,1,1,336,CZ,สาธารณรัฐเช็ก,1B,ทวีปยุโรป,83384371.0,0.0
2023-01,2023,1,1,273,SG,สิงคโปร์,1A,ทวีปเอเชีย,82788336.0,0.0
2023-01,2023,1,1,319,FR,ฝรั่งเศส,1B,ทวีปยุโรป,82742943.0,0.0
2023-01,2023,1,1,371,CA,แคนาดา,1C,ทวีปอเมริกาเหนือ,75080270.0,0.0
2023-01,2023,1,1,347,SK,สโลวาเกีย,1B,ทวีปยุโรป,74088778.0,0.0
2023-01,2023,1,1,274,VN,เวียดนาม,1A,ทวีปเอเชีย,64579511.0,0.0
2023-01,2023,1,1,483,AU,ออสเตรเลีย,1F,ทวีปออสเตรเลีย,46500695.0,0.0
2023-01,2023,1,1,306,KR,เกาหลีใต้,1A,ทวีปเอเชีย,41060009.0,0.0
2023-01,2023,1,1,268,KH,กัมพูชา,1A,ทวีปเอเชีย,38068225.0,0.0
2023-01,2023,1,1,316,DK,เดนมาร์ก,1B,ทวีปยุโรป,34784947.0,0.0
2023-01,2023,1,1,320,GB,สหราชอาณาจักร,1B,ทวีปยุโรป,31008096.0,0.0
2023-01,2023,1,1,269,LA,สปป. ลาว,1A,ทวีปเอเชีย,29253413.0,0.0
2023-01,2023,1,1,344,RO,โรมาเนีย,1B,ทวีปยุโรป,27538742.0,0.0
2023-01,2023,1,1,345,RU,รัสเซีย,1B,ทวีปยุโรป,22949654.0,0.0
2023-01,2023,1,1,317,ES,สเปน,1B,ทวีปยุโรป,21451916.0,0.0
2023-01,2023,1,1,270,MM,เมียนมา,1A,ทวีปเอเชีย,17936780.0,0.0
2023-01,2023,1,1,272,PH,ฟิลิปปินส์,1A,ทวีปเอเชีย,15587919.0,0.0
2023-01,2023,1,1,298,TR,ตุรกี,1A,ทวีปเอเชีย,14962213.0,0.0
2023-01,2023,1,1,327,SE,สวีเดน,1B,ทวีปยุโรป,14470393.0,0.0
2023-01,2023,1,1,312,AT,ออสเตรีย,1B,ทวีปยุโรป,13669688.0,0.0
2023-01,2023,1,1,267,ID,อินโดนีเซีย,1A,ทวีปเอเชีย,12224950.0,0.0
2023-01,2023,1,1,343,PL,โปแลนด์,1B,ทวีปยุโรป,11917595.0,0.0
2023-01,2023,1,1,409,BR,บราซิล,1D,ทวีปอเมริกาใต้,11595086.0,0.0
2023-01,2023,1,1,288,IL,อิสราเอล,1A,ทวีปเอเชีย,9824109.0,0.0
2023-01,2023,1,1,437,EG,อียิปต์,1E,ทวีปแอฟริกา,9112858.0,0.0
2023-01,2023,1,1,357,EE,เอสโตเนีย,1B,ทวีปยุโรป,5846331.0,0.0
2023-01,2023,1,1,478,ZA,แอฟริกาใต้,1E,ทวีปแอฟริกา,4870423.0,0.0
2023-01,2023,1,1,356,CH,สวิตเซอร์แลนด์,1B,ทวีปยุโรป,2751227.0,0.0
2023-01,2023,1,1,281,MV,มัลดีฟส์,1A,ทวีปเอเชีย,2608401.0,0.0
2023-01,2023,1,1,407,AR,อาร์เจนตินา,1D,ทวีปอเมริกาใต้,2222453.0,0.0
2023-01,2023,1,1,313,BE,เบลเยียม,1B,ทวีปยุโรป,2005615.0,0.0
2023-01,2023,1,1,283,PK,ปากีสถาน,1A,ทวีปเอเชีย,1495018.0,0.0
2023-01,2023,1,1,337,GE,จอร์เจีย,1A,ทวีปเอเชีย,1402016.0,0.0
2023-01,2023,1,1,318,FI,ฟินแลนด์,1B,ทวีปยุโรป,1327359.0,0.0
2023-01,2023,1,1,383,DM,โดมินิกา,1C,ทวีปอเมริกาเหนือ,907594.0,0.0
2023-01,2023,1,1,431,CI,โกตดิวัวร์,1E,ทวีปแอฟริกา,822466.0,0.0
2023-01,2023,1,1,285,AE,สหรัฐอาหรับเอมิเรตส์,1A,ทวีปเอเชีย,702928.0,0.0
2023-01,2023,1,1,366,NO,นอร์เวย์,1B,ทวีปยุโรป,615507.0,0.0
2023-01,2023,1,1,326,PT,โปรตุเกส,1B,ทวีปยุโรป,503116.0,0.0
2023-01,2023,1,1,458,MZ,โมซัมบิก,1E,ทวีปแอฟริกา,281551.0,0.0
2023-01,2023,1,1,333,BG,บัลแกเรีย,1B,ทวีปยุโรป,263868.0,0.0
2023-01,2023,1,1,290,IR,อิหร่าน,1A,ทวีปเอเชีย,215268.0,0.0
2023-01,2023,1,1,497,NZ,นิวซีแลนด์,1F,ทวีปออสเตรเลีย,177872.0,0.0
2023-01,2023,1,1,277,BD,บังกลาเทศ,1A,ทวีปเอเชีย,133576.0,0.0
2023-01,2023,1,1,322,IE,ไอร์แลนด์,1B,ทวีปยุโรป,132930.0,0.0
2023-01,2023,1,1,308,MO,มาเก๊า,1A,ทวีปเอเชีย,112994.0,0.0
2023-01,2023,1,1,411,CO,โคลอมเบีย,1D,ทวีปอเมริกาใต้,97102.0,0.0
2023-01,2023,1,1,410,CL,ชิลี,1D,ทวีปอเมริกาใต้,48156.0,0.0
2023-01,2023,1,1,280,LK,ศรีลังกา,1A,ทวีปเอเชีย,23415.0,0.0
2023-01,2023,1,1,363,LV,ลัตเวีย,1B,ทวีปยุโรป,8857.0,0.0
2023-01,2023,1,1,292,KW,คูเวต,1A,ทวีปเอเชีย,4130.0,0.0
2023-01,2023,1,1,484,CK,หมู่เกาะดุก,1F,ทวีปออสเตรเลีย,4027.0,0.0
2023-01,2023,1,1,346,SI,สโลวีเนีย,1B,ทวีปยุโรป,3457.0,0.0
2023-01,2023,1,1,282,NP,เนปาล,1A,ทวีปเอเชีย,2959.0,0.0
2023-01,2023,1,1,278,BT,ภูฎาน,1A,ทวีปเอเชีย,2075.0,0.0
2023-01,2023,1,1,438,ET,เอธิโอเปีย,1E,ทวีปแอฟริกา,2013.0,0.0
2023-01,2023,1,1,341,KZ,คาซัคสถาน,1A,ทวีปเอเชีย,1235.0,0.0
2023-01,2023,1,1,362,LT,ลิทัวเนีย,1B,ทวีปยุโรป,589.0,0.0
2023-01,2023,1,1,296,SA,ซาอุดีอาระเบีย,1A,ทวีปเอเชีย,567.0,0.0
2023-01,2023,1,1,398,PR,เปอร์โตริโก,1C,ทวีปอเมริกาเหนือ,414.0,0.0
2023-01,2023,1,1,447,KE,เคนยา,1E,ทวีปแอฟริกา,405.0,0.0
2023-01,2023,1,1,286,BH,บาห์เรน,1A,ทวีปเอเชีย,178.0,0.0
2023-02,2023,2,1,373,US,สหรัฐอเมริกา,1C,ทวีปอเมริกาเหนือ,3757001160.0,0.0
2023-02,2023,2,1,325,NL,เนเธอร์แลนด์,1B,ทวีปยุโรป,832299998.0,0.0
2023-02,2023,2,1,372,MX,เม็กซิโก,1C,ทวีปอเมริกาเหนือ,426489176.0,0.0
2023-02,2023,2,1,304,JP,ญี่ปุ่น,1A,ทวีปเอเชีย,550286804.0,0.0
2023-02,2023,2,1,323,IT,อิตาลี,1B,ทวีปยุโรป,532711043.0,0.0
2023-02,2023,2,1,302,CN,จีน,1A,ทวีปเอเชีย,427984217.0,0.0
2023-02,2023,2,1,315,DE,เยอรมนี,1B,ทวีปยุโรป,496109256.0,0.0
2023-02,2023,2,1,271,MY,มาเลเซีย,1A,ทวีปเอเชีย,393132428.0,0.0
2023-02,2023,2,1,303,HK,ฮ่องกง,1A,ทวีปเอเชีย,318705543.0,0.0
2023-02,2023,2,1,309,TW,ไต้หวัน,1A,ทวีปเอเชีย,254588468.0,0.0
2023-02,2023,2,1,336,CZ,สาธารณรัฐเช็ก,1B,ทวีปยุโรป,373311511.0,0.0
2023-02,2023,2,1,339,HU,ฮังการี,1B,ทวีปยุโรป,182524943.0,0.0
2023-02,2023,2,1,273,SG,สิงคโปร์,1A,ทวีปเอเชีย,134771793.0,0.0
2023-02,2023,2,1,279,IN,อินเดีย,1A,ทวีปเอเชีย,96045760.0,0.0
2023-02,2023,2,1,371,CA,แคนาดา,1C,ทวีปอเมริกาเหนือ,88670181.0,0.0
2023-02,2023,2,1,274,VN,เวียดนาม,1A,ทวีปเอเชีย,97459122.0,0.0
2023-02,2023,2,1,320,GB,สหราชอาณาจักร,1B,ทวีปยุโรป,116836480.0,0.0
2023-02,2023,2,1,483,AU,ออสเตรเลีย,1F,ทวีปออสเตรเลีย,98516591.0,0.0
2023-02,2023,2,1,319,FR,ฝรั่งเศส,1B,ทวีปยุโรป,56265977.0,0.0
2023-02,2023,2,1,347,SK,สโลวาเกีย,1B,ทวีปยุโรป,62697477.0,0.0
2023-02,2023,2,1,306,KR,เกาหลีใต้,1A,ทวีปเอเชีย,41338958.0,0.0
2023-02,2023,2,1,268,KH,กัมพูชา,1A,ทวีปเอเชีย,22491665.0,0.0
2023-02,2023,2,1,316,DK,เดนมาร์ก,1B,ทวีปยุโรป,25102227.0,0.0
2023-02,2023,2,1,344,RO,โรมาเนีย,1B,ทวีปยุโรป,24755875.0,0.0
2023-02,2023,2,1,269,LA,สปป. ลาว,1A,ทวีปเอเชีย,22503734.0,0.0
2023-02,2023,2,1,317,ES,สเปน,1B,ทวีปยุโรป,27547610.0,0.0
2023-02,2023,2,1,272,PH,ฟิลิปปินส์,1A,ทวีปเอเชีย,33162027.0,0.0
2023-02,2023,2,1,270,MM,เมียนมา,1A,ทวีปเอเชีย,16175464.0,0.0
2023-02,2023,2,1,345,RU,รัสเซีย,1B,ทวีปยุโรป,8415944.0,0.0
2023-02,2023,2,1,327,SE,สวีเดน,1B,ทวีปยุโรป,15645627.0,0.0
2023-02,2023,2,1,343,PL,โปแลนด์,1B,ทวีปยุโรป,16172094.0,0.0
2023-02,2023,2,1,267,ID,อินโดนีเซีย,1A,ทวีปเอเชีย,10708344.0,0.0
2023-02,2023,2,1,312,AT,ออสเตรีย,1B,ทวีปยุโรป,8770724.0,0.0
2023-02,2023,2,1,298,TR,ตุรกี,1A,ทวีปเอเชีย,5954157.0,0.0
2023-02,2023,2,1,409,BR,บราซิล,1D,ทวีปอเมริกาใต้,6615323.0,0.0
2023-02,2023,2,1,318,FI,ฟินแลนด์,1B,ทวีปยุโรป,16262025.0,0.0
2023-02,2023,2,1,437,EG,อียิปต์,1E,ทวีปแอฟริกา,5503276.0,0.0
2023-02,2023,2,1,357,EE,เอสโตเนีย,1B,ทวีปยุโรป,6716882.0,0.0
2023-02,2023,2,1,288,IL,อิสราเอล,1A,ทวีปเอเชีย,2505407.0,0.0
2023-02,2023,2,1,478,ZA,แอฟริกาใต้,1E,ทวีปแอฟริกา,1860878.0,0.0
2023-02,2023,2,1,397,PA,ปานามา,1C,ทวีปอเมริกาเหนือ,5518915.0,0.0
2023-02,2023,2,1,281,MV,มัลดีฟส์,1A,ทวีปเอเชีย,2702410.0,0.0
2023-02,2023,2,1,356,CH,สวิตเซอร์แลนด์,1B,ทวีปยุโรป,2399524.0,0.0
2023-02,2023,2,1,407,AR,อาร์เจนตินา,1D,ทวีปอเมริกาใต้,1782176.0,0.0
2023-02,2023,2,1,285,AE,สหรัฐอาหรับเอมิเรตส์,1A,ทวีปเอเชีย,2927469.0,0.0
2023-02,2023,2,1,283,PK,ปากีสถาน,1A,ทวีปเอเชีย,1422391.0,0.0
2023-02,2023,2,1,346,SI,สโลวีเนีย,1B,ทวีปยุโรป,2895158.0,0.0
2023-02,2023,2,1,313,BE,เบลเยียม,1B,ทวีปยุโรป,476760.0,0.0
2023-02,2023,2,1,322,IE,ไอร์แลนด์,1B,ทวีปยุโรป,2239235.0,0.0
2023-02,2023,2,1,290,IR,อิหร่าน,1A,ทวีปเอเชีย,1830939.0,0.0
2023-02,2023,2,1,476,TZ,แทนซาเนีย,1E,ทวีปแอฟริกา,1729834.0,0.0
2023-02,2023,2,1,326,PT,โปรตุเกส,1B,ทวีปยุโรป,1019400.0,0.0
2023-02,2023,2,1,337,GE,จอร์เจีย,1A,ทวีปเอเชีย,0.0,0.0
2023-02,2023,2,1,277,BD,บังกลาเทศ,1A,ทวีปเอเชีย,788497.0,0.0
2023-02,2023,2,1,383,DM,โดมินิกา,1C,ทวีปอเมริกาเหนือ,0.0,0.0
2023-02,2023,2,1,366,NO,นอร์เวย์,1B,ทวีปยุโรป,284360.0,0.0
2023-02,2023,2,1,431,CI,โกตดิวัวร์,1E,ทวีปแอฟริกา,0.0,0.0
2023-02,2023,2,1,333,BG,บัลแกเรีย,1B,ทวีปยุโรป,254001.0,0.0
2023-02,2023,2,1,296,SA,ซาอุดีอาระเบีย,1A,ทวีปเอเชีย,351120.0,0.0
2023-02,2023,2,1,497,NZ,นิวซีแลนด์,1F,ทวีปออสเตรเลีย,125295.0,0.0
2023-02,2023,2,1,458,MZ,โมซัมบิก,1E,ทวีปแอฟริกา,0.0,0.0
2023-02,2023,2,1,410,CL,ชิลี,1D,ทวีปอเมริกาใต้,176098.0,0.0
2023-02,2023,2,1,398,PR,เปอร์โตริโก,1C,ทวีปอเมริกาเหนือ,172336.0,0.0
2023-02,2023,2,1,411,CO,โคลอมเบีย,1D,ทวีปอเมริกาใต้,19773.0,0.0
2023-02,2023,2,1,308,MO,มาเก๊า,1A,ทวีปเอเชีย,0.0,0.0
2023-02,2023,2,1,280,LK,ศรีลังกา,1A,ทวีปเอเชีย,40901.0,0.0
2023-02,2023,2,1,291,JO,จอร์แดน,1A,ทวีปเอเชีย,52800.0,0.0
2023-02,2023,2,1,441,GH,กานา,1E,ทวีปแอฟริกา,50608.0,0.0
2023-02,2023,2,1,381,CR,คอสตาริกา,1C,ทวีปอเมริกาเหนือ,45681.0,0.0
2023-02,2023,2,1,362,LT,ลิทัวเนีย,1B,ทวีปยุโรป,25402.0,0.0
2023-02,2023,2,1,499,PG,ปาปัวนิวกินี,1F,ทวีปออสเตรเลีย,14531.0,0.0
2023-02,2023,2,1,295,QA,กาตาร์,1A,ทวีปเอเชีย,11257.0,0.0
2023-02,2023,2,1,363,LV,ลัตเวีย,1B,ทวีปยุโรป,0.0,0.0
2023-02,2023,2,1,417,PE,เปรู,1D,ทวีปอเมริกาใต้,8456.0,0.0
2023-02,2023,2,1,438,ET,เอธิโอเปีย,1E,ทวีปแอฟริกา,4025.0,0.0
2023-02,2023,2,1,498,PF,เฟรนช์โปลีนีเซีย,1F,ทวีปออสเตรเลีย,5937.0,0.0
2023-02,2023,2,1,292,KW,คูเวต,1A,ทวีปเอเชีย,1403.0,0.0
2023-02,2023,2,1,341,KZ,คาซัคสถาน,1A,ทวีปเอเชีย,3590.0,0.0
2023-02,2023,2,1,266,BN,บรูไน,1A,ทวีปเอเชีย,4341.0,0.0
2023-02,2023,2,1,484,CK,หมู่เกาะดุก,1F,ทวีปออสเตรเลีย,0.0,0.0
2023-02,2023,2,1,282,NP,เนปาล,1A,ทวีปเอเชีย,0.0,0.0
2023-02,2023,2,1,443,GN,กินี,1E,ทวีปแอฟริกา,2462.0,0.0
2023-02,2023,2,1,278,BT,ภูฎาน,1A,ทวีปเอเชีย,0.0,0.0
2023-02,2023,2,1,334,BY,เบลารุส,1B,ทวีปยุโรป,1375.0,0.0
2023-02,2023,2,1,447,KE,เคนยา,1E,ทวีปแอฟริกา,382.0,0.0
2023-02,2023,2,1,321,GR,กรีซ,1B,ทวีปยุโรป,300.0,0.0
2023-02,2023,2,1,286,BH,บาห์เรน,1A,ทวีปเอเชีย,0.0,0.0
2023-03,2023,3,1,373,US,สหรัฐอเมริกา,1C,ทวีปอเมริกาเหนือ,5675531701.0,0.0
2023-03,2023,3,1,325,NL,เนเธอร์แลนด์,1B,ทวีปยุโรป,1142848729.0,0.0
2023-03,2023,3,1,304,JP,ญี่ปุ่น,1A,ทวีปเอเชีย,748307459.0,0.0
2023-03,2023,3,1,372,MX,เม็กซิโก,1C,ทวีปอเมริกาเหนือ,657301236.0,0.0
2023-03,2023,3,1,323,IT,อิตาลี,1B,ทวีปยุโรป,611124964.0,0.0
2023-03,2023,3,1,315,DE,เยอรมนี,1B,ทวีปยุโรป,714734293.0,0.0
2023-03,2023,3,1,302,CN,จีน,1A,ทวีปเอเชีย,565639719.0,0.0
2023-03,2023,3,1,271,MY,มาเลเซีย,1A,ทวีปเอเชีย,669405804.0,0.0
2023-03,2023,3,1,303,HK,ฮ่องกง,1A,ทวีปเอเชีย,377422108.0,0.0
2023-03,2023,3,1,309,TW,ไต้หวัน,1A,ทวีปเอเชีย,243821563.0,0.0
2023-03,2023,3,1,339,HU,ฮังการี,1B,ทวีปยุโรป,130573101.0,0.0
2023-03,2023,3,1,336,CZ,สาธารณรัฐเช็ก,1B,ทวีปยุโรป,81438144.0,0.0
2023-03,2023,3,1,273,SG,สิงคโปร์,1A,ทวีปเอเชีย,148447251.0,0.0
2023-03,2023,3,1,279,IN,อินเดีย,1A,ทวีปเอเชีย,133522855.0,0.0
2023-03,2023,3,1,320,GB,สหราชอาณาจักร,1B,ทวีปยุโรป,153485082.0,0.0
2023-03,2023,3,1,274,VN,เวียดนาม,1A,ทวีปเอเชีย,95597839.0,0.0
2023-03,2023,3,1,371,CA,แคนาดา,1C,ทวีปอเมริกาเหนือ,81009937.0,0.0
2023-03,2023,3,1,347,SK,สโลวาเกีย,1B,ทวีปยุโรป,90412874.0,0.0
2023-03,2023,3,1,319,FR,ฝรั่งเศส,1B,ทวีปยุโรป,73045356.0,0.0
2023-03,2023,3,1,483,AU,ออสเตรเลีย,1F,ทวีปออสเตรเลีย,30563559.0,0.0
2023-03,2023,3,1,306,KR,เกาหลีใต้,1A,ทวีปเอเชีย,79398511.0,0.0
2023-03,2023,3,1,289,IQ,อิรัก,1A,ทวีปเอเชีย,101443524.0,0.0
2023-03,2023,3,1,268,KH,กัมพูชา,1A,ทวีปเอเชีย,32401881.0,0.0
2023-03,2023,3,1,316,DK,เดนมาร์ก,1B,ทวีปยุโรป,32527669.0,0.0
2023-03,2023,3,1,269,LA,สปป. ลาว,1A,ทวีปเอเชีย,39813832.0,0.0
2023-03,2023,3,1,344,RO,โรมาเนีย,1B,ทวีปยุโรป,33427756.0,0.0
2023-03,2023,3,1,317,ES,สเปน,1B,ทวีปยุโรป,22815044.0,0.0
2023-03,2023,3,1,272,PH,ฟิลิปปินส์,1A,ทวีปเอเชีย,12156809.0,0.0
2023-03,2023,3,1,270,MM,เมียนมา,1A,ทวีปเอเชีย,15418750.0,0.0
2023-03,2023,3,1,327,SE,สวีเดน,1B,ทวีปยุโรป,17874076.0,0.0
2023-03,2023,3,1,343,PL,โปแลนด์,1B,ทวีปยุโรป,16465424.0,0.0
2023-03,2023,3,1,298,TR,ตุรกี,1A,ทวีปเอเชีย,19258246.0,0.0
2023-03,2023,3,1,312,AT,ออสเตรีย,1B,ทวีปยุโรป,17529671.0,0.0
2023-03,2023,3,1,267,ID,อินโดนีเซีย,1A,ทวีปเอเชีย,9838872.0,0.0
2023-03,2023,3,1,345,RU,รัสเซีย,1B,ทวีปยุโรป,548835.0,0.0
2023-03,2023,3,1,409,BR,บราซิล,1D,ทวีปอเมริกาใต้,9532115.0,0.0
2023-03,2023,3,1,397,PA,ปานามา,1C,ทวีปอเมริกาเหนือ,21822271.0,0.0
2023-03,2023,3,1,318,FI,ฟินแลนด์,1B,ทวีปยุโรป,8797777.0,0.0
2023-03,2023,3,1,437,EG,อียิปต์,1E,ทวีปแอฟริกา,4698722.0,0.0
2023-03,2023,3,1,288,IL,อิสราเอล,1A,ทวีปเอเชีย,3247601.0,0.0
2023-03,2023,3,1,357,EE,เอสโตเนีย,1B,ทวีปยุโรป,2544789.0,0.0
2023-03,2023,3,1,478,ZA,แอฟริกาใต้,1E,ทวีปแอฟริกา,3231818.0,0.0
2023-03,2023,3,1,322,IE,ไอร์แลนด์,1B,ทวีปยุโรป,6828518.0,0.0
2023-03,2023,3,1,407,AR,อาร์เจนตินา,1D,ทวีปอเมริกาใต้,3167003.0,0.0
2023-03,2023,3,1,281,MV,มัลดีฟส์,1A,ทวีปเอเชีย,1628744.0,0.0
2023-03,2023,3,1,356,CH,สวิตเซอร์แลนด์,1B,ทวีปยุโรป,1390401.0,0.0
2023-03,2023,3,1,266,BN,บรูไน,1A,ทวีปเอเชีย,6412107.0,0.0
2023-03,2023,3,1,283,PK,ปากีสถาน,1A,ทวีปเอเชีย,2770945.0,0.0
2023-03,2023,3,1,313,BE,เบลเยียม,1B,ทวีปยุโรป,1317230.0,0.0
2023-03,2023,3,1,366,NO,นอร์เวย์,1B,ทวีปยุโรป,2844651.0,0.0
2023-03,2023,3,1,285,AE,สหรัฐอาหรับเอมิเรตส์,1A,ทวีปเอเชีย,26944.0,0.0
2023-03,2023,3,1,476,TZ,แทนซาเนีย,1E,ทวีปแอฟริกา,1808879.0,0.0
2023-03,2023,3,1,277,BD,บังกลาเทศ,1A,ทวีปเอเชีย,2530776.0,0.0
2023-03,2023,3,1,346,SI,สโลวีเนีย,1B,ทวีปยุโรป,319381.0,0.0
2023-03,2023,3,1,326,PT,โปรตุเกส,1B,ทวีปยุโรป,1389184.0,0.0
2023-03,2023,3,1,290,IR,อิหร่าน,1A,ทวีปเอเชีย,374638.0,0.0
2023-03,2023,3,1,431,CI,โกตดิวัวร์,1E,ทวีปแอฟริกา,1360908.0,0.0
2023-03,2023,3,1,337,GE,จอร์เจีย,1A,ทวีปเอเชีย,0.0,0.0
2023-03,2023,3,1,383,DM,โดมินิกา,1C,ทวีปอเมริกาเหนือ,0.0,0.0
2023-03,2023,3,1,497,NZ,นิวซีแลนด์,1F,ทวีปออสเตรเลีย,411117.0,0.0
2023-03,2023,3,1,333,BG,บัลแกเรีย,1B,ทวีปยุโรป,95696.0,0.0
2023-03,2023,3,1,291,JO,จอร์แดน,1A,ทวีปเอเชีย,301420.0,0.0
2023-03,2023,3,1,296,SA,ซาอุดีอาระเบีย,1A,ทวีปเอเชีย,170.0,0.0
2023-03,2023,3,1,458,MZ,โมซัมบิก,1E,ทวีปแอฟริกา,6819.0,0.0
2023-03,2023,3,1,411,CO,โคลอมเบีย,1D,ทวีปอเมริกาใต้,157438.0,0.0
2023-03,2023,3,1,410,CL,ชิลี,1D,ทวีปอเมริกาใต้,0.0,0.0
2023-03,2023,3,1,398,PR,เปอร์โตริโก,1C,ทวีปอเมริกาเหนือ,0.0,0.0
2023-03,2023,3,1,499,PG,ปาปัวนิวกินี,1F,ทวีปออสเตรเลีย,118855.0,0.0
2023-03,2023,3,1,308,MO,มาเก๊า,1A,ทวีปเอเชีย,5796.0,0.0
2023-03,2023,3,1,280,LK,ศรีลังกา,1A,ทวีปเอเชีย,0.0,0.0
2023-03,2023,3,1,381,CR,คอสตาริกา,1C,ทวีปอเมริกาเหนือ,8546.0,0.0
2023-03,2023,3,1,321,GR,กรีซ,1B,ทวีปยุโรป,53449.0,0.0
2023-03,2023,3,1,441,GH,กานา,1E,ทวีปแอฟริกา,0.0,0.0
2023-03,2023,3,1,294,OM,โอมาน,1A,ทวีปเอเชีย,29324.0,0.0
2023-03,2023,3,1,363,LV,ลัตเวีย,1B,ทวีปยุโรป,20442.0,0.0
2023-03,2023,3,1,362,LT,ลิทัวเนีย,1B,ทวีปยุโรป,0.0,0.0
2023-03,2023,3,1,438,ET,เอธิโอเปีย,1E,ทวีปแอฟริกา,5920.0,0.0
2023-03,2023,3,1,295,QA,กาตาร์,1A,ทวีปเอเชีย,102.0,0.0
2023-03,2023,3,1,351,UA,ยูเครน,1B,ทวีปยุโรป,8651.0,0.0
2023-03,2023,3,1,417,PE,เปรู,1D,ทวีปอเมริกาใต้,0.0,0.0
2023-03,2023,3,1,334,BY,เบลารุส,1B,ทวีปยุโรป,5432.0,0.0
2023-03,2023,3,1,498,PF,เฟรนช์โปลีนีเซีย,1F,ทวีปออสเตรเลีย,0.0,0.0
2023-03,2023,3,1,292,KW,คูเวต,1A,ทวีปเอเชีย,0.0,0.0
2023-03,2023,3,1,341,KZ,คาซัคสถาน,1A,ทวีปเอเชีย,0.0,0.0
2023-03,2023,3,1,484,CK,หมู่เกาะดุก,1F,ทวีปออสเตรเลีย,0.0,0.0
2023-03,2023,3,1,282,NP,เนปาล,1A,ทวีปเอเชีย,0.0,0.0
2023-03,2023,3,1,443,GN,กินี,1E,ทวีปแอฟริกา,0.0,0.0
2023-03,2023,3,1,377,BB,บาร์เบโดส,1C,ทวีปอเมริกาเหนือ,2276.0,0.0
2023-03,2023,3,1,278,BT,ภูฎาน,1A,ทวีปเอเชีย,0.0,0.0
2023-03,2023,3,1,447,KE,เคนยา,1E,ทวีปแอฟริกา,0.0,0.0
2023-03,2023,3,1,287,CY,ไซปรัส,1A,ทวีปเอเชีย,511.0,0.0
2023-03,2023,3,1,286,BH,บาห์เรน,1A,ทวีปเอเชีย,0.0,0.0
2023-04,2023,4,2,373,US,สหรัฐอเมริกา,1C,ทวีปอเมริกาเหนือ,3406711804.0,0.0
2023-04,2023,4,2,325,NL,เนเธอร์แลนด์,1B,ทวีปยุโรป,1137102906.0,0.0
2023-04,2023,4,2,304,JP,ญี่ปุ่น,1A,ทวีปเอเชีย,460694978.0,0.0
2023-04,2023,4,2,372,MX,เม็กซิโก,1C,ทวีปอเมริกาเหนือ,513218484.0,0.0
2023-04,2023,4,2,323,IT,อิตาลี,1B,ทวีปยุโรป,450758219.0,0.0
2023-04,2023,4,2,302,CN,จีน,1A,ทวีปเอเชีย,496467692.0,0.0
2023-04,2023,4,2,315,DE,เยอรมนี,1B,ทวีปยุโรป,378275750.0,0.0
2023-04,2023,4,2,271,MY,มาเลเซีย,1A,ทวีปเอเชีย,278254708.0,0.0
2023-04,2023,4,2,303,HK,ฮ่องกง,1A,ทวีปเอเชีย,378116672.0,0.0
2023-04,2023,4,2,309,TW,ไต้หวัน,1A,ทวีปเอเชีย,248922162.0,0.0
2023-04,2023,4,2,339,HU,ฮังการี,1B,ทวีปยุโรป,140363138.0,0.0
2023-04,2023,4,2,336,CZ,สาธารณรัฐเช็ก,1B,ทวีปยุโรป,115013085.0,0.0
2023-04,2023,4,2,273,SG,สิงคโปร์,1A,ทวีปเอเชีย,166906688.0,0.0
2023-04,2023,4,2,279,IN,อินเดีย,1A,ทวีปเอเชีย,102802167.0,0.0
2023-04,2023,4,2,320,GB,สหราชอาณาจักร,1B,ทวีปยุโรป,42525936.0,0.0
2023-04,2023,4,2,274,VN,เวียดนาม,1A,ทวีปเอเชีย,74765782.0,0.0
2023-04,2023,4,2,371,CA,แคนาดา,1C,ทวีปอเมริกาเหนือ,66186668.0,0.0
2023-04,2023,4,2,347,SK,สโลวาเกีย,1B,ทวีปยุโรป,71997920.0,0.0
2023-04,2023,4,2,319,FR,ฝรั่งเศส,1B,ทวีปยุโรป,50432268.0,0.0
2023-04,2023,4,2,306,KR,เกาหลีใต้,1A,ทวีปเอเชีย,48110362.0,0.0
2023-04,2023,4,2,483,AU,ออสเตรเลีย,1F,ทวีปออสเตรเลีย,6700990.0,0.0
2023-04,2023,4,2,269,LA,สปป. ลาว,1A,ทวีปเอเชีย,45321937.0,0.0
2023-04,2023,4,2,268,KH,กัมพูชา,1A,ทวีปเอเชีย,30167075.0,0.0
2023-04,2023,4,2,316,DK,เดนมาร์ก,1B,ทวีปยุโรป,12856366.0,0.0
2023-04,2023,4,2,344,RO,โรมาเนีย,1B,ทวีปยุโรป,16449345.0,0.0
2023-04,2023,4,2,289,IQ,อิรัก,1A,ทวีปเอเชีย,132.0,0.0
2023-04,2023,4,2,317,ES,สเปน,1B,ทวีปยุโรป,23500518.0,0.0
2023-04,2023,4,2,272,PH,ฟิลิปปินส์,1A,ทวีปเอเชีย,8783936.0,0.0
2023-04,2023,4,2,270,MM,เมียนมา,1A,ทวีปเอเชีย,15292794.0,0.0
2023-04,2023,4,2,343,PL,โปแลนด์,1B,ทวีปยุโรป,17028053.0,0.0
2023-04,2023,4,2,327,SE,สวีเดน,1B,ทวีปยุโรป,4606055.0,0.0
2023-04,2023,4,2,312,AT,ออสเตรีย,1B,ทวีปยุโรป,7311245.0,0.0
2023-04,2023,4,2,298,TR,ตุรกี,1A,ทวีปเอเชีย,6997961.0,0.0
2023-04,2023,4,2,267,ID,อินโดนีเซีย,1A,ทวีปเอเชีย,6426884.0,0.0
2023-04,2023,4,2,409,BR,บราซิล,1D,ทวีปอเมริกาใต้,8595786.0,0.0
2023-04,2023,4,2,345,RU,รัสเซีย,1B,ทวีปยุโรป,509901.0,0.0
2023-04,2023,4,2,318,FI,ฟินแลนด์,1B,ทวีปยุโรป,3904812.0,0.0
2023-04,2023,4,2,397,PA,ปานามา,1C,ทวีปอเมริกาเหนือ,0.0,0.0
2023-04,2023,4,2,437,EG,อียิปต์,1E,ทวีปแอฟริกา,862929.0,0.0
2023-04,2023,4,2,288,IL,อิสราเอล,1A,ทวีปเอเชีย,2902512.0,0.0
2023-04,2023,4,2,357,EE,เอสโตเนีย,1B,ทวีปยุโรป,3176656.0,0.0
2023-04,2023,4,2,478,ZA,แอฟริกาใต้,1E,ทวีปแอฟริกา,3004908.0,0.0
2023-04,2023,4,2,322,IE,ไอร์แลนด์,1B,ทวีปยุโรป,1283274.0,0.0
2023-04,2023,4,2,407,AR,อาร์เจนตินา,1D,ทวีปอเมริกาใต้,2957478.0,0.0
2023-04,2023,4,2,356,CH,สวิตเซอร์แลนด์,1B,ทวีปยุโรป,2384144.0,0.0
2023-04,2023,4,2,283,PK,ปากีสถาน,1A,ทวีปเอเชีย,1552495.0,0.0
2023-04,2023,4,2,281,MV,มัลดีฟส์,1A,ทวีปเอเชีย,298326.0,0.0
2023-04,2023,4,2,266,BN,บรูไน,1A,ทวีปเอเชีย,0.0,0.0
2023-04,2023,4,2,366,NO,นอร์เวย์,1B,ทวีปยุโรป,1150059.0,0.0
2023-04,2023,4,2,285,AE,สหรัฐอาหรับเอมิเรตส์,1A,ทวีปเอเชีย,720068.0,0.0
2023-04,2023,4,2,313,BE,เบลเยียม,1B,ทวีปยุโรป,434632.0,0.0
2023-04,2023,4,2,277,BD,บังกลาเทศ,1A,ทวีปเอเชีย,306701.0,0.0
2023-04,2023,4,2,476,TZ,แทนซาเนีย,1E,ทวีปแอฟริกา,0.0,0.0
2023-04,2023,4,2,290,IR,อิหร่าน,1A,ทวีปเอเชีย,1014694.0,0.0
2023-04,2023,4,2,346,SI,สโลวีเนีย,1B,ทวีปยุโรป,3917.0,0.0
2023-04,2023,4,2,326,PT,โปรตุเกส,1B,ทวีปยุโรป,94376.0,0.0
2023-04,2023,4,2,497,NZ,นิวซีแลนด์,1F,ทวีปออสเตรเลีย,1693019.0,0.0
2023-04,2023,4,2,431,CI,โกตดิวัวร์,1E,ทวีปแอฟริกา,0.0,0.0
2023-04,2023,4,2,337,GE,จอร์เจีย,1A,ทวีปเอเชีย,0.0,0.0
2023-04,2023,4,2,383,DM,โดมินิกา,1C,ทวีปอเมริกาเหนือ,0.0,0.0
2023-04,2023,4,2,333,BG,บัลแกเรีย,1B,ทวีปยุโรป,262131.0,0.0
2023-04,2023,4,2,389,HN,ฮอนดูรัส,1C,ทวีปอเมริกาเหนือ,570580.0,0.0
2023-04,2023,4,2,293,LB,เลบานอน,1A,ทวีปเอเชีย,542221.0,0.0
2023-04,2023,4,2,411,CO,โคลอมเบีย,1D,ทวีปอเมริกาใต้,141174.0,0.0
2023-04,2023,4,2,296,SA,ซาอุดีอาระเบีย,1A,ทวีปเอเชีย,17956.0,0.0
2023-04,2023,4,2,291,JO,จอร์แดน,1A,ทวีปเอเชีย,132.0,0.0
2023-04,2023,4,2,280,LK,ศรีลังกา,1A,ทวีปเอเชีย,264849.0,0.0
2023-04,2023,4,2,278,BT,ภูฎาน,1A,ทวีปเอเชีย,296000.0,0.0
2023-04,2023,4,2,458,MZ,โมซัมบิก,1E,ทวีปแอฟริกา,0.0,0.0
2023-04,2023,4,2,499,PG,ปาปัวนิวกินี,1F,ทวีปออสเตรเลีย,114435.0,0.0
2023-04,2023,4,2,410,CL,ชิลี,1D,ทวีปอเมริกาใต้,20029.0,0.0
2023-04,2023,4,2,398,PR,เปอร์โตริโก,1C,ทวีปอเมริกาเหนือ,0.0,0.0
2023-04,2023,4,2,321,GR,กรีซ,1B,ทวีปยุโรป,67145.0,0.0
2023-04,2023,4,2,308,MO,มาเก๊า,1A,ทวีปเอเชีย,0.0,0.0
2023-04,2023,4,2,441,GH,กานา,1E,ทวีปแอฟริกา,23800.0,0.0
2023-04,2023,4,2,381,CR,คอสตาริกา,1C,ทวีปอเมริกาเหนือ,0.0,0.0
2023-04,2023,4,2,362,LT,ลิทัวเนีย,1B,ทวีปยุโรป,4302.0,0.0
2023-04,2023,4,2,294,OM,โอมาน,1A,ทวีปเอเชีย,0.0,0.0
2023-04,2023,4,2,363,LV,ลัตเวีย,1B,ทวีปยุโรป,0.0,0.0
2023-04,2023,4,2,295,QA,กาตาร์,1A,ทวีปเอเชีย,3907.0,0.0
2023-04,2023,4,2,292,KW,คูเวต,1A,ทวีปเอเชีย,9170.0,0.0
2023-04,2023,4,2,438,ET,เอธิโอเปีย,1E,ทวีปแอฟริกา,0.0,0.0
2023-04,2023,4,2,351,UA,ยูเครน,1B,ทวีปยุโรป,0.0,0.0
2023-04,2023,4,2,417,PE,เปรู,1D,ทวีปอเมริกาใต้,0.0,0.0
2023-04,2023,4,2,334,BY,เบลารุส,1B,ทวีปยุโรป,726.0,0.0
2023-04,2023,4,2,498,PF,เฟรนช์โปลีนีเซีย,1F,ทวีปออสเตรเลีย,1497.0,0.0
2023-04,2023,4,2,341,KZ,คาซัคสถาน,1A,ทวีปเอเชีย,0.0,0.0
2023-04,2023,4,2,484,CK,หมู่เกาะดุก,1F,ทวีปออสเตรเลีย,0.0,0.0
2023-04,2023,4,2,282,NP,เนปาล,1A,ทวีปเอเชีย,971.0,0.0
2023-04,2023,4,2,443,GN,กินี,1E,ทวีปแอฟริกา,0.0,0.0
2023-04,2023,4,2,377,BB,บาร์เบโดส,1C,ทวีปอเมริกาเหนือ,0.0,0.0
2023-04,2023,4,2,527,MK,มาซิโดเนีย,1B,ทวีปยุโรป,1152.0,0.0
2023-04,2023,4,2,447,KE,เคนยา,1E,ทวีปแอฟริกา,0.0,0.0
2023-04,2023,4,2,287,CY,ไซปรัส,1A,ทวีปเอเชีย,0.0,0.0
2023-04,2023,4,2,360,IS,ไอซ์แลนด์,1B,ทวีปยุโรป,340.0,0.0
2023-04,2023,4,2,475,TN,ตูนิเซีย,1E,ทวีปแอฟริกา,242.0,0.0
2023-04,2023,4,2,286,BH,บาห์เรน,1A,ทวีปเอเชีย,0.0,0.0
2023-05,2023,5,2,373,US,สหรัฐอเมริกา,1C,ทวีปอเมริกาเหนือ,5473144590.0,0.0
2023-05,2023,5,2,325,NL,เนเธอร์แลนด์,1B,ทวีปยุโรป,1740399201.0,0.0
2023-05,2023,5,2,372,MX,เม็กซิโก,1C,ทวีปอเมริกาเหนือ,781670111.0,0.0
2023-05,2023,5,2,304,JP,ญี่ปุ่น,1A,ทวีปเอเชีย,626729517.0,0.0
2023-05,2023,5,2,323,IT,อิตาลี,1B,ทวีปยุโรป,650875598.0,0.0
2023-05,2023,5,2,302,CN,จีน,1A,ทวีปเอเชีย,503178788.0,0.0
2023-05,2023,5,2,271,MY,มาเลเซีย,1A,ทวีปเอเชีย,425134441.0,0.0
2023-05,2023,5,2,315,DE,เยอรมนี,1B,ทวีปยุโรป,235744235.0,0.0
2023-05,2023,5,2,303,HK,ฮ่องกง,1A,ทวีปเอเชีย,266579237.0,0.0
2023-05,2023,5,2,309,TW,ไต้หวัน,1A,ทวีปเอเชีย,253703137.0,0.0
2023-05,2023,5,2,339,HU,ฮังการี,1B,ทวีปยุโรป,84714556.0,0.0
2023-05,2023,5,2,336,CZ,สาธารณรัฐเช็ก,1B,ทวีปยุโรป,146730229.0,0.0
2023-05,2023,5,2,273,SG,สิงคโปร์,1A,ทวีปเอเชีย,214015486.0,0.0
2023-05,2023,5,2,279,IN,อินเดีย,1A,ทวีปเอเชีย,126629656.0,0.0
2023-05,2023,5,2,274,VN,เวียดนาม,1A,ทวีปเอเชีย,144267186.0,0.0
2023-05,2023,5,2,371,CA,แคนาดา,1C,ทวีปอเมริกาเหนือ,121146042.0,0.0
2023-05,2023,5,2,320,GB,สหราชอาณาจักร,1B,ทวีปยุโรป,63308069.0,0.0
2023-05,2023,5,2,272,PH,ฟิลิปปินส์,1A,ทวีปเอเชีย,309565183.0,0.0
2023-05,2023,5,2,347,SK,สโลวาเกีย,1B,ทวีปยุโรป,73808653.0,0.0
2023-05,2023,5,2,319,FR,ฝรั่งเศส,1B,ทวีปยุโรป,62216158.0,0.0
2023-05,2023,5,2,306,KR,เกาหลีใต้,1A,ทวีปเอเชีย,42940448.0,0.0
2023-05,2023,5,2,483,AU,ออสเตรเลีย,1F,ทวีปออสเตรเลีย,32983535.0,0.0
2023-05,2023,5,2,289,IQ,อิรัก,1A,ทวีปเอเชีย,90068608.0,0.0
2023-05,2023,5,2,269,LA,สปป. ลาว,1A,ทวีปเอเชีย,31705220.0,0.0
2023-05,2023,5,2,268,KH,กัมพูชา,1A,ทวีปเอเชีย,30749598.0,0.0
2023-05,2023,5,2,316,DK,เดนมาร์ก,1B,ทวีปยุโรป,26947783.0,0.0
2023-05,2023,5,2,344,RO,โรมาเนีย,1B,ทวีปยุโรป,20106844.0,0.0
2023-05,2023,5,2,317,ES,สเปน,1B,ทวีปยุโรป,16810475.0,0.0
2023-05,2023,5,2,270,MM,เมียนมา,1A,ทวีปเอเชีย,25714251.0,0.0
2023-05,2023,5,2,343,PL,โปแลนด์,1B,ทวีปยุโรป,14514340.0,0.0
2023-05,2023,5,2,327,SE,สวีเดน,1B,ทวีปยุโรป,20821670.0,0.0
2023-05,2023,5,2,312,AT,ออสเตรีย,1B,ทวีปยุโรป,20079933.0,0.0
2023-05,2023,5,2,397,PA,ปานามา,1C,ทวีปอเมริกาเหนือ,31111657.0,0.0
2023-05,2023,5,2,267,ID,อินโดนีเซีย,1A,ทวีปเอเชีย,14690829.0,0.0
2023-05,2023,5,2,298,TR,ตุรกี,1A,ทวีปเอเชีย,3557827.0,0.0
2023-05,2023,5,2,409,BR,บราซิล,1D,ทวีปอเมริกาใต้,5677424.0,0.0
2023-05,2023,5,2,345,RU,รัสเซีย,1B,ทวีปยุโรป,1016312.0,0.0
2023-05,2023,5,2,318,FI,ฟินแลนด์,1B,ทวีปยุโรป,2669166.0,0.0
2023-05,2023,5,2,437,EG,อียิปต์,1E,ทวีปแอฟริกา,5610714.0,0.0
2023-05,2023,5,2,288,IL,อิสราเอล,1A,ทวีปเอเชีย,4179053.0,0.0
2023-05,2023,5,2,357,EE,เอสโตเนีย,1B,ทวีปยุโรป,3246489.0,0.0
2023-05,2023,5,2,322,IE,ไอร์แลนด์,1B,ทวีปยุโรป,10290775.0,0.0
2023-05,2023,5,2,478,ZA,แอฟริกาใต้,1E,ทวีปแอฟริกา,5921308.0,0.0
2023-05,2023,5,2,407,AR,อาร์เจนตินา,1D,ทวีปอเมริกาใต้,4988556.0,0.0
2023-05,2023,5,2,356,CH,สวิตเซอร์แลนด์,1B,ทวีปยุโรป,3058126.0,0.0
2023-05,2023,5,2,281,MV,มัลดีฟส์,1A,ทวีปเอเชีย,3377962.0,0.0
2023-05,2023,5,2,283,PK,ปากีสถาน,1A,ทวีปเอเชีย,2539494.0,0.0
2023-05,2023,5,2,290,IR,อิหร่าน,1A,ทวีปเอเชีย,5058942.0,0.0
2023-05,2023,5,2,313,BE,เบลเยียม,1B,ทวีปยุโรป,2438778.0,0.0
2023-05,2023,5,2,277,BD,บังกลาเทศ,1A,ทวีปเอเชีย,2728351.0,0.0
2023-05,2023,5,2,266,BN,บรูไน,1A,ทวีปเอเชีย,11941.0,0.0
2023-05,2023,5,2,479,ZM,แซมเบีย,1E,ทวีปแอฟริกา,6366307.0,0.0
2023-05,2023,5,2,366,NO,นอร์เวย์,1B,ทวีปยุโรป,504189.0,0.0
2023-05,2023,5,2,285,AE,สหรัฐอาหรับเอมิเรตส์,1A,ทวีปเอเชีย,47893.0,0.0
2023-05,2023,5,2,476,TZ,แทนซาเนีย,1E,ทวีปแอฟริกา,39501.0,0.0
2023-05,2023,5,2,346,SI,สโลวีเนีย,1B,ทวีปยุโรป,5527.0,0.0
2023-05,2023,5,2,326,PT,โปรตุเกส,1B,ทวีปยุโรป,96500.0,0.0
2023-05,2023,5,2,497,NZ,นิวซีแลนด์,1F,ทวีปออสเตรเลีย,462784.0,0.0
2023-05,2023,5,2,431,CI,โกตดิวัวร์,1E,ทวีปแอฟริกา,0.0,0.0
2023-05,2023,5,2,337,GE,จอร์เจีย,1A,ทวีปเอเชีย,0.0,0.0
2023-05,2023,5,2,333,BG,บัลแกเรีย,1B,ทวีปยุโรป,268776.0,0.0
2023-05,2023,5,2,398,PR,เปอร์โตริโก,1C,ทวีปอเมริกาเหนือ,894685.0,0.0
2023-05,2023,5,2,383,DM,โดมินิกา,1C,ทวีปอเมริกาเหนือ,0.0,0.0
2023-05,2023,5,2,411,CO,โคลอมเบีย,1D,ทวีปอเมริกาใต้,243730.0,0.0
2023-05,2023,5,2,295,QA,กาตาร์,1A,ทวีปเอเชีย,579498.0,0.0
2023-05,2023,5,2,389,HN,ฮอนดูรัส,1C,ทวีปอเมริกาเหนือ,0.0,0.0
2023-05,2023,5,2,293,LB,เลบานอน,1A,ทวีปเอเชีย,0.0,0.0
2023-05,2023,5,2,280,LK,ศรีลังกา,1A,ทวีปเอเชีย,144977.0,0.0
2023-05,2023,5,2,475,TN,ตูนิเซีย,1E,ทวีปแอฟริกา,442776.0,0.0
2023-05,2023,5,2,499,PG,ปาปัวนิวกินี,1F,ทวีปออสเตรเลีย,181213.0,0.0
2023-05,2023,5,2,296,SA,ซาอุดีอาระเบีย,1A,ทวีปเอเชีย,29864.0,0.0
2023-05,2023,5,2,291,JO,จอร์แดน,1A,ทวีปเอเชีย,133.0,0.0
2023-05,2023,5,2,278,BT,ภูฎาน,1A,ทวีปเอเชีย,3800.0,0.0
2023-05,2023,5,2,410,CL,ชิลี,1D,ทวีปอเมริกาใต้,52025.0,0.0
2023-05,2023,5,2,458,MZ,โมซัมบิก,1E,ทวีปแอฟริกา,0.0,0.0
2023-05,2023,5,2,321,GR,กรีซ,1B,ทวีปยุโรป,0.0,0.0
2023-05,2023,5,2,308,MO,มาเก๊า,1A,ทวีปเอเชีย,1.0,0.0
2023-05,2023,5,2,404,VI,หมู่เกาะเวอร์จิน(สหรัฐ),1C,ทวีปอเมริกาเหนือ,76125.0,0.0
2023-05,2023,5,2,441,GH,กานา,1E,ทวีปแอฟริกา,266.0,0.0
2023-05,2023,5,2,307,MN,มองโกเลีย,1A,ทวีปเอเชีย,66382.0,0.0
2023-05,2023,5,2,381,CR,คอสตาริกา,1C,ทวีปอเมริกาเหนือ,0.0,0.0
2023-05,2023,5,2,362,LT,ลิทัวเนีย,1B,ทวีปยุโรป,0.0,0.0
2023-05,2023,5,2,294,OM,โอมาน,1A,ทวีปเอเชีย,579.0,0.0
2023-05,2023,5,2,363,LV,ลัตเวีย,1B,ทวีปยุโรป,0.0,0.0
2023-05,2023,5,2,338,HR,โครเอเชีย,1B,ทวีปยุโรป,26588.0,0.0
2023-05,2023,5,2,417,PE,เปรู,1D,ทวีปอเมริกาใต้,13256.0,0.0
2023-05,2023,5,2,292,KW,คูเวต,1A,ทวีปเอเชีย,2934.0,0.0
2023-05,2023,5,2,505,VU,วานูอาตู,1F,ทวีปออสเตรเลีย,14730.0,0.0
2023-05,2023,5,2,420,SR,ซูรินาเม,1D,ทวีปอเมริกาใต้,14610.0,0.0
2023-05,2023,5,2,438,ET,เอธิโอเปีย,1E,ทวีปแอฟริกา,0.0,0.0
2023-05,2023,5,2,334,BY,เบลารุส,1B,ทวีปยุโรป,1965.0,0.0
2023-05,2023,5,2,351,UA,ยูเครน,1B,ทวีปยุโรป,0.0,0.0
2023-05,2023,5,2,498,PF,เฟรนช์โปลีนีเซีย,1F,ทวีปออสเตรเลีย,0.0,0.0
2023-05,2023,5,2,341,KZ,คาซัคสถาน,1A,ทวีปเอเชีย,0.0,0.0
2023-05,2023,5,2,484,CK,หมู่เกาะดุก,1F,ทวีปออสเตรเลีย,0.0,0.0
2023-05,2023,5,2,282,NP,เนปาล,1A,ทวีปเอเชีย,0.0,0.0
2023-05,2023,5,2,443,GN,กินี,1E,ทวีปแอฟริกา,0.0,0.0
2023-05,2023,5,2,597,CW,CURACAO,1G,ประเทศอื่น,2351.0,0.0
2023-05,2023,5,2,377,BB,บาร์เบโดส,1C,ทวีปอเมริกาเหนือ,0.0,0.0
2023-05,2023,5,2,527,MK,มาซิโดเนีย,1B,ทวีปยุโรป,0.0,0.0
2023-05,2023,5,2,447,KE,เคนยา,1E,ทวีปแอฟริกา,133.0,0.0
2023-05,2023,5,2,287,CY,ไซปรัส,1A,ทวีปเอเชีย,0.0,0.0
2023-05,2023,5,2,506,WS,ซามัวตะวันตก,1F,ทวีปออสเตรเลีย,420.0,0.0
2023-05,2023,5,2,360,IS,ไอซ์แลนด์,1B,ทวีปยุโรป,0.0,0.0
2023-05,2023,5,2,286,BH,บาห์เรน,1A,ทวีปเอเชีย,0.0,0.0
2023-05,2023,5,2,456,MU,มอริเชียส,1E,ทวีปแอฟริกา,176.0,0.0
2023-06,2023,6,2,373,US,สหรัฐอเมริกา,1C,ทวีปอเมริกาเหนือ,6116943416.0,0.0
2023-06,2023,6,2,325,NL,เนเธอร์แลนด์,1B,ทวีปยุโรป,2354522073.0,0.0
2023-06,2023,6,2,372,MX,เม็กซิโก,1C,ทวีปอเมริกาเหนือ,702684988.0,0.0
2023-06,2023,6,2,304,JP,ญี่ปุ่น,1A,ทวีปเอเชีย,587362573.0,0.0
2023-06,2023,6,2,323,IT,อิตาลี,1B,ทวีปยุโรป,745749438.0,0.0
2023-06,2023,6,2,302,CN,จีน,1A,ทวีปเอเชีย,531085583.0,0.0
2023-06,2023,6,2,271,MY,มาเลเซีย,1A,ทวีปเอเชีย,292559547.0,0.0
2023-06,2023,6,2,315,DE,เยอรมนี,1B,ทวีปยุโรป,163390217.0,0.0
2023-06,2023,6,2,303,HK,ฮ่องกง,1A,ทวีปเอเชีย,427522064.0,0.0
2023-06,2023,6,2,309,TW,ไต้หวัน,1A,ทวีปเอเชีย,399252863.0,0.0
2023-06,2023,6,2,336,CZ,สาธารณรัฐเช็ก,1B,ทวีปยุโรป,216274966.0,0.0
2023-06,2023,6,2,273,SG,สิงคโปร์,1A,ทวีปเอเชีย,243965130.0,0.0
2023-06,2023,6,2,339,HU,ฮังการี,1B,ทวีปยุโรป,80779169.0,0.0
2023-06,2023,6,2,279,IN,อินเดีย,1A,ทวีปเอเชีย,134784094.0,0.0
2023-06,2023,6,2,274,VN,เวียดนาม,1A,ทวีปเอเชีย,129410057.0,0.0
2023-06,2023,6,2,371,CA,แคนาดา,1C,ทวีปอเมริกาเหนือ,160968382.0,0.0
2023-06,2023,6,2,320,GB,สหราชอาณาจักร,1B,ทวีปยุโรป,80565973.0,0.0
2023-06,2023,6,2,347,SK,สโลวาเกีย,1B,ทวีปยุโรป,42892311.0,0.0
2023-06,2023,6,2,272,PH,ฟิลิปปินส์,1A,ทวีปเอเชีย,35421090.0,0.0
2023-06,2023,6,2,319,FR,ฝรั่งเศส,1B,ทวีปยุโรป,68584118.0,0.0
2023-06,2023,6,2,306,KR,เกาหลีใต้,1A,ทวีปเอเชีย,35362351.0,0.0
2023-06,2023,6,2,483,AU,ออสเตรเลีย,1F,ทวีปออสเตรเลีย,22242308.0,0.0
2023-06,2023,6,2,269,LA,สปป. ลาว,1A,ทวีปเอเชีย,32417122.0,0.0
2023-06,2023,6,2,289,IQ,อิรัก,1A,ทวีปเอเชีย,266.0,0.0
2023-06,2023,6,2,268,KH,กัมพูชา,1A,ทวีปเอเชีย,20159254.0,0.0
2023-06,2023,6,2,316,DK,เดนมาร์ก,1B,ทวีปยุโรป,22553718.0,0.0
2023-06,2023,6,2,344,RO,โรมาเนีย,1B,ทวีปยุโรป,24131226.0,0.0
2023-06,2023,6,2,317,ES,สเปน,1B,ทวีปยุโรป,23673354.0,0.0
2023-06,2023,6,2,270,MM,เมียนมา,1A,ทวีปเอเชีย,13999838.0,0.0
2023-06,2023,6,2,343,PL,โปแลนด์,1B,ทวีปยุโรป,24376592.0,0.0
2023-06,2023,6,2,327,SE,สวีเดน,1B,ทวีปยุโรป,15718081.0,0.0
2023-06,2023,6,2,312,AT,ออสเตรีย,1B,ทวีปยุโรป,12346651.0,0.0
2023-06,2023,6,2,267,ID,อินโดนีเซีย,1A,ทวีปเอเชีย,13796137.0,0.0
2023-06,2023,6,2,298,TR,ตุรกี,1A,ทวีปเอเชีย,14344889.0,0.0
2023-06,2023,6,2,288,IL,อิสราเอล,1A,ทวีปเอเชีย,40588656.0,0.0
2023-06,2023,6,2,397,PA,ปานามา,1C,ทวีปอเมริกาเหนือ,0.0,0.0
2023-06,2023,6,2,409,BR,บราซิล,1D,ทวีปอเมริกาใต้,11091512.0,0.0
2023-06,2023,6,2,345,RU,รัสเซีย,1B,ทวีปยุโรป,2795835.0,0.0
2023-06,2023,6,2,322,IE,ไอร์แลนด์,1B,ทวีปยุโรป,13906694.0,0.0
2023-06,2023,6,2,318,FI,ฟินแลนด์,1B,ทวีปยุโรป,3707.0,0.0
2023-06,2023,6,2,478,ZA,แอฟริกาใต้,1E,ทวีปแอฟริกา,11488306.0,0.0
2023-06,2023,6,2,437,EG,อียิปต์,1E,ทวีปแอฟริกา,78633.0,0.0
2023-06,2023,6,2,357,EE,เอสโตเนีย,1B,ทวีปยุโรป,3772990.0,0.0
2023-06,2023,6,2,456,MU,มอริเชียส,1E,ทวีปแอฟริกา,22721674.0,0.0
2023-06,2023,6,2,407,AR,อาร์เจนตินา,1D,ทวีปอเมริกาใต้,3304774.0,0.0
2023-06,2023,6,2,356,CH,สวิตเซอร์แลนด์,1B,ทวีปยุโรป,2548148.0,0.0
2023-06,2023,6,2,283,PK,ปากีสถาน,1A,ทวีปเอเชีย,2745991.0,0.0
2023-06,2023,6,2,366,NO,นอร์เวย์,1B,ทวีปยุโรป,5894218.0,0.0
2023-06,2023,6,2,281,MV,มัลดีฟส์,1A,ทวีปเอเชีย,30624.0,0.0
2023-06,2023,6,2,313,BE,เบลเยียม,1B,ทวีปยุโรป,3303428.0,0.0
2023-06,2023,6,2,290,IR,อิหร่าน,1A,ทวีปเอเชีย,1041701.0,0.0
2023-06,2023,6,2,266,BN,บรูไน,1A,ทวีปเอเชีย,2178015.0,0.0
2023-06,2023,6,2,277,BD,บังกลาเทศ,1A,ทวีปเอเชีย,491691.0,0.0
2023-06,2023,6,2,346,SI,สโลวีเนีย,1B,ทวีปยุโรป,3497540.0,0.0
2023-06,2023,6,2,479,ZM,แซมเบีย,1E,ทวีปแอฟริกา,0.0,0.0
2023-06,2023,6,2,285,AE,สหรัฐอาหรับเอมิเรตส์,1A,ทวีปเอเชีย,1932254.0,0.0
2023-06,2023,6,2,476,TZ,แทนซาเนีย,1E,ทวีปแอฟริกา,0.0,0.0
2023-06,2023,6,2,326,PT,โปรตุเกส,1B,ทวีปยุโรป,94643.0,0.0
2023-06,2023,6,2,497,NZ,นิวซีแลนด์,1F,ทวีปออสเตรเลีย,229639.0,0.0
2023-06,2023,6,2,431,CI,โกตดิวัวร์,1E,ทวีปแอฟริกา,0.0,0.0
2023-06,2023,6,2,337,GE,จอร์เจีย,1A,ทวีปเอเชีย,0.0,0.0
2023-06,2023,6,2,333,BG,บัลแกเรีย,1B,ทวีปยุโรป,168331.0,0.0
2023-06,2023,6,2,398,PR,เปอร์โตริโก,1C,ทวีปอเมริกาเหนือ,0.0,0.0
2023-06,2023,6,2,383,DM,โดมินิกา,1C,ทวีปอเมริกาเหนือ,0.0,0.0
2023-06,2023,6,2,475,TN,ตูนิเซีย,1E,ทวีปแอฟริกา,443783.0,0.0
2023-06,2023,6,2,411,CO,โคลอมเบีย,1D,ทวีปอเมริกาใต้,170906.0,0.0
2023-06,2023,6,2,295,QA,กาตาร์,1A,ทวีปเอเชีย,1603.0,0.0
2023-06,2023,6,2,280,LK,ศรีลังกา,1A,ทวีปเอเชีย,108958.0,0.0
2023-06,2023,6,2,389,HN,ฮอนดูรัส,1C,ทวีปอเมริกาเหนือ,0.0,0.0
2023-06,2023,6,2,293,LB,เลบานอน,1A,ทวีปเอเชีย,0.0,0.0
2023-06,2023,6,2,499,PG,ปาปัวนิวกินี,1F,ทวีปออสเตรเลีย,96204.0,0.0
2023-06,2023,6,2,331,AM,อาร์เมเนีย,1A,ทวีปเอเชีย,484200.0,0.0
2023-06,2023,6,2,296,SA,ซาอุดีอาระเบีย,1A,ทวีปเอเชีย,1373.0,0.0
2023-06,2023,6,2,410,CL,ชิลี,1D,ทวีปอเมริกาใต้,58984.0,0.0
2023-06,2023,6,2,291,JO,จอร์แดน,1A,ทวีปเอเชีย,0.0,0.0
2023-06,2023,6,2,278,BT,ภูฎาน,1A,ทวีปเอเชีย,0.0,0.0
2023-06,2023,6,2,412,EC,เอกวาดอร์,1D,ทวีปอเมริกาใต้,295701.0,0.0
2023-06,2023,6,2,458,MZ,โมซัมบิก,1E,ทวีปแอฟริกา,0.0,0.0
2023-06,2023,6,2,321,GR,กรีซ,1B,ทวีปยุโรป,0.0,0.0
2023-06,2023,6,2,308,MO,มาเก๊า,1A,ทวีปเอเชีย,694.0,0.0
2023-06,2023,6,2,404,VI,หมู่เกาะเวอร์จิน(สหรัฐ),1C,ทวีปอเมริกาเหนือ,0.0,0.0
2023-06,2023,6,2,441,GH,กานา,1E,ทวีปแอฟริกา,0.0,0.0
2023-06,2023,6,2,307,MN,มองโกเลีย,1A,ทวีปเอเชีย,0.0,0.0
2023-06,2023,6,2,381,CR,คอสตาริกา,1C,ทวีปอเมริกาเหนือ,0.0,0.0
2023-06,2023,6,2,362,LT,ลิทัวเนีย,1B,ทวีปยุโรป,3648.0,0.0
2023-06,2023,6,2,294,OM,โอมาน,1A,ทวีปเอเชีย,137.0,0.0
2023-06,2023,6,2,363,LV,ลัตเวีย,1B,ทวีปยุโรป,0.0,0.0
2023-06,2023,6,2,292,KW,คูเวต,1A,ทวีปเอเชีย,9290.0,0.0
2023-06,2023,6,2,338,HR,โครเอเชีย,1B,ทวีปยุโรป,0.0,0.0
2023-06,2023,6,2,417,PE,เปรู,1D,ทวีปอเมริกาใต้,3064.0,0.0
2023-06,2023,6,2,334,BY,เบลารุส,1B,ทวีปยุโรป,9653.0,0.0
2023-06,2023,6,2,364,MC,โมนาโก,1B,ทวีปยุโรป,18362.0,0.0
2023-06,2023,6,2,420,SR,ซูรินาเม,1D,ทวีปอเมริกาใต้,3723.0,0.0
2023-06,2023,6,2,438,ET,เอธิโอเปีย,1E,ทวีปแอฟริกา,4025.0,0.0
2023-06,2023,6,2,505,VU,วานูอาตู,1F,ทวีปออสเตรเลีย,0.0,0.0
2023-06,2023,6,2,498,PF,เฟรนช์โปลีนีเซีย,1F,ทวีปออสเตรเลีย,1984.0,0.0
2023-06,2023,6,2,351,UA,ยูเครน,1B,ทวีปยุโรป,0.0,0.0
2023-06,2023,6,2,378,BM,เบอร์มิวดา,1C,ทวีปอเมริกาเหนือ,7017.0,0.0
2023-06,2023,6,2,492,MP,เกาะมาเรียนาเหนือ,1F,ทวีปออสเตรเลีย,6839.0,0.0
2023-06,2023,6,2,282,NP,เนปาล,1A,ทวีปเอเชีย,2300.0,0.0
2023-06,2023,6,2,341,KZ,คาซัคสถาน,1A,ทวีปเอเชีย,0.0,0.0
2023-06,2023,6,2,484,CK,หมู่เกาะดุก,1F,ทวีปออสเตรเลีย,0.0,0.0
2023-06,2023,6,2,377,BB,บาร์เบโดส,1C,ทวีปอเมริกาเหนือ,1138.0,0.0
2023-06,2023,6,2,443,GN,กินี,1E,ทวีปแอฟริกา,0.0,0.0
2023-06,2023,6,2,597,CW,CURACAO,1G,ประเทศอื่น,0.0,0.0
2023-06,2023,6,2,447,KE,เคนยา,1E,ทวีปแอฟริกา,309.0,0.0
2023-06,2023,6,2,527,MK,มาซิโดเนีย,1B,ทวีปยุโรป,0.0,0.0
2023-06,2023,6,2,461,NG,ไนจีเรีย,1E,ทวีปแอฟริกา,513.0,0.0
2023-06,2023,6,2,287,CY,ไซปรัส,1A,ทวีปเอเชีย,0.0,0.0
2023-06,2023,6,2,506,WS,ซามัวตะวันตก,1F,ทวีปออสเตรเลีย,0.0,0.0
2023-06,2023,6,2,360,IS,ไอซ์แลนด์,1B,ทวีปยุโรป,0.0,0.0
2023-06,2023,6,2,379,BS,บาฮามาส,1C,ทวีปอเมริกาเหนือ,239.0,0.0
2023-06,2023,6,2,286,BH,บาห์เรน,1A,ทวีปเอเชีย,0.0,0.0
2023-06,2023,6,2,453,MG,มาดากัสการ์,1E,ทวีปแอฟริกา,133.0,0.0
2023-06,2023,6,2,463,RE,เรอูนียง,1E,ทวีปแอฟริกา,133.0,0.0
2023-07,2023,7,3,373,US,สหรัฐอเมริกา,1C,ทวีปอเมริกาเหนือ,5194194857.0,0.0
2023-07,2023,7,3,325,NL,เนเธอร์แลนด์,1B,ทวีปยุโรป,2188390470.0,0.0
2023-07,2023,7,3,372,MX,เม็กซิโก,1C,ทวีปอเมริกาเหนือ,774222092.0,0.0
2023-07,2023,7,3,323,IT,อิตาลี,1B,ทวีปยุโรป,609439734.0,0.0
2023-07,2023,7,3,304,JP,ญี่ปุ่น,1A,ทวีปเอเชีย,518574000.0,0.0
2023-07,2023,7,3,302,CN,จีน,1A,ทวีปเอเชีย,407139157.0,0.0
2023-07,2023,7,3,271,MY,มาเลเซีย,1A,ทวีปเอเชีย,499720421.0,0.0
2023-07,2023,7,3,303,HK,ฮ่องกง,1A,ทวีปเอเชีย,543336828.0,0.0
2023-07,2023,7,3,315,DE,เยอรมนี,1B,ทวีปยุโรป,177473953.0,0.0
2023-07,2023,7,3,309,TW,ไต้หวัน,1A,ทวีปเอเชีย,453098895.0,0.0
2023-07,2023,7,3,273,SG,สิงคโปร์,1A,ทวีปเอเชีย,358469619.0,0.0
2023-07,2023,7,3,336,CZ,สาธารณรัฐเช็ก,1B,ทวีปยุโรป,220918827.0,0.0
2023-07,2023,7,3,339,HU,ฮังการี,1B,ทวีปยุโรป,20786221.0,0.0
2023-07,2023,7,3,279,IN,อินเดีย,1A,ทวีปเอเชีย,132315532.0,0.0
2023-07,2023,7,3,371,CA,แคนาดา,1C,ทวีปอเมริกาเหนือ,135501872.0,0.0
2023-07,2023,7,3,320,GB,สหราชอาณาจักร,1B,ทวีปยุโรป,217017676.0,0.0
2023-07,2023,7,3,274,VN,เวียดนาม,1A,ทวีปเอเชีย,83411424.0,0.0
2023-07,2023,7,3,347,SK,สโลวาเกีย,1B,ทวีปยุโรป,27638420.0,0.0
2023-07,2023,7,3,319,FR,ฝรั่งเศส,1B,ทวีปยุโรป,37418106.0,0.0
2023-07,2023,7,3,272,PH,ฟิลิปปินส์,1A,ทวีปเอเชีย,15294499.0,0.0
2023-07,2023,7,3,306,KR,เกาหลีใต้,1A,ทวีปเอเชีย,32755614.0,0.0
2023-07,2023,7,3,289,IQ,อิรัก,1A,ทวีปเอเชีย,63114454.0,0.0
2023-07,2023,7,3,483,AU,ออสเตรเลีย,1F,ทวีปออสเตรเลีย,12156223.0,0.0
2023-07,2023,7,3,269,LA,สปป. ลาว,1A,ทวีปเอเชีย,24084576.0,0.0
2023-07,2023,7,3,268,KH,กัมพูชา,1A,ทวีปเอเชีย,20843695.0,0.0
2023-07,2023,7,3,316,DK,เดนมาร์ก,1B,ทวีปยุโรป,26972309.0,0.0
2023-07,2023,7,3,344,RO,โรมาเนีย,1B,ทวีปยุโรป,13182458.0,0.0
2023-07,2023,7,3,317,ES,สเปน,1B,ทวีปยุโรป,19528992.0,0.0
2023-07,2023,7,3,288,IL,อิสราเอล,1A,ทวีปเอเชีย,57950346.0,0.0
2023-07,2023,7,3,270,MM,เมียนมา,1A,ทวีปเอเชีย,9518633.0,0.0
2023-07,2023,7,3,343,PL,โปแลนด์,1B,ทวีปยุโรป,9009444.0,0.0
2023-07,2023,7,3,312,AT,ออสเตรีย,1B,ทวีปยุโรป,25911775.0,0.0
2023-07,2023,7,3,327,SE,สวีเดน,1B,ทวีปยุโรป,4481264.0,0.0
2023-07,2023,7,3,298,TR,ตุรกี,1A,ทวีปเอเชีย,22164290.0,0.0
2023-07,2023,7,3,267,ID,อินโดนีเซีย,1A,ทวีปเอเชีย,14282045.0,0.0
2023-07,2023,7,3,409,BR,บราซิล,1D,ทวีปอเมริกาใต้,5366217.0,0.0
2023-07,2023,7,3,397,PA,ปานามา,1C,ทวีปอเมริกาเหนือ,0.0,0.0
2023-07,2023,7,3,345,RU,รัสเซีย,1B,ทวีปยุโรป,2589892.0,0.0
2023-07,2023,7,3,322,IE,ไอร์แลนด์,1B,ทวีปยุโรป,3494625.0,0.0
2023-07,2023,7,3,357,EE,เอสโตเนีย,1B,ทวีปยุโรป,12379476.0,0.0
2023-07,2023,7,3,318,FI,ฟินแลนด์,1B,ทวีปยุโรป,2957152.0,0.0
2023-07,2023,7,3,478,ZA,แอฟริกาใต้,1E,ทวีปแอฟริกา,3468943.0,0.0
2023-07,2023,7,3,437,EG,อียิปต์,1E,ทวีปแอฟริกา,719924.0,0.0
2023-07,2023,7,3,456,MU,มอริเชียส,1E,ทวีปแอฟริกา,0.0,0.0
2023-07,2023,7,3,407,AR,อาร์เจนตินา,1D,ทวีปอเมริกาใต้,3802326.0,0.0
2023-07,2023,7,3,356,CH,สวิตเซอร์แลนด์,1B,ทวีปยุโรป,4299266.0,0.0
2023-07,2023,7,3,280,LK,ศรีลังกา,1A,ทวีปเอเชีย,17083880.0,0.0
2023-07,2023,7,3,469,SN,เซเนกัล,1E,ทวีปแอฟริกา,17232892.0,0.0
2023-07,2023,7,3,283,PK,ปากีสถาน,1A,ทวีปเอเชีย,2507114.0,0.0
2023-07,2023,7,3,366,NO,นอร์เวย์,1B,ทวีปยุโรป,3707223.0,0.0
2023-07,2023,7,3,313,BE,เบลเยียม,1B,ทวีปยุโรป,4673113.0,0.0
2023-07,2023,7,3,281,MV,มัลดีฟส์,1A,ทวีปเอเชีย,26098.0,0.0
2023-07,2023,7,3,290,IR,อิหร่าน,1A,ทวีปเอเชีย,55423.0,0.0
2023-07,2023,7,3,266,BN,บรูไน,1A,ทวีปเอเชีย,31449.0,0.0
2023-07,2023,7,3,285,AE,สหรัฐอาหรับเอมิเรตส์,1A,ทวีปเอเชีย,1554656.0,0.0
2023-07,2023,7,3,497,NZ,นิวซีแลนด์,1F,ทวีปออสเตรเลีย,4263841.0,0.0
2023-07,2023,7,3,277,BD,บังกลาเทศ,1A,ทวีปเอเชีย,0.0,0.0
2023-07,2023,7,3,346,SI,สโลวีเนีย,1B,ทวีปยุโรป,103237.0,0.0
2023-07,2023,7,3,479,ZM,แซมเบีย,1E,ทวีปแอฟริกา,0.0,0.0
2023-07,2023,7,3,398,PR,เปอร์โตริโก,1C,ทวีปอเมริกาเหนือ,3742164.0,0.0
2023-07,2023,7,3,476,TZ,แทนซาเนีย,1E,ทวีปแอฟริกา,0.0,0.0
2023-07,2023,7,3,326,PT,โปรตุเกส,1B,ทวีปยุโรป,94653.0,0.0
2023-07,2023,7,3,431,CI,โกตดิวัวร์,1E,ทวีปแอฟริกา,0.0,0.0
2023-07,2023,7,3,443,GN,กินี,1E,ทวีปแอฟริกา,1605305.0,0.0
2023-07,2023,7,3,475,TN,ตูนิเซีย,1E,ทวีปแอฟริกา,597381.0,0.0
2023-07,2023,7,3,337,GE,จอร์เจีย,1A,ทวีปเอเชีย,0.0,0.0
2023-07,2023,7,3,333,BG,บัลแกเรีย,1B,ทวีปยุโรป,0.0,0.0
2023-07,2023,7,3,411,CO,โคลอมเบีย,1D,ทวีปอเมริกาใต้,191199.0,0.0
2023-07,2023,7,3,383,DM,โดมินิกา,1C,ทวีปอเมริกาเหนือ,0.0,0.0
2023-07,2023,7,3,499,PG,ปาปัวนิวกินี,1F,ทวีปออสเตรเลีย,86071.0,0.0
2023-07,2023,7,3,295,QA,กาตาร์,1A,ทวีปเอเชีย,0.0,0.0
2023-07,2023,7,3,389,HN,ฮอนดูรัส,1C,ทวีปอเมริกาเหนือ,0.0,0.0
2023-07,2023,7,3,293,LB,เลบานอน,1A,ทวีปเอเชีย,0.0,0.0
2023-07,2023,7,3,331,AM,อาร์เมเนีย,1A,ทวีปเอเชีย,0.0,0.0
2023-07,2023,7,3,291,JO,จอร์แดน,1A,ทวีปเอเชีย,73449.0,0.0
2023-07,2023,7,3,296,SA,ซาอุดีอาระเบีย,1A,ทวีปเอเชีย,8244.0,0.0
2023-07,2023,7,3,410,CL,ชิลี,1D,ทวีปอเมริกาใต้,0.0,0.0
2023-07,2023,7,3,278,BT,ภูฎาน,1A,ทวีปเอเชีย,0.0,0.0
2023-07,2023,7,3,412,EC,เอกวาดอร์,1D,ทวีปอเมริกาใต้,0.0,0.0
2023-07,2023,7,3,458,MZ,โมซัมบิก,1E,ทวีปแอฟริกา,0.0,0.0
2023-07,2023,7,3,321,GR,กรีซ,1B,ทวีปยุโรป,0.0,0.0
2023-07,2023,7,3,308,MO,มาเก๊า,1A,ทวีปเอเชีย,0.0,0.0
2023-07,2023,7,3,419,PY,ปารากวัย,1D,ทวีปอเมริกาใต้,81784.0,0.0
2023-07,2023,7,3,307,MN,มองโกเลีย,1A,ทวีปเอเชีย,12121.0,0.0
2023-07,2023,7,3,404,VI,หมู่เกาะเวอร์จิน(สหรัฐ),1C,ทวีปอเมริกาเหนือ,0.0,0.0
2023-07,2023,7,3,441,GH,กานา,1E,ทวีปแอฟริกา,0.0,0.0
2023-07,2023,7,3,381,CR,คอสตาริกา,1C,ทวีปอเมริกาเหนือ,0.0,0.0
2023-07,2023,7,3,363,LV,ลัตเวีย,1B,ทวีปยุโรป,5207.0,0.0
2023-07,2023,7,3,362,LT,ลิทัวเนีย,1B,ทวีปยุโรป,0.0,0.0
2023-07,2023,7,3,292,KW,คูเวต,1A,ทวีปเอเชีย,4588.0,0.0
2023-07,2023,7,3,294,OM,โอมาน,1A,ทวีปเอเชีย,746.0,0.0
2023-07,2023,7,3,417,PE,เปรู,1D,ทวีปอเมริกาใต้,3737.0,0.0
2023-07,2023,7,3,338,HR,โครเอเชีย,1B,ทวีปยุโรป,1346.0,0.0
2023-07,2023,7,3,334,BY,เบลารุส,1B,ทวีปยุโรป,0.0,0.0
2023-07,2023,7,3,364,MC,โมนาโก,1B,ทวีปยุโรป,0.0,0.0
2023-07,2023,7,3,420,SR,ซูรินาเม,1D,ทวีปอเมริกาใต้,0.0,0.0
2023-07,2023,7,3,438,ET,เอธิโอเปีย,1E,ทวีปแอฟริกา,0.0,0.0
2023-07,2023,7,3,505,VU,วานูอาตู,1F,ทวีปออสเตรเลีย,0.0,0.0
2023-07,2023,7,3,498,PF,เฟรนช์โปลีนีเซีย,1F,ทวีปออสเตรเลีย,0.0,0.0
2023-07,2023,7,3,449,LR,ไลบีเรีย,1E,ทวีปแอฟริกา,9171.0,0.0
2023-07,2023,7,3,351,UA,ยูเครน,1B,ทวีปยุโรป,0.0,0.0
2023-07,2023,7,3,378,BM,เบอร์มิวดา,1C,ทวีปอเมริกาเหนือ,0.0,0.0
2023-07,2023,7,3,492,MP,เกาะมาเรียนาเหนือ,1F,ทวีปออสเตรเลีย,0.0,0.0
2023-07,2023,7,3,282,NP,เนปาล,1A,ทวีปเอเชีย,135.0,0.0
2023-07,2023,7,3,377,BB,บาร์เบโดส,1C,ทวีปอเมริกาเหนือ,2013.0,0.0
2023-07,2023,7,3,341,KZ,คาซัคสถาน,1A,ทวีปเอเชีย,0.0,0.0
2023-07,2023,7,3,484,CK,หมู่เกาะดุก,1F,ทวีปออสเตรเลีย,0.0,0.0
2023-07,2023,7,3,597,CW,CURACAO,1G,ประเทศอื่น,0.0,0.0
2023-07,2023,7,3,447,KE,เคนยา,1E,ทวีปแอฟริกา,0.0,0.0
2023-07,2023,7,3,527,MK,มาซิโดเนีย,1B,ทวีปยุโรป,0.0,0.0
2023-07,2023,7,3,461,NG,ไนจีเรีย,1E,ทวีปแอฟริกา,0.0,0.0
2023-07,2023,7,3,287,CY,ไซปรัส,1A,ทวีปเอเชีย,0.0,0.0
2023-07,2023,7,3,506,WS,ซามัวตะวันตก,1F,ทวีปออสเตรเลีย,0.0,0.0
2023-07,2023,7,3,360,IS,ไอซ์แลนด์,1B,ทวีปยุโรป,0.0,0.0
2023-07,2023,7,3,286,BH,บาห์เรน,1A,ทวีปเอเชีย,135.0,0.0
2023-07,2023,7,3,379,BS,บาฮามาส,1C,ทวีปอเมริกาเหนือ,0.0,0.0
2023-07,2023,7,3,436,DZ,แอลจีเรีย,1E,ทวีปแอฟริกา,135.0,0.0
2023-07,2023,7,3,453,MG,มาดากัสการ์,1E,ทวีปแอฟริกา,0.0,0.0
2023-07,2023,7,3,463,RE,เรอูนียง,1E,ทวีปแอฟริกา,0.0,0.0
2023-08,2023,8,3,373,US,สหรัฐอเมริกา,1C,ทวีปอเมริกาเหนือ,7646268320.0,0.0
2023-08,2023,8,3,325,NL,เนเธอร์แลนด์,1B,ทวีปยุโรป,2467309172.0,0.0
2023-08,2023,8,3,372,MX,เม็กซิโก,1C,ทวีปอเมริกาเหนือ,854167845.0,0.0
2023-08,2023,8,3,304,JP,ญี่ปุ่น,1A,ทวีปเอเชีย,805919889.0,0.0
2023-08,2023,8,3,323,IT,อิตาลี,1B,ทวีปยุโรป,575545648.0,0.0
2023-08,2023,8,3,302,CN,จีน,1A,ทวีปเอเชีย,499356073.0,0.0
2023-08,2023,8,3,271,MY,มาเลเซีย,1A,ทวีปเอเชีย,203445216.0,0.0
2023-08,2023,8,3,303,HK,ฮ่องกง,1A,ทวีปเอเชีย,350871537.0,0.0
2023-08,2023,8,3,315,DE,เยอรมนี,1B,ทวีปยุโรป,260238627.0,0.0
2023-08,2023,8,3,309,TW,ไต้หวัน,1A,ทวีปเอเชีย,584625593.0,0.0
2023-08,2023,8,3,273,SG,สิงคโปร์,1A,ทวีปเอเชีย,460506593.0,0.0
2023-08,2023,8,3,336,CZ,สาธารณรัฐเช็ก,1B,ทวีปยุโรป,169544108.0,0.0
2023-08,2023,8,3,279,IN,อินเดีย,1A,ทวีปเอเชีย,175636781.0,0.0
2023-08,2023,8,3,371,CA,แคนาดา,1C,ทวีปอเมริกาเหนือ,217801463.0,0.0
2023-08,2023,8,3,339,HU,ฮังการี,1B,ทวีปยุโรป,13436650.0,0.0
2023-08,2023,8,3,320,GB,สหราชอาณาจักร,1B,ทวีปยุโรป,101776773.0,0.0
2023-08,2023,8,3,274,VN,เวียดนาม,1A,ทวีปเอเชีย,79922255.0,0.0
2023-08,2023,8,3,319,FR,ฝรั่งเศส,1B,ทวีปยุโรป,75151583.0,0.0
2023-08,2023,8,3,347,SK,สโลวาเกีย,1B,ทวีปยุโรป,35048962.0,0.0
2023-08,2023,8,3,272,PH,ฟิลิปปินส์,1A,ทวีปเอเชีย,8719420.0,0.0
2023-08,2023,8,3,483,AU,ออสเตรเลีย,1F,ทวีปออสเตรเลีย,124881373.0,0.0
2023-08,2023,8,3,306,KR,เกาหลีใต้,1A,ทวีปเอเชีย,37097444.0,0.0
2023-08,2023,8,3,269,LA,สปป. ลาว,1A,ทวีปเอเชีย,31444377.0,0.0
2023-08,2023,8,3,289,IQ,อิรัก,1A,ทวีปเอเชีย,3160.0,0.0
2023-08,2023,8,3,268,KH,กัมพูชา,1A,ทวีปเอเชีย,30771788.0,0.0
2023-08,2023,8,3,316,DK,เดนมาร์ก,1B,ทวีปยุโรป,30477119.0,0.0
2023-08,2023,8,3,317,ES,สเปน,1B,ทวีปยุโรป,27134559.0,0.0
2023-08,2023,8,3,344,RO,โรมาเนีย,1B,ทวีปยุโรป,18892760.0,0.0
2023-08,2023,8,3,343,PL,โปแลนด์,1B,ทวีปยุโรป,15243831.0,0.0
2023-08,2023,8,3,288,IL,อิสราเอล,1A,ทวีปเอเชีย,2212568.0,0.0
2023-08,2023,8,3,312,AT,ออสเตรีย,1B,ทวีปยุโรป,15948206.0,0.0
2023-08,2023,8,3,270,MM,เมียนมา,1A,ทวีปเอเชีย,3662879.0,0.0
2023-08,2023,8,3,327,SE,สวีเดน,1B,ทวีปยุโรป,16333444.0,0.0
2023-08,2023,8,3,298,TR,ตุรกี,1A,ทวีปเอเชีย,19658610.0,0.0
2023-08,2023,8,3,267,ID,อินโดนีเซีย,1A,ทวีปเอเชีย,16995651.0,0.0
2023-08,2023,8,3,409,BR,บราซิล,1D,ทวีปอเมริกาใต้,8615417.0,0.0
2023-08,2023,8,3,397,PA,ปานามา,1C,ทวีปอเมริกาเหนือ,0.0,0.0
2023-08,2023,8,3,322,IE,ไอร์แลนด์,1B,ทวีปยุโรป,2430609.0,0.0
2023-08,2023,8,3,345,RU,รัสเซีย,1B,ทวีปยุโรป,1531348.0,0.0
2023-08,2023,8,3,478,ZA,แอฟริกาใต้,1E,ทวีปแอฟริกา,6205833.0,0.0
2023-08,2023,8,3,357,EE,เอสโตเนีย,1B,ทวีปยุโรป,2275289.0,0.0
2023-08,2023,8,3,431,CI,โกตดิวัวร์,1E,ทวีปแอฟริกา,36584595.0,0.0
2023-08,2023,8,3,318,FI,ฟินแลนด์,1B,ทวีปยุโรป,2518205.0,0.0
2023-08,2023,8,3,437,EG,อียิปต์,1E,ทวีปแอฟริกา,2132823.0,0.0
2023-08,2023,8,3,407,AR,อาร์เจนตินา,1D,ทวีปอเมริกาใต้,3722132.0,0.0
2023-08,2023,8,3,456,MU,มอริเชียส,1E,ทวีปแอฟริกา,0.0,0.0
2023-08,2023,8,3,356,CH,สวิตเซอร์แลนด์,1B,ทวีปยุโรป,3489013.0,0.0
2023-08,2023,8,3,479,ZM,แซมเบีย,1E,ทวีปแอฟริกา,15799119.0,0.0
2023-08,2023,8,3,313,BE,เบลเยียม,1B,ทวีปยุโรป,4590270.0,0.0
2023-08,2023,8,3,283,PK,ปากีสถาน,1A,ทวีปเอเชีย,3409470.0,0.0
2023-08,2023,8,3,280,LK,ศรีลังกา,1A,ทวีปเอเชีย,469760.0,0.0
2023-08,2023,8,3,266,BN,บรูไน,1A,ทวีปเอเชีย,9093035.0,0.0
2023-08,2023,8,3,469,SN,เซเนกัล,1E,ทวีปแอฟริกา,0.0,0.0
2023-08,2023,8,3,366,NO,นอร์เวย์,1B,ทวีปยุโรป,1128694.0,0.0
2023-08,2023,8,3,506,WS,ซามัวตะวันตก,1F,ทวีปออสเตรเลีย,15108459.0,0.0
2023-08,2023,8,3,497,NZ,นิวซีแลนด์,1F,ทวีปออสเตรเลีย,7001665.0,0.0
2023-08,2023,8,3,281,MV,มัลดีฟส์,1A,ทวีปเอเชีย,274843.0,0.0
2023-08,2023,8,3,285,AE,สหรัฐอาหรับเอมิเรตส์,1A,ทวีปเอเชีย,2235972.0,0.0
2023-08,2023,8,3,290,IR,อิหร่าน,1A,ทวีปเอเชีย,170862.0,0.0
2023-08,2023,8,3,277,BD,บังกลาเทศ,1A,ทวีปเอเชีย,246628.0,0.0
2023-08,2023,8,3,346,SI,สโลวีเนีย,1B,ทวีปยุโรป,98954.0,0.0
2023-08,2023,8,3,476,TZ,แทนซาเนีย,1E,ทวีปแอฟริกา,2250482.0,0.0
2023-08,2023,8,3,398,PR,เปอร์โตริโก,1C,ทวีปอเมริกาเหนือ,408.0,0.0
2023-08,2023,8,3,333,BG,บัลแกเรีย,1B,ทวีปยุโรป,3019885.0,0.0
2023-08,2023,8,3,326,PT,โปรตุเกส,1B,ทวีปยุโรป,93156.0,0.0
2023-08,2023,8,3,443,GN,กินี,1E,ทวีปแอฟริกา,0.0,0.0
2023-08,2023,8,3,475,TN,ตูนิเซีย,1E,ทวีปแอฟริกา,0.0,0.0
2023-08,2023,8,3,337,GE,จอร์เจีย,1A,ทวีปเอเชีย,0.0,0.0
2023-08,2023,8,3,411,CO,โคลอมเบีย,1D,ทวีปอเมริกาใต้,110254.0,0.0
2023-08,2023,8,3,383,DM,โดมินิกา,1C,ทวีปอเมริกาเหนือ,0.0,0.0
2023-08,2023,8,3,499,PG,ปาปัวนิวกินี,1F,ทวีปออสเตรเลีย,195754.0,0.0
2023-08,2023,8,3,295,QA,กาตาร์,1A,ทวีปเอเชีย,1972.0,0.0
2023-08,2023,8,3,389,HN,ฮอนดูรัส,1C,ทวีปอเมริกาเหนือ,0.0,0.0
2023-08,2023,8,3,293,LB,เลบานอน,1A,ทวีปเอเชีย,0.0,0.0
2023-08,2023,8,3,331,AM,อาร์เมเนีย,1A,ทวีปเอเชีย,0.0,0.0
2023-08,2023,8,3,486,FJ,ฟิจิ,1F,ทวีปออสเตรเลีย,469727.0,0.0
2023-08,2023,8,3,291,JO,จอร์แดน,1A,ทวีปเอเชีย,0.0,0.0
2023-08,2023,8,3,296,SA,ซาอุดีอาระเบีย,1A,ทวีปเอเชีย,2405.0,0.0
2023-08,2023,8,3,410,CL,ชิลี,1D,ทวีปอเมริกาใต้,22485.0,0.0
2023-08,2023,8,3,278,BT,ภูฎาน,1A,ทวีปเอเชีย,5198.0,0.0
2023-08,2023,8,3,412,EC,เอกวาดอร์,1D,ทวีปอเมริกาใต้,0.0,0.0
2023-08,2023,8,3,458,MZ,โมซัมบิก,1E,ทวีปแอฟริกา,0.0,0.0
2023-08,2023,8,3,308,MO,มาเก๊า,1A,ทวีปเอเชีย,128860.0,0.0
2023-08,2023,8,3,292,KW,คูเวต,1A,ทวีปเอเชีย,147039.0,0.0
2023-08,2023,8,3,321,GR,กรีซ,1B,ทวีปยุโรป,10974.0,0.0
2023-08,2023,8,3,419,PY,ปารากวัย,1D,ทวีปอเมริกาใต้,0.0,0.0
2023-08,2023,8,3,307,MN,มองโกเลีย,1A,ทวีปเอเชีย,0.0,0.0
2023-08,2023,8,3,404,VI,หมู่เกาะเวอร์จิน(สหรัฐ),1C,ทวีปอเมริกาเหนือ,0.0,0.0
2023-08,2023,8,3,441,GH,กานา,1E,ทวีปแอฟริกา,133.0,0.0
2023-08,2023,8,3,381,CR,คอสตาริกา,1C,ทวีปอเมริกาเหนือ,0.0,0.0
2023-08,2023,8,3,363,LV,ลัตเวีย,1B,ทวีปยุโรป,0.0,0.0
2023-08,2023,8,3,362,LT,ลิทัวเนีย,1B,ทวีปยุโรป,0.0,0.0
2023-08,2023,8,3,294,OM,โอมาน,1A,ทวีปเอเชีย,556.0,0.0
2023-08,2023,8,3,417,PE,เปรู,1D,ทวีปอเมริกาใต้,147.0,0.0
2023-08,2023,8,3,338,HR,โครเอเชีย,1B,ทวีปยุโรป,0.0,0.0
2023-08,2023,8,3,334,BY,เบลารุส,1B,ทวีปยุโรป,0.0,0.0
2023-08,2023,8,3,364,MC,โมนาโก,1B,ทวีปยุโรป,0.0,0.0
2023-08,2023,8,3,420,SR,ซูรินาเม,1D,ทวีปอเมริกาใต้,0.0,0.0
2023-08,2023,8,3,438,ET,เอธิโอเปีย,1E,ทวีปแอฟริกา,0.0,0.0
2023-08,2023,8,3,505,VU,วานูอาตู,1F,ทวีปออสเตรเลีย,0.0,0.0
2023-08,2023,8,3,498,PF,เฟรนช์โปลีนีเซีย,1F,ทวีปออสเตรเลีย,4378.0,0.0
2023-08,2023,8,3,463,RE,เรอูนียง,1E,ทวีปแอฟริกา,13053.0,0.0
2023-08,2023,8,3,378,BM,เบอร์มิวดา,1C,ทวีปอเมริกาเหนือ,2802.0,0.0
2023-08,2023,8,3,449,LR,ไลบีเรีย,1E,ทวีปแอฟริกา,0.0,0.0
2023-08,2023,8,3,351,UA,ยูเครน,1B,ทวีปยุโรป,0.0,0.0
2023-08,2023,8,3,492,MP,เกาะมาเรียนาเหนือ,1F,ทวีปออสเตรเลีย,0.0,0.0
2023-08,2023,8,3,282,NP,เนปาล,1A,ทวีปเอเชีย,0.0,0.0
2023-08,2023,8,3,341,KZ,คาซัคสถาน,1A,ทวีปเอเชีย,680.0,0.0
2023-08,2023,8,3,377,BB,บาร์เบโดส,1C,ทวีปอเมริกาเหนือ,0.0,0.0
2023-08,2023,8,3,484,CK,หมู่เกาะดุก,1F,ทวีปออสเตรเลีย,0.0,0.0
2023-08,2023,8,3,597,CW,CURACAO,1G,ประเทศอื่น,0.0,0.0
2023-08,2023,8,3,388,GT,กัวเตมาลา,1C,ทวีปอเมริกาเหนือ,2013.0,0.0
2023-08,2023,8,3,447,KE,เคนยา,1E,ทวีปแอฟริกา,136.0,0.0
2023-08,2023,8,3,527,MK,มาซิโดเนีย,1B,ทวีปยุโรป,0.0,0.0
2023-08,2023,8,3,461,NG,ไนจีเรีย,1E,ทวีปแอฟริกา,0.0,0.0
2023-08,2023,8,3,287,CY,ไซปรัส,1A,ทวีปเอเชีย,0.0,0.0
2023-08,2023,8,3,451,LY,ลิเบีย,1E,ทวีปแอฟริกา,398.0,0.0
2023-08,2023,8,3,360,IS,ไอซ์แลนด์,1B,ทวีปยุโรป,0.0,0.0
2023-08,2023,8,3,286,BH,บาห์เรน,1A,ทวีปเอเชีย,0.0,0.0
2023-08,2023,8,3,379,BS,บาฮามาส,1C,ทวีปอเมริกาเหนือ,0.0,0.0
2023-08,2023,8,3,436,DZ,แอลจีเรีย,1E,ทวีปแอฟริกา,0.0,0.0
2023-08,2023,8,3,453,MG,มาดากัสการ์,1E,ทวีปแอฟริกา,0.0,0.0
2023-09,2023,9,3,373,US,สหรัฐอเมริกา,1C,ทวีปอเมริกาเหนือ,7099697807.0,0.0
2023-09,2023,9,3,325,NL,เนเธอร์แลนด์,1B,ทวีปยุโรป,2576958139.0,0.0
2023-09,2023,9,3,372,MX,เม็กซิโก,1C,ทวีปอเมริกาเหนือ,526808685.0,0.0
2023-09,2023,9,3,304,JP,ญี่ปุ่น,1A,ทวีปเอเชีย,685559234.0,0.0
2023-09,2023,9,3,323,IT,อิตาลี,1B,ทวีปยุโรป,719091554.0,0.0
2023-09,2023,9,3,302,CN,จีน,1A,ทวีปเอเชีย,479150092.0,0.0
2023-09,2023,9,3,309,TW,ไต้หวัน,1A,ทวีปเอเชีย,727248001.0,0.0
2023-09,2023,9,3,303,HK,ฮ่องกง,1A,ทวีปเอเชีย,349981937.0,0.0
2023-09,2023,9,3,271,MY,มาเลเซีย,1A,ทวีปเอเชีย,169390143.0,0.0
2023-09,2023,9,3,315,DE,เยอรมนี,1B,ทวีปยุโรป,282385460.0,0.0
2023-09,2023,9,3,273,SG,สิงคโปร์,1A,ทวีปเอเชีย,279556859.0,0.0
2023-09,2023,9,3,336,CZ,สาธารณรัฐเช็ก,1B,ทวีปยุโรป,244019271.0,0.0
2023-09,2023,9,3,279,IN,อินเดีย,1A,ทวีปเอเชีย,164967044.0,0.0
2023-09,2023,9,3,371,CA,แคนาดา,1C,ทวีปอเมริกาเหนือ,183526955.0,0.0
2023-09,2023,9,3,320,GB,สหราชอาณาจักร,1B,ทวีปยุโรป,192233918.0,0.0
2023-09,2023,9,3,339,HU,ฮังการี,1B,ทวีปยุโรป,61409090.0,0.0
2023-09,2023,9,3,274,VN,เวียดนาม,1A,ทวีปเอเชีย,63319913.0,0.0
2023-09,2023,9,3,272,PH,ฟิลิปปินส์,1A,ทวีปเอเชีย,219704574.0,0.0
2023-09,2023,9,3,319,FR,ฝรั่งเศส,1B,ทวีปยุโรป,39942890.0,0.0
2023-09,2023,9,3,347,SK,สโลวาเกีย,1B,ทวีปยุโรป,38547953.0,0.0
2023-09,2023,9,3,483,AU,ออสเตรเลีย,1F,ทวีปออสเตรเลีย,59893018.0,0.0
2023-09,2023,9,3,306,KR,เกาหลีใต้,1A,ทวีปเอเชีย,41995211.0,0.0
2023-09,2023,9,3,269,LA,สปป. ลาว,1A,ทวีปเอเชีย,24040942.0,0.0
2023-09,2023,9,3,268,KH,กัมพูชา,1A,ทวีปเอเชีย,46453220.0,0.0
2023-09,2023,9,3,289,IQ,อิรัก,1A,ทวีปเอเชีย,0.0,0.0
2023-09,2023,9,3,316,DK,เดนมาร์ก,1B,ทวีปยุโรป,25183850.0,0.0
2023-09,2023,9,3,317,ES,สเปน,1B,ทวีปยุโรป,29696765.0,0.0
2023-09,2023,9,3,344,RO,โรมาเนีย,1B,ทวีปยุโรป,12931243.0,0.0
2023-09,2023,9,3,343,PL,โปแลนด์,1B,ทวีปยุโรป,27745198.0,0.0
2023-09,2023,9,3,270,MM,เมียนมา,1A,ทวีปเอเชีย,23843671.0,0.0
2023-09,2023,9,3,288,IL,อิสราเอล,1A,ทวีปเอเชีย,17152491.0,0.0
2023-09,2023,9,3,298,TR,ตุรกี,1A,ทวีปเอเชีย,23826990.0,0.0
2023-09,2023,9,3,312,AT,ออสเตรีย,1B,ทวีปยุโรป,8480571.0,0.0
2023-09,2023,9,3,327,SE,สวีเดน,1B,ทวีปยุโรป,15767408.0,0.0
2023-09,2023,9,3,267,ID,อินโดนีเซีย,1A,ทวีปเอเชีย,6464885.0,0.0
2023-09,2023,9,3,409,BR,บราซิล,1D,ทวีปอเมริกาใต้,3867522.0,0.0
2023-09,2023,9,3,397,PA,ปานามา,1C,ทวีปอเมริกาเหนือ,0.0,0.0
2023-09,2023,9,3,478,ZA,แอฟริกาใต้,1E,ทวีปแอฟริกา,3622019.0,0.0
2023-09,2023,9,3,322,IE,ไอร์แลนด์,1B,ทวีปยุโรป,896224.0,0.0
2023-09,2023,9,3,345,RU,รัสเซีย,1B,ทวีปยุโรป,673007.0,0.0
2023-09,2023,9,3,357,EE,เอสโตเนีย,1B,ทวีปยุโรป,632682.0,0.0
2023-09,2023,9,3,318,FI,ฟินแลนด์,1B,ทวีปยุโรป,552034.0,0.0
2023-09,2023,9,3,431,CI,โกตดิวัวร์,1E,ทวีปแอฟริกา,0.0,0.0
2023-09,2023,9,3,437,EG,อียิปต์,1E,ทวีปแอฟริกา,1183334.0,0.0
2023-09,2023,9,3,407,AR,อาร์เจนตินา,1D,ทวีปอเมริกาใต้,3847376.0,0.0
2023-09,2023,9,3,356,CH,สวิตเซอร์แลนด์,1B,ทวีปยุโรป,1514510.0,0.0
2023-09,2023,9,3,456,MU,มอริเชียส,1E,ทวีปแอฟริกา,0.0,0.0
2023-09,2023,9,3,313,BE,เบลเยียม,1B,ทวีปยุโรป,3338162.0,0.0
2023-09,2023,9,3,479,ZM,แซมเบีย,1E,ทวีปแอฟริกา,0.0,0.0
2023-09,2023,9,3,266,BN,บรูไน,1A,ทวีปเอเชีย,2366944.0,0.0
2023-09,2023,9,3,280,LK,ศรีลังกา,1A,ทวีปเอเชีย,1141765.0,0.0
2023-09,2023,9,3,283,PK,ปากีสถาน,1A,ทวีปเอเชีย,358881.0,0.0
2023-09,2023,9,3,366,NO,นอร์เวย์,1B,ทวีปยุโรป,2269080.0,0.0
2023-09,2023,9,3,469,SN,เซเนกัล,1E,ทวีปแอฟริกา,0.0,0.0
2023-09,2023,9,3,506,WS,ซามัวตะวันตก,1F,ทวีปออสเตรเลีย,0.0,0.0
2023-09,2023,9,3,497,NZ,นิวซีแลนด์,1F,ทวีปออสเตรเลีย,201525.0,0.0
2023-09,2023,9,3,398,PR,เปอร์โตริโก,1C,ทวีปอเมริกาเหนือ,9038562.0,0.0
2023-09,2023,9,3,285,AE,สหรัฐอาหรับเอมิเรตส์,1A,ทวีปเอเชีย,1189912.0,0.0
2023-09,2023,9,3,281,MV,มัลดีฟส์,1A,ทวีปเอเชีย,3606.0,0.0
2023-09,2023,9,3,290,IR,อิหร่าน,1A,ทวีปเอเชีย,0.0,0.0
2023-09,2023,9,3,277,BD,บังกลาเทศ,1A,ทวีปเอเชีย,2330913.0,0.0
2023-09,2023,9,3,346,SI,สโลวีเนีย,1B,ทวีปยุโรป,0.0,0.0
2023-09,2023,9,3,476,TZ,แทนซาเนีย,1E,ทวีปแอฟริกา,272.0,0.0
2023-09,2023,9,3,438,ET,เอธิโอเปีย,1E,ทวีปแอฟริกา,5306491.0,0.0
2023-09,2023,9,3,333,BG,บัลแกเรีย,1B,ทวีปยุโรป,200267.0,0.0
2023-09,2023,9,3,326,PT,โปรตุเกส,1B,ทวีปยุโรป,854803.0,0.0
2023-09,2023,9,3,295,QA,กาตาร์,1A,ทวีปเอเชีย,3283871.0,0.0
2023-09,2023,9,3,461,NG,ไนจีเรีย,1E,ทวีปแอฟริกา,2450128.0,0.0
2023-09,2023,9,3,443,GN,กินี,1E,ทวีปแอฟริกา,0.0,0.0
2023-09,2023,9,3,475,TN,ตูนิเซีย,1E,ทวีปแอฟริกา,0.0,0.0
2023-09,2023,9,3,337,GE,จอร์เจีย,1A,ทวีปเอเชีย,0.0,0.0
2023-09,2023,9,3,411,CO,โคลอมเบีย,1D,ทวีปอเมริกาใต้,221781.0,0.0
2023-09,2023,9,3,499,PG,ปาปัวนิวกินี,1F,ทวีปออสเตรเลีย,265939.0,0.0
2023-09,2023,9,3,383,DM,โดมินิกา,1C,ทวีปอเมริกาเหนือ,0.0,0.0
2023-09,2023,9,3,389,HN,ฮอนดูรัส,1C,ทวีปอเมริกาเหนือ,0.0,0.0
2023-09,2023,9,3,293,LB,เลบานอน,1A,ทวีปเอเชีย,0.0,0.0
2023-09,2023,9,3,296,SA,ซาอุดีอาระเบีย,1A,ทวีปเอเชีย,95436.0,0.0
2023-09,2023,9,3,331,AM,อาร์เมเนีย,1A,ทวีปเอเชีย,0.0,0.0
2023-09,2023,9,3,486,FJ,ฟิจิ,1F,ทวีปออสเตรเลีย,0.0,0.0
2023-09,2023,9,3,291,JO,จอร์แดน,1A,ทวีปเอเชีย,0.0,0.0
2023-09,2023,9,3,292,KW,คูเวต,1A,ทวีปเอเชีย,209229.0,0.0
2023-09,2023,9,3,410,CL,ชิลี,1D,ทวีปอเมริกาใต้,0.0,0.0
2023-09,2023,9,3,278,BT,ภูฎาน,1A,ทวีปเอเชีย,0.0,0.0
2023-09,2023,9,3,412,EC,เอกวาดอร์,1D,ทวีปอเมริกาใต้,4363.0,0.0
2023-09,2023,9,3,458,MZ,โมซัมบิก,1E,ทวีปแอฟริกา,0.0,0.0
2023-09,2023,9,3,308,MO,มาเก๊า,1A,ทวีปเอเชีย,743.0,0.0
2023-09,2023,9,3,441,GH,กานา,1E,ทวีปแอฟริกา,88535.0,0.0
2023-09,2023,9,3,321,GR,กรีซ,1B,ทวีปยุโรป,0.0,0.0
2023-09,2023,9,3,419,PY,ปารากวัย,1D,ทวีปอเมริกาใต้,0.0,0.0
2023-09,2023,9,3,307,MN,มองโกเลีย,1A,ทวีปเอเชีย,0.0,0.0
2023-09,2023,9,3,404,VI,หมู่เกาะเวอร์จิน(สหรัฐ),1C,ทวีปอเมริกาเหนือ,0.0,0.0
2023-09,2023,9,3,338,HR,โครเอเชีย,1B,ทวีปยุโรป,32685.0,0.0
2023-09,2023,9,3,381,CR,คอสตาริกา,1C,ทวีปอเมริกาเหนือ,0.0,0.0
2023-09,2023,9,3,363,LV,ลัตเวีย,1B,ทวีปยุโรป,2918.0,0.0
2023-09,2023,9,3,362,LT,ลิทัวเนีย,1B,ทวีปยุโรป,0.0,0.0
2023-09,2023,9,3,294,OM,โอมาน,1A,ทวีปเอเชีย,280.0,0.0
2023-09,2023,9,3,417,PE,เปรู,1D,ทวีปอเมริกาใต้,0.0,0.0
2023-09,2023,9,3,334,BY,เบลารุส,1B,ทวีปยุโรป,1284.0,0.0
2023-09,2023,9,3,364,MC,โมนาโก,1B,ทวีปยุโรป,0.0,0.0
2023-09,2023,9,3,420,SR,ซูรินาเม,1D,ทวีปอเมริกาใต้,0.0,0.0
2023-09,2023,9,3,498,PF,เฟรนช์โปลีนีเซีย,1F,ทวีปออสเตรเลีย,3488.0,0.0
2023-09,2023,9,3,505,VU,วานูอาตู,1F,ทวีปออสเตรเลีย,0.0,0.0
2023-09,2023,9,3,463,RE,เรอูนียง,1E,ทวีปแอฟริกา,0.0,0.0
2023-09,2023,9,3,378,BM,เบอร์มิวดา,1C,ทวีปอเมริกาเหนือ,0.0,0.0
2023-09,2023,9,3,449,LR,ไลบีเรีย,1E,ทวีปแอฟริกา,0.0,0.0
2023-09,2023,9,3,351,UA,ยูเครน,1B,ทวีปยุโรป,0.0,0.0
2023-09,2023,9,3,484,CK,หมู่เกาะดุก,1F,ทวีปออสเตรเลีย,4374.0,0.0
2023-09,2023,9,3,492,MP,เกาะมาเรียนาเหนือ,1F,ทวีปออสเตรเลีย,0.0,0.0
2023-09,2023,9,3,282,NP,เนปาล,1A,ทวีปเอเชีย,0.0,0.0
2023-09,2023,9,3,341,KZ,คาซัคสถาน,1A,ทวีปเอเชีย,698.0,0.0
2023-09,2023,9,3,377,BB,บาร์เบโดส,1C,ทวีปอเมริกาเหนือ,741.0,0.0
2023-09,2023,9,3,401,TT,ตรินิแดดและโตเบโก,1C,ทวีปอเมริกาเหนือ,4457.0,0.0
2023-09,2023,9,3,287,CY,ไซปรัส,1A,ทวีปเอเชีย,3488.0,0.0
2023-09,2023,9,3,597,CW,CURACAO,1G,ประเทศอื่น,0.0,0.0
2023-09,2023,9,3,394,LC,เซนต์ลูเซีย,1C,ทวีปอเมริกาเหนือ,2222.0,0.0
2023-09,2023,9,3,388,GT,กัวเตมาลา,1C,ทวีปอเมริกาเหนือ,0.0,0.0
2023-09,2023,9,3,447,KE,เคนยา,1E,ทวีปแอฟริกา,0.0,0.0
2023-09,2023,9,3,527,MK,มาซิโดเนีย,1B,ทวีปยุโรป,0.0,0.0
2023-09,2023,9,3,451,LY,ลิเบีย,1E,ทวีปแอฟริกา,136.0,0.0
2023-09,2023,9,3,286,BH,บาห์เรน,1A,ทวีปเอเชีย,136.0,0.0
2023-09,2023,9,3,360,IS,ไอซ์แลนด์,1B,ทวีปยุโรป,0.0,0.0
2023-09,2023,9,3,379,BS,บาฮามาส,1C,ทวีปอเมริกาเหนือ,0.0,0.0
2023-09,2023,9,3,300,YE,เยเมน,1A,ทวีปเอเชีย,136.0,0.0
2023-09,2023,9,3,436,DZ,แอลจีเรีย,1E,ทวีปแอฟริกา,0.0,0.0
2023-09,2023,9,3,453,MG,มาดากัสการ์,1E,ทวีปแอฟริกา,0.0,0.0
2023-10,2023,10,4,373,US,สหรัฐอเมริกา,1C,ทวีปอเมริกาเหนือ,6429689156.0,0.0
2023-10,2023,10,4,325,NL,เนเธอร์แลนด์,1B,ทวีปยุโรป,2378760371.0,0.0
2023-10,2023,10,4,372,MX,เม็กซิโก,1C,ทวีปอเมริกาเหนือ,507448115.0,0.0
2023-10,2023,10,4,304,JP,ญี่ปุ่น,1A,ทวีปเอเชีย,572794989.0,0.0
2023-10,2023,10,4,323,IT,อิตาลี,1B,ทวีปยุโรป,593129973.0,0.0
2023-10,2023,10,4,302,CN,จีน,1A,ทวีปเอเชีย,580805593.0,0.0
2023-10,2023,10,4,309,TW,ไต้หวัน,1A,ทวีปเอเชีย,644418937.0,0.0
2023-10,2023,10,4,303,HK,ฮ่องกง,1A,ทวีปเอเชีย,295733300.0,0.0
2023-10,2023,10,4,271,MY,มาเลเซีย,1A,ทวีปเอเชีย,230263748.0,0.0
2023-10,2023,10,4,315,DE,เยอรมนี,1B,ทวีปยุโรป,187941539.0,0.0
2023-10,2023,10,4,273,SG,สิงคโปร์,1A,ทวีปเอเชีย,316116064.0,0.0
2023-10,2023,10,4,336,CZ,สาธารณรัฐเช็ก,1B,ทวีปยุโรป,301796485.0,0.0
2023-10,2023,10,4,279,IN,อินเดีย,1A,ทวีปเอเชีย,219918012.0,0.0
2023-10,2023,10,4,320,GB,สหราชอาณาจักร,1B,ทวีปยุโรป,143210808.0,0.0
2023-10,2023,10,4,371,CA,แคนาดา,1C,ทวีปอเมริกาเหนือ,379137.0,0.0
2023-10,2023,10,4,339,HU,ฮังการี,1B,ทวีปยุโรป,34066334.0,0.0
2023-10,2023,10,4,274,VN,เวียดนาม,1A,ทวีปเอเชีย,57491710.0,0.0
2023-10,2023,10,4,272,PH,ฟิลิปปินส์,1A,ทวีปเอเชีย,43678161.0,0.0
2023-10,2023,10,4,319,FR,ฝรั่งเศส,1B,ทวีปยุโรป,26547721.0,0.0
2023-10,2023,10,4,347,SK,สโลวาเกีย,1B,ทวีปยุโรป,34355079.0,0.0
2023-10,2023,10,4,483,AU,ออสเตรเลีย,1F,ทวีปออสเตรเลีย,36884007.0,0.0
2023-10,2023,10,4,306,KR,เกาหลีใต้,1A,ทวีปเอเชีย,32325183.0,0.0
2023-10,2023,10,4,269,LA,สปป. ลาว,1A,ทวีปเอเชีย,38661955.0,0.0
2023-10,2023,10,4,268,KH,กัมพูชา,1A,ทวีปเอเชีย,36308606.0,0.0
2023-10,2023,10,4,316,DK,เดนมาร์ก,1B,ทวีปยุโรป,20115309.0,0.0
2023-10,2023,10,4,289,IQ,อิรัก,1A,ทวีปเอเชีย,0.0,0.0
2023-10,2023,10,4,267,ID,อินโดนีเซีย,1A,ทวีปเอเชีย,142736831.0,0.0
2023-10,2023,10,4,317,ES,สเปน,1B,ทวีปยุโรป,15816412.0,0.0
2023-10,2023,10,4,344,RO,โรมาเนีย,1B,ทวีปยุโรป,11475799.0,0.0
2023-10,2023,10,4,343,PL,โปแลนด์,1B,ทวีปยุโรป,46233474.0,0.0
2023-10,2023,10,4,288,IL,อิสราเอล,1A,ทวีปเอเชีย,13602231.0,0.0
2023-10,2023,10,4,270,MM,เมียนมา,1A,ทวีปเอเชีย,11473152.0,0.0
2023-10,2023,10,4,312,AT,ออสเตรีย,1B,ทวีปยุโรป,19757927.0,0.0
2023-10,2023,10,4,298,TR,ตุรกี,1A,ทวีปเอเชีย,17427685.0,0.0
2023-10,2023,10,4,327,SE,สวีเดน,1B,ทวีปยุโรป,11768414.0,0.0
2023-10,2023,10,4,409,BR,บราซิล,1D,ทวีปอเมริกาใต้,7959123.0,0.0
2023-10,2023,10,4,266,BN,บรูไน,1A,ทวีปเอเชีย,41983629.0,0.0
2023-10,2023,10,4,397,PA,ปานามา,1C,ทวีปอเมริกาเหนือ,0.0,0.0
2023-10,2023,10,4,478,ZA,แอฟริกาใต้,1E,ทวีปแอฟริกา,14708780.0,0.0
2023-10,2023,10,4,318,FI,ฟินแลนด์,1B,ทวีปยุโรป,8290304.0,0.0
2023-10,2023,10,4,357,EE,เอสโตเนีย,1B,ทวีปยุโรป,3272991.0,0.0
2023-10,2023,10,4,322,IE,ไอร์แลนด์,1B,ทวีปยุโรป,608819.0,0.0
2023-10,2023,10,4,345,RU,รัสเซีย,1B,ทวีปยุโรป,182564.0,0.0
2023-10,2023,10,4,431,CI,โกตดิวัวร์,1E,ทวีปแอฟริกา,2966.0,0.0
2023-10,2023,10,4,407,AR,อาร์เจนตินา,1D,ทวีปอเมริกาใต้,2059367.0,0.0
2023-10,2023,10,4,437,EG,อียิปต์,1E,ทวีปแอฟริกา,1035345.0,0.0
2023-10,2023,10,4,356,CH,สวิตเซอร์แลนด์,1B,ทวีปยุโรป,2892321.0,0.0
2023-10,2023,10,4,313,BE,เบลเยียม,1B,ทวีปยุโรป,3956349.0,0.0
2023-10,2023,10,4,456,MU,มอริเชียส,1E,ทวีปแอฟริกา,253.0,0.0
2023-10,2023,10,4,479,ZM,แซมเบีย,1E,ทวีปแอฟริกา,0.0,0.0
2023-10,2023,10,4,280,LK,ศรีลังกา,1A,ทวีปเอเชีย,139.0,0.0
2023-10,2023,10,4,283,PK,ปากีสถาน,1A,ทวีปเอเชีย,379713.0,0.0
2023-10,2023,10,4,366,NO,นอร์เวย์,1B,ทวีปยุโรป,673568.0,0.0
2023-10,2023,10,4,469,SN,เซเนกัล,1E,ทวีปแอฟริกา,0.0,0.0
2023-10,2023,10,4,506,WS,ซามัวตะวันตก,1F,ทวีปออสเตรเลีย,0.0,0.0
2023-10,2023,10,4,497,NZ,นิวซีแลนด์,1F,ทวีปออสเตรเลีย,234992.0,0.0
2023-10,2023,10,4,281,MV,มัลดีฟส์,1A,ทวีปเอเชีย,3820399.0,0.0
2023-10,2023,10,4,398,PR,เปอร์โตริโก,1C,ทวีปอเมริกาเหนือ,0.0,0.0
2023-10,2023,10,4,285,AE,สหรัฐอาหรับเอมิเรตส์,1A,ทวีปเอเชีย,879036.0,0.0
2023-10,2023,10,4,277,BD,บังกลาเทศ,1A,ทวีปเอเชีย,496885.0,0.0
2023-10,2023,10,4,290,IR,อิหร่าน,1A,ทวีปเอเชีย,153277.0,0.0
2023-10,2023,10,4,346,SI,สโลวีเนีย,1B,ทวีปยุโรป,1432799.0,0.0
2023-10,2023,10,4,452,MA,โมร็อกโก,1E,ทวีปแอฟริกา,6785587.0,0.0
2023-10,2023,10,4,476,TZ,แทนซาเนีย,1E,ทวีปแอฟริกา,139.0,0.0
2023-10,2023,10,4,326,PT,โปรตุเกส,1B,ทวีปยุโรป,1527755.0,0.0
2023-10,2023,10,4,438,ET,เอธิโอเปีย,1E,ทวีปแอฟริกา,0.0,0.0
2023-10,2023,10,4,333,BG,บัลแกเรีย,1B,ทวีปยุโรป,0.0,0.0
2023-10,2023,10,4,295,QA,กาตาร์,1A,ทวีปเอเชีย,107.0,0.0
2023-10,2023,10,4,447,KE,เคนยา,1E,ทวีปแอฟริกา,3249727.0,0.0
2023-10,2023,10,4,461,NG,ไนจีเรีย,1E,ทวีปแอฟริกา,553089.0,0.0
2023-10,2023,10,4,384,DO,สาธารณรัฐโดมินิกัน,1C,ทวีปอเมริกาเหนือ,2799490.0,0.0
2023-10,2023,10,4,443,GN,กินี,1E,ทวีปแอฟริกา,0.0,0.0
2023-10,2023,10,4,475,TN,ตูนิเซีย,1E,ทวีปแอฟริกา,0.0,0.0
2023-10,2023,10,4,411,CO,โคลอมเบีย,1D,ทวีปอเมริกาใต้,79573.0,0.0
2023-10,2023,10,4,337,GE,จอร์เจีย,1A,ทวีปเอเชีย,2789.0,0.0
2023-10,2023,10,4,499,PG,ปาปัวนิวกินี,1F,ทวีปออสเตรเลีย,17925.0,0.0
2023-10,2023,10,4,383,DM,โดมินิกา,1C,ทวีปอเมริกาเหนือ,0.0,0.0
2023-10,2023,10,4,296,SA,ซาอุดีอาระเบีย,1A,ทวีปเอเชีย,240241.0,0.0
2023-10,2023,10,4,389,HN,ฮอนดูรัส,1C,ทวีปอเมริกาเหนือ,0.0,0.0
2023-10,2023,10,4,293,LB,เลบานอน,1A,ทวีปเอเชีย,0.0,0.0
2023-10,2023,10,4,486,FJ,ฟิจิ,1F,ทวีปออสเตรเลีย,41140.0,0.0
2023-10,2023,10,4,331,AM,อาร์เมเนีย,1A,ทวีปเอเชีย,0.0,0.0
2023-10,2023,10,4,291,JO,จอร์แดน,1A,ทวีปเอเชีย,0.0,0.0
2023-10,2023,10,4,308,MO,มาเก๊า,1A,ทวีปเอเชีย,175253.0,0.0
2023-10,2023,10,4,292,KW,คูเวต,1A,ทวีปเอเชีย,825.0,0.0
2023-10,2023,10,4,410,CL,ชิลี,1D,ทวีปอเมริกาใต้,1100.0,0.0
2023-10,2023,10,4,278,BT,ภูฎาน,1A,ทวีปเอเชีย,34470.0,0.0
2023-10,2023,10,4,412,EC,เอกวาดอร์,1D,ทวีปอเมริกาใต้,5239.0,0.0
2023-10,2023,10,4,458,MZ,โมซัมบิก,1E,ทวีปแอฟริกา,0.0,0.0
2023-10,2023,10,4,441,GH,กานา,1E,ทวีปแอฟริกา,0.0,0.0
2023-10,2023,10,4,321,GR,กรีซ,1B,ทวีปยุโรป,0.0,0.0
2023-10,2023,10,4,419,PY,ปารากวัย,1D,ทวีปอเมริกาใต้,0.0,0.0
2023-10,2023,10,4,307,MN,มองโกเลีย,1A,ทวีปเอเชีย,0.0,0.0
2023-10,2023,10,4,404,VI,หมู่เกาะเวอร์จิน(สหรัฐ),1C,ทวีปอเมริกาเหนือ,0.0,0.0
2023-10,2023,10,4,338,HR,โครเอเชีย,1B,ทวีปยุโรป,0.0,0.0
2023-10,2023,10,4,381,CR,คอสตาริกา,1C,ทวีปอเมริกาเหนือ,1911.0,0.0
2023-10,2023,10,4,363,LV,ลัตเวีย,1B,ทวีปยุโรป,1692.0,0.0
2023-10,2023,10,4,417,PE,เปรู,1D,ทวีปอเมริกาใต้,9417.0,0.0
2023-10,2023,10,4,362,LT,ลิทัวเนีย,1B,ทวีปยุโรป,4046.0,0.0
2023-10,2023,10,4,294,OM,โอมาน,1A,ทวีปเอเชีย,0.0,0.0
2023-10,2023,10,4,420,SR,ซูรินาเม,1D,ทวีปอเมริกาใต้,10705.0,0.0
2023-10,2023,10,4,334,BY,เบลารุส,1B,ทวีปยุโรป,0.0,0.0
2023-10,2023,10,4,493,NC,นิวแคลีโดเนีย,1F,ทวีปออสเตรเลีย,18483.0,0.0
2023-10,2023,10,4,364,MC,โมนาโก,1B,ทวีปยุโรป,0.0,0.0
2023-10,2023,10,4,498,PF,เฟรนช์โปลีนีเซีย,1F,ทวีปออสเตรเลีย,0.0,0.0
2023-10,2023,10,4,505,VU,วานูอาตู,1F,ทวีปออสเตรเลีย,0.0,0.0
2023-10,2023,10,4,463,RE,เรอูนียง,1E,ทวีปแอฟริกา,0.0,0.0
2023-10,2023,10,4,378,BM,เบอร์มิวดา,1C,ทวีปอเมริกาเหนือ,3363.0,0.0
2023-10,2023,10,4,449,LR,ไลบีเรีย,1E,ทวีปแอฟริกา,0.0,0.0
2023-10,2023,10,4,351,UA,ยูเครน,1B,ทวีปยุโรป,0.0,0.0
2023-10,2023,10,4,484,CK,หมู่เกาะดุก,1F,ทวีปออสเตรเลีย,0.0,0.0
2023-10,2023,10,4,341,KZ,คาซัคสถาน,1A,ทวีปเอเชีย,1428.0,0.0
2023-10,2023,10,4,492,MP,เกาะมาเรียนาเหนือ,1F,ทวีปออสเตรเลีย,0.0,0.0
2023-10,2023,10,4,282,NP,เนปาล,1A,ทวีปเอเชีย,0.0,0.0
2023-10,2023,10,4,377,BB,บาร์เบโดส,1C,ทวีปอเมริกาเหนือ,0.0,0.0
2023-10,2023,10,4,401,TT,ตรินิแดดและโตเบโก,1C,ทวีปอเมริกาเหนือ,0.0,0.0
2023-10,2023,10,4,287,CY,ไซปรัส,1A,ทวีปเอเชีย,0.0,0.0
2023-10,2023,10,4,286,BH,บาห์เรน,1A,ทวีปเอเชีย,2708.0,0.0
2023-10,2023,10,4,597,CW,CURACAO,1G,ประเทศอื่น,0.0,0.0
2023-10,2023,10,4,394,LC,เซนต์ลูเซีย,1C,ทวีปอเมริกาเหนือ,0.0,0.0
2023-10,2023,10,4,388,GT,กัวเตมาลา,1C,ทวีปอเมริกาเหนือ,0.0,0.0
2023-10,2023,10,4,527,MK,มาซิโดเนีย,1B,ทวีปยุโรป,0.0,0.0
2023-10,2023,10,4,451,LY,ลิเบีย,1E,ทวีปแอฟริกา,0.0,0.0
2023-10,2023,10,4,360,IS,ไอซ์แลนด์,1B,ทวีปยุโรป,0.0,0.0
2023-10,2023,10,4,453,MG,มาดากัสการ์,1E,ทวีปแอฟริกา,139.0,0.0
2023-10,2023,10,4,379,BS,บาฮามาส,1C,ทวีปอเมริกาเหนือ,0.0,0.0
2023-10,2023,10,4,300,YE,เยเมน,1A,ทวีปเอเชีย,0.0,0.0
2023-10,2023,10,4,436,DZ,แอลจีเรีย,1E,ทวีปแอฟริกา,0.0,0.0
2023-11,2023,11,4,373,US,สหรัฐอเมริกา,1C,ทวีปอเมริกาเหนือ,6335292897.0,0.0
2023-11,2023,11,4,325,NL,เนเธอร์แลนด์,1B,ทวีปยุโรป,2151077774.0,0.0
2023-11,2023,11,4,372,MX,เม็กซิโก,1C,ทวีปอเมริกาเหนือ,331320832.0,0.0
2023-11,2023,11,4,304,JP,ญี่ปุ่น,1A,ทวีปเอเชีย,585793847.0,0.0
2023-11,2023,11,4,323,IT,อิตาลี,1B,ทวีปยุโรป,418417166.0,0.0
2023-11,2023,11,4,302,CN,จีน,1A,ทวีปเอเชีย,520922921.0,0.0
2023-11,2023,11,4,309,TW,ไต้หวัน,1A,ทวีปเอเชีย,659003396.0,0.0
2023-11,2023,11,4,303,HK,ฮ่องกง,1A,ทวีปเอเชีย,268011321.0,0.0
2023-11,2023,11,4,271,MY,มาเลเซีย,1A,ทวีปเอเชีย,354977668.0,0.0
2023-11,2023,11,4,315,DE,เยอรมนี,1B,ทวีปยุโรป,172374022.0,0.0
2023-11,2023,11,4,273,SG,สิงคโปร์,1A,ทวีปเอเชีย,108273292.0,0.0
2023-11,2023,11,4,336,CZ,สาธารณรัฐเช็ก,1B,ทวีปยุโรป,331407368.0,0.0
2023-11,2023,11,4,279,IN,อินเดีย,1A,ทวีปเอเชีย,157631843.0,0.0
2023-11,2023,11,4,320,GB,สหราชอาณาจักร,1B,ทวีปยุโรป,210867019.0,0.0
2023-11,2023,11,4,371,CA,แคนาดา,1C,ทวีปอเมริกาเหนือ,61087200.0,0.0
2023-11,2023,11,4,339,HU,ฮังการี,1B,ทวีปยุโรป,23083625.0,0.0
2023-11,2023,11,4,274,VN,เวียดนาม,1A,ทวีปเอเชีย,73877407.0,0.0
2023-11,2023,11,4,272,PH,ฟิลิปปินส์,1A,ทวีปเอเชีย,240394281.0,0.0
2023-11,2023,11,4,347,SK,สโลวาเกีย,1B,ทวีปยุโรป,50773702.0,0.0
2023-11,2023,11,4,319,FR,ฝรั่งเศส,1B,ทวีปยุโรป,29328714.0,0.0
2023-11,2023,11,4,483,AU,ออสเตรเลีย,1F,ทวีปออสเตรเลีย,8994075.0,0.0
2023-11,2023,11,4,306,KR,เกาหลีใต้,1A,ทวีปเอเชีย,36727656.0,0.0
2023-11,2023,11,4,268,KH,กัมพูชา,1A,ทวีปเอเชีย,52276683.0,0.0
2023-11,2023,11,4,269,LA,สปป. ลาว,1A,ทวีปเอเชีย,33612914.0,0.0
2023-11,2023,11,4,267,ID,อินโดนีเซีย,1A,ทวีปเอเชีย,45314731.0,0.0
2023-11,2023,11,4,316,DK,เดนมาร์ก,1B,ทวีปยุโรป,25272137.0,0.0
2023-11,2023,11,4,289,IQ,อิรัก,1A,ทวีปเอเชีย,0.0,0.0
2023-11,2023,11,4,317,ES,สเปน,1B,ทวีปยุโรป,26290685.0,0.0
2023-11,2023,11,4,343,PL,โปแลนด์,1B,ทวีปยุโรป,33893281.0,0.0
2023-11,2023,11,4,344,RO,โรมาเนีย,1B,ทวีปยุโรป,20451358.0,0.0
2023-11,2023,11,4,288,IL,อิสราเอล,1A,ทวีปเอเชีย,59860178.0,0.0
2023-11,2023,11,4,270,MM,เมียนมา,1A,ทวีปเอเชีย,12797268.0,0.0
2023-11,2023,11,4,298,TR,ตุรกี,1A,ทวีปเอเชีย,11353871.0,0.0
2023-11,2023,11,4,312,AT,ออสเตรีย,1B,ทวีปยุโรป,1518598.0,0.0
2023-11,2023,11,4,327,SE,สวีเดน,1B,ทวีปยุโรป,9482075.0,0.0
2023-11,2023,11,4,409,BR,บราซิล,1D,ทวีปอเมริกาใต้,6080165.0,0.0
2023-11,2023,11,4,397,PA,ปานามา,1C,ทวีปอเมริกาเหนือ,6990319.0,0.0
2023-11,2023,11,4,266,BN,บรูไน,1A,ทวีปเอเชีย,168857.0,0.0
2023-11,2023,11,4,318,FI,ฟินแลนด์,1B,ทวีปยุโรป,13146245.0,0.0
2023-11,2023,11,4,478,ZA,แอฟริกาใต้,1E,ทวีปแอฟริกา,232013.0,0.0
2023-11,2023,11,4,357,EE,เอสโตเนีย,1B,ทวีปยุโรป,716703.0,0.0
2023-11,2023,11,4,345,RU,รัสเซีย,1B,ทวีปยุโรป,2914534.0,0.0
2023-11,2023,11,4,322,IE,ไอร์แลนด์,1B,ทวีปยุโรป,407920.0,0.0
2023-11,2023,11,4,431,CI,โกตดิวัวร์,1E,ทวีปแอฟริกา,1422119.0,0.0
2023-11,2023,11,4,313,BE,เบลเยียม,1B,ทวีปยุโรป,11700480.0,0.0
2023-11,2023,11,4,437,EG,อียิปต์,1E,ทวีปแอฟริกา,2375636.0,0.0
2023-11,2023,11,4,407,AR,อาร์เจนตินา,1D,ทวีปอเมริกาใต้,1217409.0,0.0
2023-11,2023,11,4,356,CH,สวิตเซอร์แลนด์,1B,ทวีปยุโรป,2541901.0,0.0
2023-11,2023,11,4,456,MU,มอริเชียส,1E,ทวีปแอฟริกา,0.0,0.0
2023-11,2023,11,4,479,ZM,แซมเบีย,1E,ทวีปแอฟริกา,0.0,0.0
2023-11,2023,11,4,366,NO,นอร์เวย์,1B,ทวีปยุโรป,1863076.0,0.0
2023-11,2023,11,4,283,PK,ปากีสถาน,1A,ทวีปเอเชีย,1563073.0,0.0
2023-11,2023,11,4,280,LK,ศรีลังกา,1A,ทวีปเอเชีย,441663.0,0.0
2023-11,2023,11,4,469,SN,เซเนกัล,1E,ทวีปแอฟริกา,0.0,0.0
2023-11,2023,11,4,285,AE,สหรัฐอาหรับเอมิเรตส์,1A,ทวีปเอเชีย,5005946.0,0.0
2023-11,2023,11,4,497,NZ,นิวซีแลนด์,1F,ทวีปออสเตรเลีย,475915.0,0.0
2023-11,2023,11,4,506,WS,ซามัวตะวันตก,1F,ทวีปออสเตรเลีย,0.0,0.0
2023-11,2023,11,4,281,MV,มัลดีฟส์,1A,ทวีปเอเชีย,39957.0,0.0
2023-11,2023,11,4,398,PR,เปอร์โตริโก,1C,ทวีปอเมริกาเหนือ,0.0,0.0
2023-11,2023,11,4,277,BD,บังกลาเทศ,1A,ทวีปเอเชีย,171091.0,0.0
2023-11,2023,11,4,290,IR,อิหร่าน,1A,ทวีปเอเชีย,157188.0,0.0
2023-11,2023,11,4,346,SI,สโลวีเนีย,1B,ทวีปยุโรป,22956.0,0.0
2023-11,2023,11,4,452,MA,โมร็อกโก,1E,ทวีปแอฟริกา,0.0,0.0
2023-11,2023,11,4,326,PT,โปรตุเกส,1B,ทวีปยุโรป,514345.0,0.0
2023-11,2023,11,4,476,TZ,แทนซาเนีย,1E,ทวีปแอฟริกา,0.0,0.0
2023-11,2023,11,4,438,ET,เอธิโอเปีย,1E,ทวีปแอฟริกา,0.0,0.0
2023-11,2023,11,4,333,BG,บัลแกเรีย,1B,ทวีปยุโรป,0.0,0.0
2023-11,2023,11,4,295,QA,กาตาร์,1A,ทวีปเอเชีย,1228.0,0.0
2023-11,2023,11,4,447,KE,เคนยา,1E,ทวีปแอฟริกา,141.0,0.0
2023-11,2023,11,4,461,NG,ไนจีเรีย,1E,ทวีปแอฟริกา,0.0,0.0
2023-11,2023,11,4,384,DO,สาธารณรัฐโดมินิกัน,1C,ทวีปอเมริกาเหนือ,0.0,0.0
2023-11,2023,11,4,499,PG,ปาปัวนิวกินี,1F,ทวีปออสเตรเลีย,1241233.0,0.0
2023-11,2023,11,4,296,SA,ซาอุดีอาระเบีย,1A,ทวีปเอเชีย,1019690.0,0.0
2023-11,2023,11,4,443,GN,กินี,1E,ทวีปแอฟริกา,0.0,0.0
2023-11,2023,11,4,475,TN,ตูนิเซีย,1E,ทวีปแอฟริกา,141.0,0.0
2023-11,2023,11,4,411,CO,โคลอมเบีย,1D,ทวีปอเมริกาใต้,0.0,0.0
2023-11,2023,11,4,337,GE,จอร์เจีย,1A,ทวีปเอเชีย,0.0,0.0
2023-11,2023,11,4,432,CM,แคเมอรูน,1E,ทวีปแอฟริกา,984655.0,0.0
2023-11,2023,11,4,383,DM,โดมินิกา,1C,ทวีปอเมริกาเหนือ,0.0,0.0
2023-11,2023,11,4,441,GH,กานา,1E,ทวีปแอฟริกา,506584.0,0.0
2023-11,2023,11,4,389,HN,ฮอนดูรัส,1C,ทวีปอเมริกาเหนือ,7729.0,0.0
2023-11,2023,11,4,293,LB,เลบานอน,1A,ทวีปเอเชีย,0.0,0.0
2023-11,2023,11,4,486,FJ,ฟิจิ,1F,ทวีปออสเตรเลีย,0.0,0.0
2023-11,2023,11,4,331,AM,อาร์เมเนีย,1A,ทวีปเอเชีย,0.0,0.0
2023-11,2023,11,4,291,JO,จอร์แดน,1A,ทวีปเอเชีย,141.0,0.0
2023-11,2023,11,4,308,MO,มาเก๊า,1A,ทวีปเอเชีย,0.0,0.0
2023-11,2023,11,4,292,KW,คูเวต,1A,ทวีปเอเชีย,6975.0,0.0
2023-11,2023,11,4,410,CL,ชิลี,1D,ทวีปอเมริกาใต้,1341.0,0.0
2023-11,2023,11,4,278,BT,ภูฎาน,1A,ทวีปเอเชีย,18743.0,0.0
2023-11,2023,11,4,412,EC,เอกวาดอร์,1D,ทวีปอเมริกาใต้,0.0,0.0
2023-11,2023,11,4,458,MZ,โมซัมบิก,1E,ทวีปแอฟริกา,0.0,0.0
2023-11,2023,11,4,321,GR,กรีซ,1B,ทวีปยุโรป,32052.0,0.0
2023-11,2023,11,4,300,YE,เยเมน,1A,ทวีปเอเชีย,119547.0,0.0
2023-11,2023,11,4,419,PY,ปารากวัย,1D,ทวีปอเมริกาใต้,0.0,0.0
2023-11,2023,11,4,307,MN,มองโกเลีย,1A,ทวีปเอเชีย,0.0,0.0
2023-11,2023,11,4,404,VI,หมู่เกาะเวอร์จิน(สหรัฐ),1C,ทวีปอเมริกาเหนือ,0.0,0.0
2023-11,2023,11,4,338,HR,โครเอเชีย,1B,ทวีปยุโรป,0.0,0.0
2023-11,2023,11,4,381,CR,คอสตาริกา,1C,ทวีปอเมริกาเหนือ,0.0,0.0
2023-11,2023,11,4,468,SL,เซียร์ราลีโอน,1E,ทวีปแอฟริกา,45719.0,0.0
2023-11,2023,11,4,363,LV,ลัตเวีย,1B,ทวีปยุโรป,0.0,0.0
2023-11,2023,11,4,417,PE,เปรู,1D,ทวีปอเมริกาใต้,0.0,0.0
2023-11,2023,11,4,362,LT,ลิทัวเนีย,1B,ทวีปยุโรป,0.0,0.0
2023-11,2023,11,4,294,OM,โอมาน,1A,ทวีปเอเชีย,3252.0,0.0
2023-11,2023,11,4,420,SR,ซูรินาเม,1D,ทวีปอเมริกาใต้,0.0,0.0
2023-11,2023,11,4,493,NC,นิวแคลีโดเนีย,1F,ทวีปออสเตรเลีย,4216.0,0.0
2023-11,2023,11,4,334,BY,เบลารุส,1B,ทวีปยุโรป,0.0,0.0
2023-11,2023,11,4,364,MC,โมนาโก,1B,ทวีปยุโรป,0.0,0.0
2023-11,2023,11,4,498,PF,เฟรนช์โปลีนีเซีย,1F,ทวีปออสเตรเลีย,0.0,0.0
2023-11,2023,11,4,378,BM,เบอร์มิวดา,1C,ทวีปอเมริกาเหนือ,3703.0,0.0
2023-11,2023,11,4,505,VU,วานูอาตู,1F,ทวีปออสเตรเลีย,0.0,0.0
2023-11,2023,11,4,463,RE,เรอูนียง,1E,ทวีปแอฟริกา,141.0,0.0
2023-11,2023,11,4,286,BH,บาห์เรน,1A,ทวีปเอเชีย,6756.0,0.0
2023-11,2023,11,4,449,LR,ไลบีเรีย,1E,ทวีปแอฟริกา,0.0,0.0
2023-11,2023,11,4,341,KZ,คาซัคสถาน,1A,ทวีปเอเชีย,1083.0,0.0
2023-11,2023,11,4,351,UA,ยูเครน,1B,ทวีปยุโรป,0.0,0.0
2023-11,2023,11,4,484,CK,หมู่เกาะดุก,1F,ทวีปออสเตรเลีย,0.0,0.0
2023-11,2023,11,4,492,MP,เกาะมาเรียนาเหนือ,1F,ทวีปออสเตรเลีย,0.0,0.0
2023-11,2023,11,4,282,NP,เนปาล,1A,ทวีปเอเชีย,0.0,0.0
2023-11,2023,11,4,377,BB,บาร์เบโดส,1C,ทวีปอเมริกาเหนือ,0.0,0.0
2023-11,2023,11,4,401,TT,ตรินิแดดและโตเบโก,1C,ทวีปอเมริกาเหนือ,0.0,0.0
2023-11,2023,11,4,287,CY,ไซปรัส,1A,ทวีปเอเชีย,0.0,0.0
2023-11,2023,11,4,597,CW,CURACAO,1G,ประเทศอื่น,0.0,0.0
2023-11,2023,11,4,394,LC,เซนต์ลูเซีย,1C,ทวีปอเมริกาเหนือ,0.0,0.0
2023-11,2023,11,4,388,GT,กัวเตมาลา,1C,ทวีปอเมริกาเหนือ,0.0,0.0
2023-11,2023,11,4,527,MK,มาซิโดเนีย,1B,ทวีปยุโรป,0.0,0.0
2023-11,2023,11,4,451,LY,ลิเบีย,1E,ทวีปแอฟริกา,0.0,0.0
2023-11,2023,11,4,360,IS,ไอซ์แลนด์,1B,ทวีปยุโรป,0.0,0.0
2023-11,2023,11,4,453,MG,มาดากัสการ์,1E,ทวีปแอฟริกา,0.0,0.0
2023-11,2023,11,4,379,BS,บาฮามาส,1C,ทวีปอเมริกาเหนือ,0.0,0.0
2023-11,2023,11,4,436,DZ,แอลจีเรีย,1E,ทวีปแอฟริกา,0.0,0.0
2023-12,2023,12,4,373,US,สหรัฐอเมริกา,1C,ทวีปอเมริกาเหนือ,4668388768.0,0.0
2023-12,2023,12,4,325,NL,เนเธอร์แลนด์,1B,ทวีปยุโรป,1555013821.0,0.0
2023-12,2023,12,4,372,MX,เม็กซิโก,1C,ทวีปอเมริกาเหนือ,514521022.0,0.0
2023-12,2023,12,4,304,JP,ญี่ปุ่น,1A,ทวีปเอเชีย,491664311.0,0.0
2023-12,2023,12,4,323,IT,อิตาลี,1B,ทวีปยุโรป,586176313.0,0.0
2023-12,2023,12,4,302,CN,จีน,1A,ทวีปเอเชีย,691405332.0,0.0
2023-12,2023,12,4,309,TW,ไต้หวัน,1A,ทวีปเอเชีย,770256881.0,0.0
2023-12,2023,12,4,271,MY,มาเลเซีย,1A,ทวีปเอเชีย,524383620.0,0.0
2023-12,2023,12,4,303,HK,ฮ่องกง,1A,ทวีปเอเชีย,215144245.0,0.0
2023-12,2023,12,4,315,DE,เยอรมนี,1B,ทวีปยุโรป,196962705.0,0.0
2023-12,2023,12,4,273,SG,สิงคโปร์,1A,ทวีปเอเชีย,250057414.0,0.0
2023-12,2023,12,4,336,CZ,สาธารณรัฐเช็ก,1B,ทวีปยุโรป,267851083.0,0.0
2023-12,2023,12,4,279,IN,อินเดีย,1A,ทวีปเอเชีย,131258644.0,0.0
2023-12,2023,12,4,320,GB,สหราชอาณาจักร,1B,ทวีปยุโรป,253864796.0,0.0
2023-12,2023,12,4,371,CA,แคนาดา,1C,ทวีปอเมริกาเหนือ,59542662.0,0.0
2023-12,2023,12,4,339,HU,ฮังการี,1B,ทวีปยุโรป,34009799.0,0.0
2023-12,2023,12,4,274,VN,เวียดนาม,1A,ทวีปเอเชีย,55265465.0,0.0
2023-12,2023,12,4,272,PH,ฟิลิปปินส์,1A,ทวีปเอเชีย,26227214.0,0.0
2023-12,2023,12,4,347,SK,สโลวาเกีย,1B,ทวีปยุโรป,32376911.0,0.0
2023-12,2023,12,4,319,FR,ฝรั่งเศส,1B,ทวีปยุโรป,11596892.0,0.0
2023-12,2023,12,4,306,KR,เกาหลีใต้,1A,ทวีปเอเชีย,39346307.0,0.0
2023-12,2023,12,4,483,AU,ออสเตรเลีย,1F,ทวีปออสเตรเลีย,26081676.0,0.0
2023-12,2023,12,4,268,KH,กัมพูชา,1A,ทวีปเอเชีย,53868028.0,0.0
2023-12,2023,12,4,269,LA,สปป. ลาว,1A,ทวีปเอเชีย,27208556.0,0.0
2023-12,2023,12,4,267,ID,อินโดนีเซีย,1A,ทวีปเอเชีย,41996898.0,0.0
2023-12,2023,12,4,316,DK,เดนมาร์ก,1B,ทวีปยุโรป,19211231.0,0.0
2023-12,2023,12,4,317,ES,สเปน,1B,ทวีปยุโรป,40092840.0,0.0
2023-12,2023,12,4,343,PL,โปแลนด์,1B,ทวีปยุโรป,38129858.0,0.0
2023-12,2023,12,4,344,RO,โรมาเนีย,1B,ทวีปยุโรป,32864313.0,0.0
2023-12,2023,12,4,289,IQ,อิรัก,1A,ทวีปเอเชีย,0.0,0.0
2023-12,2023,12,4,288,IL,อิสราเอล,1A,ทวีปเอเชีย,14704266.0,0.0
2023-12,2023,12,4,270,MM,เมียนมา,1A,ทวีปเอเชีย,11728428.0,0.0
2023-12,2023,12,4,298,TR,ตุรกี,1A,ทวีปเอเชีย,14138827.0,0.0
2023-12,2023,12,4,327,SE,สวีเดน,1B,ทวีปยุโรป,19946619.0,0.0
2023-12,2023,12,4,312,AT,ออสเตรีย,1B,ทวีปยุโรป,10135892.0,0.0
2023-12,2023,12,4,409,BR,บราซิล,1D,ทวีปอเมริกาใต้,9051429.0,0.0
2023-12,2023,12,4,478,ZA,แอฟริกาใต้,1E,ทวีปแอฟริกา,13791487.0,0.0
2023-12,2023,12,4,397,PA,ปานามา,1C,ทวีปอเมริกาเหนือ,6158.0,0.0
2023-12,2023,12,4,318,FI,ฟินแลนด์,1B,ทวีปยุโรป,4517105.0,0.0
2023-12,2023,12,4,266,BN,บรูไน,1A,ทวีปเอเชีย,0.0,0.0
2023-12,2023,12,4,357,EE,เอสโตเนีย,1B,ทวีปยุโรป,1825977.0,0.0
2023-12,2023,12,4,345,RU,รัสเซีย,1B,ทวีปยุโรป,487000.0,0.0
2023-12,2023,12,4,313,BE,เบลเยียม,1B,ทวีปยุโรป,5507377.0,0.0
2023-12,2023,12,4,322,IE,ไอร์แลนด์,1B,ทวีปยุโรป,120795.0,0.0
2023-12,2023,12,4,431,CI,โกตดิวัวร์,1E,ทวีปแอฟริกา,0.0,0.0
2023-12,2023,12,4,437,EG,อียิปต์,1E,ทวีปแอฟริกา,3518482.0,0.0
2023-12,2023,12,4,407,AR,อาร์เจนตินา,1D,ทวีปอเมริกาใต้,2010406.0,0.0
2023-12,2023,12,4,356,CH,สวิตเซอร์แลนด์,1B,ทวีปยุโรป,908927.0,0.0
2023-12,2023,12,4,456,MU,มอริเชียส,1E,ทวีปแอฟริกา,0.0,0.0
2023-12,2023,12,4,479,ZM,แซมเบีย,1E,ทวีปแอฟริกา,0.0,0.0
2023-12,2023,12,4,366,NO,นอร์เวย์,1B,ทวีปยุโรป,732242.0,0.0
2023-12,2023,12,4,283,PK,ปากีสถาน,1A,ทวีปเอเชีย,909977.0,0.0
2023-12,2023,12,4,280,LK,ศรีลังกา,1A,ทวีปเอเชีย,1274398.0,0.0
2023-12,2023,12,4,285,AE,สหรัฐอาหรับเอมิเรตส์,1A,ทวีปเอเชีย,1047646.0,0.0
2023-12,2023,12,4,469,SN,เซเนกัล,1E,ทวีปแอฟริกา,0.0,0.0
2023-12,2023,12,4,497,NZ,นิวซีแลนด์,1F,ทวีปออสเตรเลีย,229042.0,0.0
2023-12,2023,12,4,281,MV,มัลดีฟส์,1A,ทวีปเอเชีย,362117.0,0.0
2023-12,2023,12,4,506,WS,ซามัวตะวันตก,1F,ทวีปออสเตรเลีย,0.0,0.0
2023-12,2023,12,4,398,PR,เปอร์โตริโก,1C,ทวีปอเมริกาเหนือ,0.0,0.0
2023-12,2023,12,4,277,BD,บังกลาเทศ,1A,ทวีปเอเชีย,323319.0,0.0
2023-12,2023,12,4,461,NG,ไนจีเรีย,1E,ทวีปแอฟริกา,7409319.0,0.0
2023-12,2023,12,4,290,IR,อิหร่าน,1A,ทวีปเอเชีย,130219.0,0.0
2023-12,2023,12,4,346,SI,สโลวีเนีย,1B,ทวีปยุโรป,275673.0,0.0
2023-12,2023,12,4,476,TZ,แทนซาเนีย,1E,ทวีปแอฟริกา,1746315.0,0.0
2023-12,2023,12,4,452,MA,โมร็อกโก,1E,ทวีปแอฟริกา,0.0,0.0
2023-12,2023,12,4,326,PT,โปรตุเกส,1B,ทวีปยุโรป,261872.0,0.0
2023-12,2023,12,4,384,DO,สาธารณรัฐโดมินิกัน,1C,ทวีปอเมริกาเหนือ,3737647.0,0.0
2023-12,2023,12,4,438,ET,เอธิโอเปีย,1E,ทวีปแอฟริกา,1481.0,0.0
2023-12,2023,12,4,333,BG,บัลแกเรีย,1B,ทวีปยุโรป,0.0,0.0
2023-12,2023,12,4,295,QA,กาตาร์,1A,ทวีปเอเชีย,136.0,0.0
2023-12,2023,12,4,447,KE,เคนยา,1E,ทวีปแอฟริกา,0.0,0.0
2023-12,2023,12,4,499,PG,ปาปัวนิวกินี,1F,ทวีปออสเตรเลีย,603934.0,0.0
2023-12,2023,12,4,491,MH,หมู่เกาะมาร์แชล,1F,ทวีปออสเตรเลีย,2783693.0,0.0
2023-12,2023,12,4,296,SA,ซาอุดีอาระเบีย,1A,ทวีปเอเชีย,280028.0,0.0
2023-12,2023,12,4,443,GN,กินี,1E,ทวีปแอฟริกา,0.0,0.0
2023-12,2023,12,4,411,CO,โคลอมเบีย,1D,ทวีปอเมริกาใต้,131360.0,0.0
2023-12,2023,12,4,475,TN,ตูนิเซีย,1E,ทวีปแอฟริกา,0.0,0.0
2023-12,2023,12,4,337,GE,จอร์เจีย,1A,ทวีปเอเชีย,0.0,0.0
2023-12,2023,12,4,432,CM,แคเมอรูน,1E,ทวีปแอฟริกา,0.0,0.0
2023-12,2023,12,4,383,DM,โดมินิกา,1C,ทวีปอเมริกาเหนือ,0.0,0.0
2023-12,2023,12,4,441,GH,กานา,1E,ทวีปแอฟริกา,0.0,0.0
2023-12,2023,12,4,389,HN,ฮอนดูรัส,1C,ทวีปอเมริกาเหนือ,0.0,0.0
2023-12,2023,12,4,293,LB,เลบานอน,1A,ทวีปเอเชีย,5238.0,0.0
2023-12,2023,12,4,486,FJ,ฟิจิ,1F,ทวีปออสเตรเลีย,0.0,0.0
2023-12,2023,12,4,331,AM,อาร์เมเนีย,1A,ทวีปเอเชีย,0.0,0.0
2023-12,2023,12,4,291,JO,จอร์แดน,1A,ทวีปเอเชีย,0.0,0.0
2023-12,2023,12,4,308,MO,มาเก๊า,1A,ทวีปเอเชีย,0.0,0.0
2023-12,2023,12,4,410,CL,ชิลี,1D,ทวีปอเมริกาใต้,28886.0,0.0
2023-12,2023,12,4,292,KW,คูเวต,1A,ทวีปเอเชีย,0.0,0.0
2023-12,2023,12,4,278,BT,ภูฎาน,1A,ทวีปเอเชีย,0.0,0.0
2023-12,2023,12,4,412,EC,เอกวาดอร์,1D,ทวีปอเมริกาใต้,2028.0,0.0
2023-12,2023,12,4,458,MZ,โมซัมบิก,1E,ทวีปแอฟริกา,0.0,0.0
2023-12,2023,12,4,340,KG,คีร์กีซสถาน,1A,ทวีปเอเชีย,182972.0,0.0
2023-12,2023,12,4,321,GR,กรีซ,1B,ทวีปยุโรป,0.0,0.0
2023-12,2023,12,4,300,YE,เยเมน,1A,ทวีปเอเชีย,0.0,0.0
2023-12,2023,12,4,419,PY,ปารากวัย,1D,ทวีปอเมริกาใต้,0.0,0.0
2023-12,2023,12,4,307,MN,มองโกเลีย,1A,ทวีปเอเชีย,1920.0,0.0
2023-12,2023,12,4,417,PE,เปรู,1D,ทวีปอเมริกาใต้,38983.0,0.0
2023-12,2023,12,4,404,VI,หมู่เกาะเวอร์จิน(สหรัฐ),1C,ทวีปอเมริกาเหนือ,0.0,0.0
2023-12,2023,12,4,338,HR,โครเอเชีย,1B,ทวีปยุโรป,0.0,0.0
2023-12,2023,12,4,381,CR,คอสตาริกา,1C,ทวีปอเมริกาเหนือ,0.0,0.0
2023-12,2023,12,4,286,BH,บาห์เรน,1A,ทวีปเอเชีย,44984.0,0.0
2023-12,2023,12,4,468,SL,เซียร์ราลีโอน,1E,ทวีปแอฟริกา,0.0,0.0
2023-12,2023,12,4,363,LV,ลัตเวีย,1B,ทวีปยุโรป,3828.0,0.0
2023-12,2023,12,4,362,LT,ลิทัวเนีย,1B,ทวีปยุโรป,0.0,0.0
2023-12,2023,12,4,420,SR,ซูรินาเม,1D,ทวีปอเมริกาใต้,6984.0,0.0
2023-12,2023,12,4,294,OM,โอมาน,1A,ทวีปเอเชีย,0.0,0.0
2023-12,2023,12,4,334,BY,เบลารุส,1B,ทวีปยุโรป,11581.0,0.0
2023-12,2023,12,4,492,MP,เกาะมาเรียนาเหนือ,1F,ทวีปออสเตรเลีย,22941.0,0.0
2023-12,2023,12,4,493,NC,นิวแคลีโดเนีย,1F,ทวีปออสเตรเลีย,0.0,0.0
2023-12,2023,12,4,378,BM,เบอร์มิวดา,1C,ทวีปอเมริกาเหนือ,5775.0,0.0
2023-12,2023,12,4,364,MC,โมนาโก,1B,ทวีปยุโรป,0.0,0.0
2023-12,2023,12,4,498,PF,เฟรนช์โปลีนีเซีย,1F,ทวีปออสเตรเลีย,0.0,0.0
2023-12,2023,12,4,505,VU,วานูอาตู,1F,ทวีปออสเตรเลีย,0.0,0.0
2023-12,2023,12,4,463,RE,เรอูนียง,1E,ทวีปแอฟริกา,0.0,0.0
2023-12,2023,12,4,449,LR,ไลบีเรีย,1E,ทวีปแอฟริกา,0.0,0.0
2023-12,2023,12,4,341,KZ,คาซัคสถาน,1A,ทวีปเอเชีย,0.0,0.0
2023-12,2023,12,4,351,UA,ยูเครน,1B,ทวีปยุโรป,0.0,0.0
2023-12,2023,12,4,484,CK,หมู่เกาะดุก,1F,ทวีปออสเตรเลีย,0.0,0.0
2023-12,2023,12,4,282,NP,เนปาล,1A,ทวีปเอเชีย,0.0,0.0
2023-12,2023,12,4,377,BB,บาร์เบโดส,1C,ทวีปอเมริกาเหนือ,0.0,0.0
2023-12,2023,12,4,399,SV,เอลซัลวาดอร์,1C,ทวีปอเมริกาเหนือ,5692.0,0.0
2023-12,2023,12,4,401,TT,ตรินิแดดและโตเบโก,1C,ทวีปอเมริกาเหนือ,0.0,0.0
2023-12,2023,12,4,287,CY,ไซปรัส,1A,ทวีปเอเชีย,0.0,0.0
2023-12,2023,12,4,597,CW,CURACAO,1G,ประเทศอื่น,0.0,0.0
2023-12,2023,12,4,394,LC,เซนต์ลูเซีย,1C,ทวีปอเมริกาเหนือ,0.0,0.0
2023-12,2023,12,4,388,GT,กัวเตมาลา,1C,ทวีปอเมริกาเหนือ,0.0,0.0
2023-12,2023,12,4,527,MK,มาซิโดเนีย,1B,ทวีปยุโรป,0.0,0.0
2023-12,2023,12,4,451,LY,ลิเบีย,1E,ทวีปแอฟริกา,0.0,0.0
2023-12,2023,12,4,453,MG,มาดากัสการ์,1E,ทวีปแอฟริกา,161.0,0.0
2023-12,2023,12,4,360,IS,ไอซ์แลนด์,1B,ทวีปยุโรป,0.0,0.0
2023-12,2023,12,4,379,BS,บาฮามาส,1C,ทวีปอเมริกาเหนือ,0.0,0.0
2023-12,2023,12,4,436,DZ,แอลจีเรีย,1E,ทวีปแอฟริกา,0.0,0.0
2024-01,2024,1,1,373,US,สหรัฐอเมริกา,1C,ทวีปอเมริกาเหนือ,4341551103.0,0.0
2024-01,2024,1,1,325,NL,เนเธอร์แลนด์,1B,ทวีปยุโรป,1638619808.0,0.0
2024-01,2024,1,1,309,TW,ไต้หวัน,1A,ทวีปเอเชีย,934219841.0,0.0
2024-01,2024,1,1,372,MX,เม็กซิโก,1C,ทวีปอเมริกาเหนือ,633782524.0,0.0
2024-01,2024,1,1,323,IT,อิตาลี,1B,ทวีปยุโรป,592567806.0,0.0
2024-01,2024,1,1,304,JP,ญี่ปุ่น,1A,ทวีปเอเชีย,529862747.0,0.0
2024-01,2024,1,1,302,CN,จีน,1A,ทวีปเอเชีย,376358365.0,0.0
2024-01,2024,1,1,320,GB,สหราชอาณาจักร,1B,ทวีปยุโรป,323149832.0,0.0
2024-01,2024,1,1,272,PH,ฟิลิปปินส์,1A,ทวีปเอเชีย,306263514.0,0.0
2024-01,2024,1,1,336,CZ,สาธารณรัฐเช็ก,1B,ทวีปยุโรป,301415684.0,0.0
2024-01,2024,1,1,273,SG,สิงคโปร์,1A,ทวีปเอเชีย,264822571.0,0.0
2024-01,2024,1,1,271,MY,มาเลเซีย,1A,ทวีปเอเชีย,183543384.0,0.0
2024-01,2024,1,1,274,VN,เวียดนาม,1A,ทวีปเอเชีย,174956648.0,0.0
2024-01,2024,1,1,315,DE,เยอรมนี,1B,ทวีปยุโรป,169462798.0,0.0
2024-01,2024,1,1,303,HK,ฮ่องกง,1A,ทวีปเอเชีย,161912538.0,0.0
2024-01,2024,1,1,279,IN,อินเดีย,1A,ทวีปเอเชีย,109447538.0,0.0
2024-01,2024,1,1,343,PL,โปแลนด์,1B,ทวีปยุโรป,84152736.0,0.0
2024-01,2024,1,1,371,CA,แคนาดา,1C,ทวีปอเมริกาเหนือ,63107504.0,0.0
2024-01,2024,1,1,269,LA,สปป. ลาว,1A,ทวีปเอเชีย,60780120.0,0.0
2024-01,2024,1,1,319,FR,ฝรั่งเศส,1B,ทวีปยุโรป,56413373.0,0.0
2024-01,2024,1,1,483,AU,ออสเตรเลีย,1F,ทวีปออสเตรเลีย,40489809.0,0.0
2024-01,2024,1,1,347,SK,สโลวาเกีย,1B,ทวีปยุโรป,39234756.0,0.0
2024-01,2024,1,1,339,HU,ฮังการี,1B,ทวีปยุโรป,37292340.0,0.0
2024-01,2024,1,1,306,KR,เกาหลีใต้,1A,ทวีปเอเชีย,34406891.0,0.0
2024-01,2024,1,1,270,MM,เมียนมา,1A,ทวีปเอเชีย,31052657.0,0.0
2024-01,2024,1,1,344,RO,โรมาเนีย,1B,ทวีปยุโรป,26553679.0,0.0
2024-01,2024,1,1,317,ES,สเปน,1B,ทวีปยุโรป,25226496.0,0.0
2024-01,2024,1,1,316,DK,เดนมาร์ก,1B,ทวีปยุโรป,22946520.0,0.0
2024-01,2024,1,1,268,KH,กัมพูชา,1A,ทวีปเอเชีย,22756243.0,0.0
2024-01,2024,1,1,298,TR,ตุรกี,1A,ทวีปเอเชีย,16909536.0,0.0
2024-01,2024,1,1,267,ID,อินโดนีเซีย,1A,ทวีปเอเชีย,15349228.0,0.0
2024-01,2024,1,1,459,NA,นามิเบีย,1E,ทวีปแอฟริกา,11396396.0,0.0
2024-01,2024,1,1,327,SE,สวีเดน,1B,ทวีปยุโรป,10490248.0,0.0
2024-01,2024,1,1,312,AT,ออสเตรีย,1B,ทวีปยุโรป,6663254.0,0.0
2024-01,2024,1,1,356,CH,สวิตเซอร์แลนด์,1B,ทวีปยุโรป,4068331.0,0.0
2024-01,2024,1,1,409,BR,บราซิล,1D,ทวีปอเมริกาใต้,3663675.0,0.0
2024-01,2024,1,1,461,NG,ไนจีเรีย,1E,ทวีปแอฟริกา,2754640.0,0.0
2024-01,2024,1,1,407,AR,อาร์เจนตินา,1D,ทวีปอเมริกาใต้,2469823.0,0.0
2024-01,2024,1,1,357,EE,เอสโตเนีย,1B,ทวีปยุโรป,2126429.0,0.0
2024-01,2024,1,1,285,AE,สหรัฐอาหรับเอมิเรตส์,1A,ทวีปเอเชีย,2066655.0,0.0
2024-01,2024,1,1,322,IE,ไอร์แลนด์,1B,ทวีปยุโรป,2028185.0,0.0
2024-01,2024,1,1,288,IL,อิสราเอล,1A,ทวีปเอเชีย,1783672.0,0.0
2024-01,2024,1,1,366,NO,นอร์เวย์,1B,ทวีปยุโรป,1573914.0,0.0
2024-01,2024,1,1,437,EG,อียิปต์,1E,ทวีปแอฟริกา,1344837.0,0.0
2024-01,2024,1,1,345,RU,รัสเซีย,1B,ทวีปยุโรป,1051084.0,0.0
2024-01,2024,1,1,318,FI,ฟินแลนด์,1B,ทวีปยุโรป,551410.0,0.0
2024-01,2024,1,1,313,BE,เบลเยียม,1B,ทวีปยุโรป,545828.0,0.0
2024-01,2024,1,1,478,ZA,แอฟริกาใต้,1E,ทวีปแอฟริกา,420071.0,0.0
2024-01,2024,1,1,384,DO,สาธารณรัฐโดมินิกัน,1C,ทวีปอเมริกาเหนือ,370789.0,0.0
2024-01,2024,1,1,497,NZ,นิวซีแลนด์,1F,ทวีปออสเตรเลีย,325744.0,0.0
2024-01,2024,1,1,326,PT,โปรตุเกส,1B,ทวีปยุโรป,259511.0,0.0
2024-01,2024,1,1,296,SA,ซาอุดีอาระเบีย,1A,ทวีปเอเชีย,97332.0,0.0
2024-01,2024,1,1,411,CO,โคลอมเบีย,1D,ทวีปอเมริกาใต้,94060.0,0.0
2024-01,2024,1,1,441,GH,กานา,1E,ทวีปแอฟริกา,88440.0,0.0
2024-01,2024,1,1,333,BG,บัลแกเรีย,1B,ทวีปยุโรป,82457.0,0.0
2024-01,2024,1,1,475,TN,ตูนิเซีย,1E,ทวีปแอฟริกา,78597.0,0.0
2024-01,2024,1,1,321,GR,กรีซ,1B,ทวีปยุโรป,38043.0,0.0
2024-01,2024,1,1,266,BN,บรูไน,1A,ทวีปเอเชีย,31327.0,0.0
2024-01,2024,1,1,346,SI,สโลวีเนีย,1B,ทวีปยุโรป,15508.0,0.0
2024-01,2024,1,1,280,LK,ศรีลังกา,1A,ทวีปเอเชีย,11259.0,0.0
2024-01,2024,1,1,295,QA,กาตาร์,1A,ทวีปเอเชีย,10427.0,0.0
2024-01,2024,1,1,341,KZ,คาซัคสถาน,1A,ทวีปเอเชีย,9952.0,0.0
2024-01,2024,1,1,363,LV,ลัตเวีย,1B,ทวีปยุโรป,9810.0,0.0
2024-01,2024,1,1,415,GY,กายอานา,1D,ทวีปอเมริกาใต้,9086.0,0.0
2024-01,2024,1,1,389,HN,ฮอนดูรัส,1C,ทวีปอเมริกาเหนือ,7417.0,0.0
2024-01,2024,1,1,283,PK,ปากีสถาน,1A,ทวีปเอเชีย,5977.0,0.0
2024-01,2024,1,1,412,EC,เอกวาดอร์,1D,ทวีปอเมริกาใต้,4388.0,0.0
2024-01,2024,1,1,498,PF,เฟรนช์โปลีนีเซีย,1F,ทวีปออสเตรเลีย,4087.0,0.0
2024-01,2024,1,1,362,LT,ลิทัวเนีย,1B,ทวีปยุโรป,3034.0,0.0
2024-01,2024,1,1,401,TT,ตรินิแดดและโตเบโก,1C,ทวีปอเมริกาเหนือ,2673.0,0.0
2024-01,2024,1,1,410,CL,ชิลี,1D,ทวีปอเมริกาใต้,2028.0,0.0
2024-01,2024,1,1,360,IS,ไอซ์แลนด์,1B,ทวีปยุโรป,755.0,0.0
2024-01,2024,1,1,377,BB,บาร์เบโดส,1C,ทวีปอเมริกาเหนือ,741.0,0.0
2024-01,2024,1,1,281,MV,มัลดีฟส์,1A,ทวีปเอเชีย,318.0,0.0
2024-01,2024,1,1,421,UY,อุรุกวัย,1D,ทวีปอเมริกาใต้,277.0,0.0
2024-01,2024,1,1,277,BD,บังกลาเทศ,1A,ทวีปเอเชีย,260.0,0.0
2024-01,2024,1,1,499,PG,ปาปัวนิวกินี,1F,ทวีปออสเตรเลีย,248.0,0.0
2024-01,2024,1,1,286,BH,บาห์เรน,1A,ทวีปเอเชีย,199.0,0.0
2024-02,2024,2,1,373,US,สหรัฐอเมริกา,1C,ทวีปอเมริกาเหนือ,7270381033.0,0.0
2024-02,2024,2,1,325,NL,เนเธอร์แลนด์,1B,ทวีปยุโรป,1774930662.0,0.0
2024-02,2024,2,1,309,TW,ไต้หวัน,1A,ทวีปเอเชีย,804188425.0,0.0
2024-02,2024,2,1,304,JP,ญี่ปุ่น,1A,ทวีปเอเชีย,680102863.0,0.0
2024-02,2024,2,1,372,MX,เม็กซิโก,1C,ทวีปอเมริกาเหนือ,528235862.0,0.0
2024-02,2024,2,1,323,IT,อิตาลี,1B,ทวีปยุโรป,328314877.0,0.0
2024-02,2024,2,1,302,CN,จีน,1A,ทวีปเอเชีย,361924941.0,0.0
2024-02,2024,2,1,336,CZ,สาธารณรัฐเช็ก,1B,ทวีปยุโรป,343990911.0,0.0
2024-02,2024,2,1,320,GB,สหราชอาณาจักร,1B,ทวีปยุโรป,248325154.0,0.0
2024-02,2024,2,1,271,MY,มาเลเซีย,1A,ทวีปเอเชีย,308746763.0,0.0
2024-02,2024,2,1,273,SG,สิงคโปร์,1A,ทวีปเอเชีย,126562890.0,0.0
2024-02,2024,2,1,303,HK,ฮ่องกง,1A,ทวีปเอเชีย,205413058.0,0.0
2024-02,2024,2,1,272,PH,ฟิลิปปินส์,1A,ทวีปเอเชีย,15295415.0,0.0
2024-02,2024,2,1,279,IN,อินเดีย,1A,ทวีปเอเชีย,194582546.0,0.0
2024-02,2024,2,1,315,DE,เยอรมนี,1B,ทวีปยุโรป,116229686.0,0.0
2024-02,2024,2,1,274,VN,เวียดนาม,1A,ทวีปเอเชีย,94567843.0,0.0
2024-02,2024,2,1,371,CA,แคนาดา,1C,ทวีปอเมริกาเหนือ,139918197.0,0.0
2024-02,2024,2,1,319,FR,ฝรั่งเศส,1B,ทวีปยุโรป,99678613.0,0.0
2024-02,2024,2,1,343,PL,โปแลนด์,1B,ทวีปยุโรป,48851762.0,0.0
2024-02,2024,2,1,339,HU,ฮังการี,1B,ทวีปยุโรป,50351458.0,0.0
2024-02,2024,2,1,269,LA,สปป. ลาว,1A,ทวีปเอเชีย,22937969.0,0.0
2024-02,2024,2,1,483,AU,ออสเตรเลีย,1F,ทวีปออสเตรเลีย,38034242.0,0.0
2024-02,2024,2,1,347,SK,สโลวาเกีย,1B,ทวีปยุโรป,34905881.0,0.0
2024-02,2024,2,1,306,KR,เกาหลีใต้,1A,ทวีปเอเชีย,32073505.0,0.0
2024-02,2024,2,1,344,RO,โรมาเนีย,1B,ทวีปยุโรป,33111204.0,0.0
2024-02,2024,2,1,317,ES,สเปน,1B,ทวีปยุโรป,25231596.0,0.0
2024-02,2024,2,1,270,MM,เมียนมา,1A,ทวีปเอเชีย,16381639.0,0.0
2024-02,2024,2,1,268,KH,กัมพูชา,1A,ทวีปเอเชีย,23042489.0,0.0
2024-02,2024,2,1,316,DK,เดนมาร์ก,1B,ทวีปยุโรป,19520628.0,0.0
2024-02,2024,2,1,298,TR,ตุรกี,1A,ทวีปเอเชีย,18790692.0,0.0
2024-02,2024,2,1,327,SE,สวีเดน,1B,ทวีปยุโรป,19557863.0,0.0
2024-02,2024,2,1,312,AT,ออสเตรีย,1B,ทวีปยุโรป,21641514.0,0.0
2024-02,2024,2,1,267,ID,อินโดนีเซีย,1A,ทวีปเอเชีย,11548029.0,0.0
2024-02,2024,2,1,409,BR,บราซิล,1D,ทวีปอเมริกาใต้,17972738.0,0.0
2024-02,2024,2,1,459,NA,นามิเบีย,1E,ทวีปแอฟริกา,0.0,0.0
2024-02,2024,2,1,356,CH,สวิตเซอร์แลนด์,1B,ทวีปยุโรป,1455608.0,0.0
2024-02,2024,2,1,357,EE,เอสโตเนีย,1B,ทวีปยุโรป,3379547.0,0.0
2024-02,2024,2,1,407,AR,อาร์เจนตินา,1D,ทวีปอเมริกาใต้,2314269.0,0.0
2024-02,2024,2,1,288,IL,อิสราเอล,1A,ทวีปเอเชีย,2688523.0,0.0
2024-02,2024,2,1,478,ZA,แอฟริกาใต้,1E,ทวีปแอฟริกา,3413078.0,0.0
2024-02,2024,2,1,366,NO,นอร์เวย์,1B,ทวีปยุโรป,2038608.0,0.0
2024-02,2024,2,1,313,BE,เบลเยียม,1B,ทวีปยุโรป,2771191.0,0.0
2024-02,2024,2,1,431,CI,โกตดิวัวร์,1E,ทวีปแอฟริกา,3187784.0,0.0
2024-02,2024,2,1,384,DO,สาธารณรัฐโดมินิกัน,1C,ทวีปอเมริกาเหนือ,2524105.0,0.0
2024-02,2024,2,1,461,NG,ไนจีเรีย,1E,ทวีปแอฟริกา,0.0,0.0
2024-02,2024,2,1,437,EG,อียิปต์,1E,ทวีปแอฟริกา,1291747.0,0.0
2024-02,2024,2,1,322,IE,ไอร์แลนด์,1B,ทวีปยุโรป,258357.0,0.0
2024-02,2024,2,1,345,RU,รัสเซีย,1B,ทวีปยุโรป,1233564.0,0.0
2024-02,2024,2,1,285,AE,สหรัฐอาหรับเอมิเรตส์,1A,ทวีปเอเชีย,45455.0,0.0
2024-02,2024,2,1,476,TZ,แทนซาเนีย,1E,ทวีปแอฟริกา,1918545.0,0.0
2024-02,2024,2,1,497,NZ,นิวซีแลนด์,1F,ทวีปออสเตรเลีย,672307.0,0.0
2024-02,2024,2,1,318,FI,ฟินแลนด์,1B,ทวีปยุโรป,182690.0,0.0
2024-02,2024,2,1,283,PK,ปากีสถาน,1A,ทวีปเอเชีย,542737.0,0.0
2024-02,2024,2,1,341,KZ,คาซัคสถาน,1A,ทวีปเอเชีย,458888.0,0.0
2024-02,2024,2,1,398,PR,เปอร์โตริโก,1C,ทวีปอเมริกาเหนือ,351068.0,0.0
2024-02,2024,2,1,411,CO,โคลอมเบีย,1D,ทวีปอเมริกาใต้,239284.0,0.0
2024-02,2024,2,1,326,PT,โปรตุเกส,1B,ทวีปยุโรป,0.0,0.0
2024-02,2024,2,1,289,IQ,อิรัก,1A,ทวีปเอเชีย,189445.0,0.0
2024-02,2024,2,1,346,SI,สโลวีเนีย,1B,ทวีปยุโรป,130872.0,0.0
2024-02,2024,2,1,296,SA,ซาอุดีอาระเบีย,1A,ทวีปเอเชีย,0.0,0.0
2024-02,2024,2,1,441,GH,กานา,1E,ทวีปแอฟริกา,0.0,0.0
2024-02,2024,2,1,333,BG,บัลแกเรีย,1B,ทวีปยุโรป,0.0,0.0
2024-02,2024,2,1,475,TN,ตูนิเซีย,1E,ทวีปแอฟริกา,0.0,0.0
2024-02,2024,2,1,266,BN,บรูไน,1A,ทวีปเอเชีย,24277.0,0.0
2024-02,2024,2,1,278,BT,ภูฎาน,1A,ทวีปเอเชีย,47913.0,0.0
2024-02,2024,2,1,417,PE,เปรู,1D,ทวีปอเมริกาใต้,39389.0,0.0
2024-02,2024,2,1,321,GR,กรีซ,1B,ทวีปยุโรป,531.0,0.0
2024-02,2024,2,1,499,PG,ปาปัวนิวกินี,1F,ทวีปออสเตรเลีย,23784.0,0.0
2024-02,2024,2,1,280,LK,ศรีลังกา,1A,ทวีปเอเชีย,11863.0,0.0
2024-02,2024,2,1,295,QA,กาตาร์,1A,ทวีปเอเชีย,9500.0,0.0
2024-02,2024,2,1,334,BY,เบลารุส,1B,ทวีปยุโรป,19003.0,0.0
2024-02,2024,2,1,292,KW,คูเวต,1A,ทวีปเอเชีย,17643.0,0.0
2024-02,2024,2,1,421,UY,อุรุกวัย,1D,ทวีปอเมริกาใต้,13344.0,0.0
2024-02,2024,2,1,281,MV,มัลดีฟส์,1A,ทวีปเอเชีย,10998.0,0.0
2024-02,2024,2,1,363,LV,ลัตเวีย,1B,ทวีปยุโรป,0.0,0.0
2024-02,2024,2,1,415,GY,กายอานา,1D,ทวีปอเมริกาใต้,0.0,0.0
2024-02,2024,2,1,277,BD,บังกลาเทศ,1A,ทวีปเอเชีย,8720.0,0.0
2024-02,2024,2,1,389,HN,ฮอนดูรัส,1C,ทวีปอเมริกาเหนือ,0.0,0.0
2024-02,2024,2,1,412,EC,เอกวาดอร์,1D,ทวีปอเมริกาใต้,2028.0,0.0
2024-02,2024,2,1,505,VU,วานูอาตู,1F,ทวีปออสเตรเลีย,4952.0,0.0
2024-02,2024,2,1,498,PF,เฟรนช์โปลีนีเซีย,1F,ทวีปออสเตรเลีย,0.0,0.0
2024-02,2024,2,1,410,CL,ชิลี,1D,ทวีปอเมริกาใต้,1592.0,0.0
2024-02,2024,2,1,362,LT,ลิทัวเนีย,1B,ทวีปยุโรป,0.0,0.0
2024-02,2024,2,1,401,TT,ตรินิแดดและโตเบโก,1C,ทวีปอเมริกาเหนือ,0.0,0.0
2024-02,2024,2,1,388,GT,กัวเตมาลา,1C,ทวีปอเมริกาเหนือ,2028.0,0.0
2024-02,2024,2,1,351,UA,ยูเครน,1B,ทวีปยุโรป,1698.0,0.0
2024-02,2024,2,1,360,IS,ไอซ์แลนด์,1B,ทวีปยุโรป,0.0,0.0
2024-02,2024,2,1,377,BB,บาร์เบโดส,1C,ทวีปอเมริกาเหนือ,0.0,0.0
2024-02,2024,2,1,443,GN,กินี,1E,ทวีปแอฟริกา,354.0,0.0
2024-02,2024,2,1,286,BH,บาห์เรน,1A,ทวีปเอเชีย,0.0,0.0
2024-03,2024,3,1,373,US,สหรัฐอเมริกา,1C,ทวีปอเมริกาเหนือ,6487980337.0,0.0
2024-03,2024,3,1,325,NL,เนเธอร์แลนด์,1B,ทวีปยุโรป,2007691938.0,0.0
2024-03,2024,3,1,309,TW,ไต้หวัน,1A,ทวีปเอเชีย,842933921.0,0.0
2024-03,2024,3,1,372,MX,เม็กซิโก,1C,ทวีปอเมริกาเหนือ,794474704.0,0.0
2024-03,2024,3,1,304,JP,ญี่ปุ่น,1A,ทวีปเอเชีย,639146582.0,0.0
2024-03,2024,3,1,323,IT,อิตาลี,1B,ทวีปยุโรป,444226377.0,0.0
2024-03,2024,3,1,302,CN,จีน,1A,ทวีปเอเชีย,457270453.0,0.0
2024-03,2024,3,1,320,GB,สหราชอาณาจักร,1B,ทวีปยุโรป,244058393.0,0.0
2024-03,2024,3,1,271,MY,มาเลเซีย,1A,ทวีปเอเชีย,299055119.0,0.0
2024-03,2024,3,1,336,CZ,สาธารณรัฐเช็ก,1B,ทวีปยุโรป,144797687.0,0.0
2024-03,2024,3,1,279,IN,อินเดีย,1A,ทวีปเอเชีย,234969782.0,0.0
2024-03,2024,3,1,273,SG,สิงคโปร์,1A,ทวีปเอเชีย,146526150.0,0.0
2024-03,2024,3,1,303,HK,ฮ่องกง,1A,ทวีปเอเชีย,168921252.0,0.0
2024-03,2024,3,1,315,DE,เยอรมนี,1B,ทวีปยุโรป,175628481.0,0.0
2024-03,2024,3,1,274,VN,เวียดนาม,1A,ทวีปเอเชีย,167270903.0,0.0
2024-03,2024,3,1,272,PH,ฟิลิปปินส์,1A,ทวีปเอเชีย,27805573.0,0.0
2024-03,2024,3,1,371,CA,แคนาดา,1C,ทวีปอเมริกาเหนือ,97863209.0,0.0
2024-03,2024,3,1,319,FR,ฝรั่งเศส,1B,ทวีปยุโรป,42050846.0,0.0
2024-03,2024,3,1,343,PL,โปแลนด์,1B,ทวีปยุโรป,34009382.0,0.0
2024-03,2024,3,1,306,KR,เกาหลีใต้,1A,ทวีปเอเชีย,99748435.0,0.0
2024-03,2024,3,1,347,SK,สโลวาเกีย,1B,ทวีปยุโรป,47652823.0,0.0
2024-03,2024,3,1,483,AU,ออสเตรเลีย,1F,ทวีปออสเตรเลีย,42374869.0,0.0
2024-03,2024,3,1,269,LA,สปป. ลาว,1A,ทวีปเอเชีย,24600574.0,0.0
2024-03,2024,3,1,339,HU,ฮังการี,1B,ทวีปยุโรป,12536955.0,0.0
2024-03,2024,3,1,344,RO,โรมาเนีย,1B,ทวีปยุโรป,28418446.0,0.0
2024-03,2024,3,1,298,TR,ตุรกี,1A,ทวีปเอเชีย,51135731.0,0.0
2024-03,2024,3,1,478,ZA,แอฟริกาใต้,1E,ทวีปแอฟริกา,82274960.0,0.0
2024-03,2024,3,1,268,KH,กัมพูชา,1A,ทวีปเอเชีย,39247174.0,0.0
2024-03,2024,3,1,409,BR,บราซิล,1D,ทวีปอเมริกาใต้,55143390.0,0.0
2024-03,2024,3,1,316,DK,เดนมาร์ก,1B,ทวีปยุโรป,33263996.0,0.0
2024-03,2024,3,1,317,ES,สเปน,1B,ทวีปยุโรป,22566054.0,0.0
2024-03,2024,3,1,270,MM,เมียนมา,1A,ทวีปเอเชีย,13238230.0,0.0
2024-03,2024,3,1,327,SE,สวีเดน,1B,ทวีปยุโรป,13689983.0,0.0
2024-03,2024,3,1,267,ID,อินโดนีเซีย,1A,ทวีปเอเชีย,11946574.0,0.0
2024-03,2024,3,1,312,AT,ออสเตรีย,1B,ทวีปยุโรป,6354200.0,0.0
2024-03,2024,3,1,289,IQ,อิรัก,1A,ทวีปเอเชีย,26453556.0,0.0
2024-03,2024,3,1,357,EE,เอสโตเนีย,1B,ทวีปยุโรป,9285309.0,0.0
2024-03,2024,3,1,288,IL,อิสราเอล,1A,ทวีปเอเชีย,9589080.0,0.0
2024-03,2024,3,1,313,BE,เบลเยียม,1B,ทวีปยุโรป,8750535.0,0.0
2024-03,2024,3,1,459,NA,นามิเบีย,1E,ทวีปแอฟริกา,0.0,0.0
2024-03,2024,3,1,407,AR,อาร์เจนตินา,1D,ทวีปอเมริกาใต้,5447234.0,0.0
2024-03,2024,3,1,285,AE,สหรัฐอาหรับเอมิเรตส์,1A,ทวีปเอเชีย,4311666.0,0.0
2024-03,2024,3,1,366,NO,นอร์เวย์,1B,ทวีปยุโรป,2704576.0,0.0
2024-03,2024,3,1,356,CH,สวิตเซอร์แลนด์,1B,ทวีปยุโรป,448028.0,0.0
2024-03,2024,3,1,345,RU,รัสเซีย,1B,ทวีปยุโรป,2419397.0,0.0
2024-03,2024,3,1,398,PR,เปอร์โตริโก,1C,ทวีปอเมริกาเหนือ,3874983.0,0.0
2024-03,2024,3,1,437,EG,อียิปต์,1E,ทวีปแอฟริกา,1068539.0,0.0
2024-03,2024,3,1,431,CI,โกตดิวัวร์,1E,ทวีปแอฟริกา,0.0,0.0
2024-03,2024,3,1,384,DO,สาธารณรัฐโดมินิกัน,1C,ทวีปอเมริกาเหนือ,18245.0,0.0
2024-03,2024,3,1,461,NG,ไนจีเรีย,1E,ทวีปแอฟริกา,0.0,0.0
2024-03,2024,3,1,322,IE,ไอร์แลนด์,1B,ทวีปยุโรป,41202.0,0.0
2024-03,2024,3,1,266,BN,บรูไน,1A,ทวีปเอเชีย,1917859.0,0.0
2024-03,2024,3,1,476,TZ,แทนซาเนีย,1E,ทวีปแอฟริกา,13942.0,0.0
2024-03,2024,3,1,318,FI,ฟินแลนด์,1B,ทวีปยุโรป,1173805.0,0.0
2024-03,2024,3,1,497,NZ,นิวซีแลนด์,1F,ทวีปออสเตรเลีย,251345.0,0.0
2024-03,2024,3,1,283,PK,ปากีสถาน,1A,ทวีปเอเชีย,669198.0,0.0
2024-03,2024,3,1,326,PT,โปรตุเกส,1B,ทวีปยุโรป,634936.0,0.0
2024-03,2024,3,1,286,BH,บาห์เรน,1A,ทวีปเอเชีย,799351.0,0.0
2024-03,2024,3,1,341,KZ,คาซัคสถาน,1A,ทวีปเอเชีย,149243.0,0.0
2024-03,2024,3,1,499,PG,ปาปัวนิวกินี,1F,ทวีปออสเตรเลีย,375270.0,0.0
2024-03,2024,3,1,280,LK,ศรีลังกา,1A,ทวีปเอเชีย,357633.0,0.0
2024-03,2024,3,1,411,CO,โคลอมเบีย,1D,ทวีปอเมริกาใต้,0.0,0.0
2024-03,2024,3,1,308,MO,มาเก๊า,1A,ทวีปเอเชีย,186765.0,0.0
2024-03,2024,3,1,333,BG,บัลแกเรีย,1B,ทวีปยุโรป,101422.0,0.0
2024-03,2024,3,1,277,BD,บังกลาเทศ,1A,ทวีปเอเชีย,167298.0,0.0
2024-03,2024,3,1,346,SI,สโลวีเนีย,1B,ทวีปยุโรป,3038.0,0.0
2024-03,2024,3,1,340,KG,คีร์กีซสถาน,1A,ทวีปเอเชีย,149243.0,0.0
2024-03,2024,3,1,294,OM,โอมาน,1A,ทวีปเอเชีย,119899.0,0.0
2024-03,2024,3,1,296,SA,ซาอุดีอาระเบีย,1A,ทวีปเอเชีย,1341.0,0.0
2024-03,2024,3,1,441,GH,กานา,1E,ทวีปแอฟริกา,0.0,0.0
2024-03,2024,3,1,282,NP,เนปาล,1A,ทวีปเอเชีย,86797.0,0.0
2024-03,2024,3,1,290,IR,อิหร่าน,1A,ทวีปเอเชีย,80981.0,0.0
2024-03,2024,3,1,475,TN,ตูนิเซีย,1E,ทวีปแอฟริกา,0.0,0.0
2024-03,2024,3,1,281,MV,มัลดีฟส์,1A,ทวีปเอเชีย,57064.0,0.0
2024-03,2024,3,1,417,PE,เปรู,1D,ทวีปอเมริกาใต้,18879.0,0.0
2024-03,2024,3,1,292,KW,คูเวต,1A,ทวีปเอเชีย,36385.0,0.0
2024-03,2024,3,1,278,BT,ภูฎาน,1A,ทวีปเอเชีย,0.0,0.0
2024-03,2024,3,1,321,GR,กรีซ,1B,ทวีปยุโรป,0.0,0.0
2024-03,2024,3,1,334,BY,เบลารุส,1B,ทวีปยุโรป,17193.0,0.0
2024-03,2024,3,1,295,QA,กาตาร์,1A,ทวีปเอเชีย,8106.0,0.0
2024-03,2024,3,1,388,GT,กัวเตมาลา,1C,ทวีปอเมริกาเหนือ,20910.0,0.0
2024-03,2024,3,1,410,CL,ชิลี,1D,ทวีปอเมริกาใต้,13324.0,0.0
2024-03,2024,3,1,421,UY,อุรุกวัย,1D,ทวีปอเมริกาใต้,0.0,0.0
2024-03,2024,3,1,363,LV,ลัตเวีย,1B,ทวีปยุโรป,0.0,0.0
2024-03,2024,3,1,362,LT,ลิทัวเนีย,1B,ทวีปยุโรป,6070.0,0.0
2024-03,2024,3,1,415,GY,กายอานา,1D,ทวีปอเมริกาใต้,0.0,0.0
2024-03,2024,3,1,389,HN,ฮอนดูรัส,1C,ทวีปอเมริกาเหนือ,0.0,0.0
2024-03,2024,3,1,412,EC,เอกวาดอร์,1D,ทวีปอเมริกาใต้,0.0,0.0
2024-03,2024,3,1,484,CK,หมู่เกาะดุก,1F,ทวีปออสเตรเลีย,5684.0,0.0
2024-03,2024,3,1,498,PF,เฟรนช์โปลีนีเซีย,1F,ทวีปออสเตรเลีย,1576.0,0.0
2024-03,2024,3,1,505,VU,วานูอาตู,1F,ทวีปออสเตรเลีย,0.0,0.0
2024-03,2024,3,1,401,TT,ตรินิแดดและโตเบโก,1C,ทวีปอเมริกาเหนือ,0.0,0.0
2024-03,2024,3,1,396,NI,นิการากัว,1C,ทวีปอเมริกาเหนือ,2194.0,0.0
2024-03,2024,3,1,351,UA,ยูเครน,1B,ทวีปยุโรป,0.0,0.0
2024-03,2024,3,1,360,IS,ไอซ์แลนด์,1B,ทวีปยุโรป,0.0,0.0
2024-03,2024,3,1,377,BB,บาร์เบโดส,1C,ทวีปอเมริกาเหนือ,0.0,0.0
2024-03,2024,3,1,419,PY,ปารากวัย,1D,ทวีปอเมริกาใต้,417.0,0.0
2024-03,2024,3,1,443,GN,กินี,1E,ทวีปแอฟริกา,0.0,0.0
2024-04,2024,4,2,373,US,สหรัฐอเมริกา,1C,ทวีปอเมริกาเหนือ,5079792890.0,0.0
2024-04,2024,4,2,325,NL,เนเธอร์แลนด์,1B,ทวีปยุโรป,2359156081.0,0.0
2024-04,2024,4,2,309,TW,ไต้หวัน,1A,ทวีปเอเชีย,783676416.0,0.0
2024-04,2024,4,2,372,MX,เม็กซิโก,1C,ทวีปอเมริกาเหนือ,896432615.0,0.0
2024-04,2024,4,2,304,JP,ญี่ปุ่น,1A,ทวีปเอเชีย,414762693.0,0.0
2024-04,2024,4,2,323,IT,อิตาลี,1B,ทวีปยุโรป,287732243.0,0.0
2024-04,2024,4,2,302,CN,จีน,1A,ทวีปเอเชีย,425040857.0,0.0
2024-04,2024,4,2,271,MY,มาเลเซีย,1A,ทวีปเอเชีย,310063016.0,0.0
2024-04,2024,4,2,320,GB,สหราชอาณาจักร,1B,ทวีปยุโรป,154741424.0,0.0
2024-04,2024,4,2,336,CZ,สาธารณรัฐเช็ก,1B,ทวีปยุโรป,143677699.0,0.0
2024-04,2024,4,2,303,HK,ฮ่องกง,1A,ทวีปเอเชีย,211885441.0,0.0
2024-04,2024,4,2,274,VN,เวียดนาม,1A,ทวีปเอเชีย,218331416.0,0.0
2024-04,2024,4,2,315,DE,เยอรมนี,1B,ทวีปยุโรป,181889425.0,0.0
2024-04,2024,4,2,279,IN,อินเดีย,1A,ทวีปเอเชีย,70045919.0,0.0
2024-04,2024,4,2,273,SG,สิงคโปร์,1A,ทวีปเอเชีย,70593387.0,0.0
2024-04,2024,4,2,371,CA,แคนาดา,1C,ทวีปอเมริกาเหนือ,140450309.0,0.0
2024-04,2024,4,2,272,PH,ฟิลิปปินส์,1A,ทวีปเอเชีย,50462218.0,0.0
2024-04,2024,4,2,343,PL,โปแลนด์,1B,ทวีปยุโรป,96534811.0,0.0
2024-04,2024,4,2,319,FR,ฝรั่งเศส,1B,ทวีปยุโรป,32622791.0,0.0
2024-04,2024,4,2,306,KR,เกาหลีใต้,1A,ทวีปเอเชีย,41585063.0,0.0
2024-04,2024,4,2,483,AU,ออสเตรเลีย,1F,ทวีปออสเตรเลีย,43883173.0,0.0
2024-04,2024,4,2,298,TR,ตุรกี,1A,ทวีปเอเชีย,62247749.0,0.0
2024-04,2024,4,2,269,LA,สปป. ลาว,1A,ทวีปเอเชีย,39566243.0,0.0
2024-04,2024,4,2,347,SK,สโลวาเกีย,1B,ทวีปยุโรป,9338791.0,0.0
2024-04,2024,4,2,268,KH,กัมพูชา,1A,ทวีปเอเชีย,38756455.0,0.0
2024-04,2024,4,2,344,RO,โรมาเนีย,1B,ทวีปยุโรป,23772903.0,0.0
2024-04,2024,4,2,339,HU,ฮังการี,1B,ทวีปยุโรป,8790453.0,0.0
2024-04,2024,4,2,478,ZA,แอฟริกาใต้,1E,ทวีปแอฟริกา,19210155.0,0.0
2024-04,2024,4,2,409,BR,บราซิล,1D,ทวีปอเมริกาใต้,26884208.0,0.0
2024-04,2024,4,2,316,DK,เดนมาร์ก,1B,ทวีปยุโรป,20825522.0,0.0
2024-04,2024,4,2,317,ES,สเปน,1B,ทวีปยุโรป,9070719.0,0.0
2024-04,2024,4,2,270,MM,เมียนมา,1A,ทวีปเอเชีย,20155721.0,0.0
2024-04,2024,4,2,327,SE,สวีเดน,1B,ทวีปยุโรป,6825498.0,0.0
2024-04,2024,4,2,267,ID,อินโดนีเซีย,1A,ทวีปเอเชีย,8582192.0,0.0
2024-04,2024,4,2,312,AT,ออสเตรีย,1B,ทวีปยุโรป,8872392.0,0.0
2024-04,2024,4,2,288,IL,อิสราเอล,1A,ทวีปเอเชีย,14641578.0,0.0
2024-04,2024,4,2,289,IQ,อิรัก,1A,ทวีปเอเชีย,0.0,0.0
2024-04,2024,4,2,357,EE,เอสโตเนีย,1B,ทวีปยุโรป,4067732.0,0.0
2024-04,2024,4,2,407,AR,อาร์เจนตินา,1D,ทวีปอเมริกาใต้,4205613.0,0.0
2024-04,2024,4,2,313,BE,เบลเยียม,1B,ทวีปยุโรป,2204337.0,0.0
2024-04,2024,4,2,459,NA,นามิเบีย,1E,ทวีปแอฟริกา,0.0,0.0
2024-04,2024,4,2,384,DO,สาธารณรัฐโดมินิกัน,1C,ทวีปอเมริกาเหนือ,8226674.0,0.0
2024-04,2024,4,2,356,CH,สวิตเซอร์แลนด์,1B,ทวีปยุโรป,2686901.0,0.0
2024-04,2024,4,2,285,AE,สหรัฐอาหรับเอมิเรตส์,1A,ทวีปเอเชีย,948114.0,0.0
2024-04,2024,4,2,366,NO,นอร์เวย์,1B,ทวีปยุโรป,840943.0,0.0
2024-04,2024,4,2,345,RU,รัสเซีย,1B,ทวีปยุโรป,937739.0,0.0
2024-04,2024,4,2,318,FI,ฟินแลนด์,1B,ทวีปยุโรป,3639144.0,0.0
2024-04,2024,4,2,437,EG,อียิปต์,1E,ทวีปแอฟริกา,1173625.0,0.0
2024-04,2024,4,2,398,PR,เปอร์โตริโก,1C,ทวีปอเมริกาเหนือ,0.0,0.0
2024-04,2024,4,2,431,CI,โกตดิวัวร์,1E,ทวีปแอฟริกา,0.0,0.0
2024-04,2024,4,2,322,IE,ไอร์แลนด์,1B,ทวีปยุโรป,458639.0,0.0
2024-04,2024,4,2,461,NG,ไนจีเรีย,1E,ทวีปแอฟริกา,0.0,0.0
2024-04,2024,4,2,283,PK,ปากีสถาน,1A,ทวีปเอเชีย,1230025.0,0.0
2024-04,2024,4,2,266,BN,บรูไน,1A,ทวีปเอเชีย,61916.0,0.0
2024-04,2024,4,2,476,TZ,แทนซาเนีย,1E,ทวีปแอฟริกา,72.0,0.0
2024-04,2024,4,2,497,NZ,นิวซีแลนด์,1F,ทวีปออสเตรเลีย,149911.0,0.0
2024-04,2024,4,2,326,PT,โปรตุเกส,1B,ทวีปยุโรป,438595.0,0.0
2024-04,2024,4,2,286,BH,บาห์เรน,1A,ทวีปเอเชีย,0.0,0.0
2024-04,2024,4,2,341,KZ,คาซัคสถาน,1A,ทวีปเอเชีย,0.0,0.0
2024-04,2024,4,2,411,CO,โคลอมเบีย,1D,ทวีปอเมริกาใต้,284627.0,0.0
2024-04,2024,4,2,277,BD,บังกลาเทศ,1A,ทวีปเอเชีย,394377.0,0.0
2024-04,2024,4,2,499,PG,ปาปัวนิวกินี,1F,ทวีปออสเตรเลีย,3292.0,0.0
2024-04,2024,4,2,280,LK,ศรีลังกา,1A,ทวีปเอเชีย,0.0,0.0
2024-04,2024,4,2,340,KG,คีร์กีซสถาน,1A,ทวีปเอเชีย,163592.0,0.0
2024-04,2024,4,2,308,MO,มาเก๊า,1A,ทวีปเอเชีย,1419.0,0.0
2024-04,2024,4,2,333,BG,บัลแกเรีย,1B,ทวีปยุโรป,0.0,0.0
2024-04,2024,4,2,346,SI,สโลวีเนีย,1B,ทวีปยุโรป,1433.0,0.0
2024-04,2024,4,2,294,OM,โอมาน,1A,ทวีปเอเชีย,0.0,0.0
2024-04,2024,4,2,296,SA,ซาอุดีอาระเบีย,1A,ทวีปเอเชีย,5426.0,0.0
2024-04,2024,4,2,441,GH,กานา,1E,ทวีปแอฟริกา,0.0,0.0
2024-04,2024,4,2,282,NP,เนปาล,1A,ทวีปเอเชีย,0.0,0.0
2024-04,2024,4,2,290,IR,อิหร่าน,1A,ทวีปเอเชีย,0.0,0.0
2024-04,2024,4,2,475,TN,ตูนิเซีย,1E,ทวีปแอฟริกา,0.0,0.0
2024-04,2024,4,2,281,MV,มัลดีฟส์,1A,ทวีปเอเชีย,5289.0,0.0
2024-04,2024,4,2,321,GR,กรีซ,1B,ทวีปยุโรป,25975.0,0.0
2024-04,2024,4,2,417,PE,เปรู,1D,ทวีปอเมริกาใต้,4171.0,0.0
2024-04,2024,4,2,292,KW,คูเวต,1A,ทวีปเอเชีย,371.0,0.0
2024-04,2024,4,2,278,BT,ภูฎาน,1A,ทวีปเอเชีย,0.0,0.0
2024-04,2024,4,2,334,BY,เบลารุส,1B,ทวีปยุโรป,0.0,0.0
2024-04,2024,4,2,295,QA,กาตาร์,1A,ทวีปเอเชีย,6504.0,0.0
2024-04,2024,4,2,415,GY,กายอานา,1D,ทวีปอเมริกาใต้,18794.0,0.0
2024-04,2024,4,2,388,GT,กัวเตมาลา,1C,ทวีปอเมริกาเหนือ,0.0,0.0
2024-04,2024,4,2,410,CL,ชิลี,1D,ทวีปอเมริกาใต้,0.0,0.0
2024-04,2024,4,2,421,UY,อุรุกวัย,1D,ทวีปอเมริกาใต้,0.0,0.0
2024-04,2024,4,2,363,LV,ลัตเวีย,1B,ทวีปยุโรป,0.0,0.0
2024-04,2024,4,2,362,LT,ลิทัวเนีย,1B,ทวีปยุโรป,0.0,0.0
2024-04,2024,4,2,498,PF,เฟรนช์โปลีนีเซีย,1F,ทวีปออสเตรเลีย,2133.0,0.0
2024-04,2024,4,2,389,HN,ฮอนดูรัส,1C,ทวีปอเมริกาเหนือ,0.0,0.0
2024-04,2024,4,2,412,EC,เอกวาดอร์,1D,ทวีปอเมริกาใต้,0.0,0.0
2024-04,2024,4,2,484,CK,หมู่เกาะดุก,1F,ทวีปออสเตรเลีย,0.0,0.0
2024-04,2024,4,2,505,VU,วานูอาตู,1F,ทวีปออสเตรเลีย,0.0,0.0
2024-04,2024,4,2,401,TT,ตรินิแดดและโตเบโก,1C,ทวีปอเมริกาเหนือ,0.0,0.0
2024-04,2024,4,2,396,NI,นิการากัว,1C,ทวีปอเมริกาเหนือ,0.0,0.0
2024-04,2024,4,2,481,ZW,ซิมบับเว,1E,ทวีปแอฟริกา,2156.0,0.0
2024-04,2024,4,2,351,UA,ยูเครน,1B,ทวีปยุโรป,0.0,0.0
2024-04,2024,4,2,360,IS,ไอซ์แลนด์,1B,ทวีปยุโรป,0.0,0.0
2024-04,2024,4,2,377,BB,บาร์เบโดส,1C,ทวีปอเมริกาเหนือ,0.0,0.0
2024-04,2024,4,2,422,VE,เวเนซุเอลา,1D,ทวีปอเมริกาใต้,555.0,0.0
2024-04,2024,4,2,419,PY,ปารากวัย,1D,ทวีปอเมริกาใต้,0.0,0.0
2024-04,2024,4,2,443,GN,กินี,1E,ทวีปแอฟริกา,0.0,0.0
2024-05,2024,5,2,373,US,สหรัฐอเมริกา,1C,ทวีปอเมริกาเหนือ,4980278131.0,0.0
2024-05,2024,5,2,325,NL,เนเธอร์แลนด์,1B,ทวีปยุโรป,2453891888.0,0.0
2024-05,2024,5,2,309,TW,ไต้หวัน,1A,ทวีปเอเชีย,850902460.0,0.0
2024-05,2024,5,2,372,MX,เม็กซิโก,1C,ทวีปอเมริกาเหนือ,1213428101.0,0.0
2024-05,2024,5,2,304,JP,ญี่ปุ่น,1A,ทวีปเอเชีย,599388273.0,0.0
2024-05,2024,5,2,302,CN,จีน,1A,ทวีปเอเชีย,438834648.0,0.0
2024-05,2024,5,2,323,IT,อิตาลี,1B,ทวีปยุโรป,233510054.0,0.0
2024-05,2024,5,2,271,MY,มาเลเซีย,1A,ทวีปเอเชีย,142889162.0,0.0
2024-05,2024,5,2,320,GB,สหราชอาณาจักร,1B,ทวีปยุโรป,190032510.0,0.0
2024-05,2024,5,2,336,CZ,สาธารณรัฐเช็ก,1B,ทวีปยุโรป,193099142.0,0.0
2024-05,2024,5,2,303,HK,ฮ่องกง,1A,ทวีปเอเชีย,348573486.0,0.0
2024-05,2024,5,2,274,VN,เวียดนาม,1A,ทวีปเอเชีย,146653388.0,0.0
2024-05,2024,5,2,315,DE,เยอรมนี,1B,ทวีปยุโรป,113100025.0,0.0
2024-05,2024,5,2,279,IN,อินเดีย,1A,ทวีปเอเชีย,90740658.0,0.0
2024-05,2024,5,2,273,SG,สิงคโปร์,1A,ทวีปเอเชีย,70868413.0,0.0
2024-05,2024,5,2,371,CA,แคนาดา,1C,ทวีปอเมริกาเหนือ,72939034.0,0.0
2024-05,2024,5,2,272,PH,ฟิลิปปินส์,1A,ทวีปเอเชีย,16808357.0,0.0
2024-05,2024,5,2,343,PL,โปแลนด์,1B,ทวีปยุโรป,124092815.0,0.0
2024-05,2024,5,2,298,TR,ตุรกี,1A,ทวีปเอเชีย,176866376.0,0.0
2024-05,2024,5,2,319,FR,ฝรั่งเศส,1B,ทวีปยุโรป,34832085.0,0.0
2024-05,2024,5,2,306,KR,เกาหลีใต้,1A,ทวีปเอเชีย,47957961.0,0.0
2024-05,2024,5,2,269,LA,สปป. ลาว,1A,ทวีปเอเชีย,43523028.0,0.0
2024-05,2024,5,2,483,AU,ออสเตรเลีย,1F,ทวีปออสเตรเลีย,14570083.0,0.0
2024-05,2024,5,2,347,SK,สโลวาเกีย,1B,ทวีปยุโรป,47262304.0,0.0
2024-05,2024,5,2,268,KH,กัมพูชา,1A,ทวีปเอเชีย,42855527.0,0.0
2024-05,2024,5,2,339,HU,ฮังการี,1B,ทวีปยุโรป,29574119.0,0.0
2024-05,2024,5,2,344,RO,โรมาเนีย,1B,ทวีปยุโรป,23921411.0,0.0
2024-05,2024,5,2,316,DK,เดนมาร์ก,1B,ทวีปยุโรป,32464633.0,0.0
2024-05,2024,5,2,409,BR,บราซิล,1D,ทวีปอเมริกาใต้,23333372.0,0.0
2024-05,2024,5,2,267,ID,อินโดนีเซีย,1A,ทวีปเอเชีย,71037408.0,0.0
2024-05,2024,5,2,478,ZA,แอฟริกาใต้,1E,ทวีปแอฟริกา,4822098.0,0.0
2024-05,2024,5,2,270,MM,เมียนมา,1A,ทวีปเอเชีย,24245017.0,0.0
2024-05,2024,5,2,317,ES,สเปน,1B,ทวีปยุโรป,11813750.0,0.0
2024-05,2024,5,2,312,AT,ออสเตรีย,1B,ทวีปยุโรป,12048349.0,0.0
2024-05,2024,5,2,327,SE,สวีเดน,1B,ทวีปยุโรป,3217364.0,0.0
2024-05,2024,5,2,288,IL,อิสราเอล,1A,ทวีปเอเชีย,15199396.0,0.0
2024-05,2024,5,2,289,IQ,อิรัก,1A,ทวีปเอเชีย,0.0,0.0
2024-05,2024,5,2,384,DO,สาธารณรัฐโดมินิกัน,1C,ทวีปอเมริกาเหนือ,9307996.0,0.0
2024-05,2024,5,2,407,AR,อาร์เจนตินา,1D,ทวีปอเมริกาใต้,4921430.0,0.0
2024-05,2024,5,2,357,EE,เอสโตเนีย,1B,ทวีปยุโรป,0.0,0.0
2024-05,2024,5,2,313,BE,เบลเยียม,1B,ทวีปยุโรป,1876232.0,0.0
2024-05,2024,5,2,356,CH,สวิตเซอร์แลนด์,1B,ทวีปยุโรป,5471376.0,0.0
2024-05,2024,5,2,459,NA,นามิเบีย,1E,ทวีปแอฟริกา,0.0,0.0
2024-05,2024,5,2,322,IE,ไอร์แลนด์,1B,ทวีปยุโรป,8048266.0,0.0
2024-05,2024,5,2,366,NO,นอร์เวย์,1B,ทวีปยุโรป,2992454.0,0.0
2024-05,2024,5,2,318,FI,ฟินแลนด์,1B,ทวีปยุโรป,4369618.0,0.0
2024-05,2024,5,2,345,RU,รัสเซีย,1B,ทวีปยุโรป,3833411.0,0.0
2024-05,2024,5,2,398,PR,เปอร์โตริโก,1C,ทวีปอเมริกาเหนือ,3553617.0,0.0
2024-05,2024,5,2,285,AE,สหรัฐอาหรับเอมิเรตส์,1A,ทวีปเอเชีย,311783.0,0.0
2024-05,2024,5,2,437,EG,อียิปต์,1E,ทวีปแอฟริกา,2360962.0,0.0
2024-05,2024,5,2,281,MV,มัลดีฟส์,1A,ทวีปเอเชีย,5918891.0,0.0
2024-05,2024,5,2,431,CI,โกตดิวัวร์,1E,ทวีปแอฟริกา,0.0,0.0
2024-05,2024,5,2,283,PK,ปากีสถาน,1A,ทวีปเอเชีย,330218.0,0.0
2024-05,2024,5,2,461,NG,ไนจีเรีย,1E,ทวีปแอฟริกา,3104.0,0.0
2024-05,2024,5,2,497,NZ,นิวซีแลนด์,1F,ทวีปออสเตรเลีย,1193914.0,0.0
2024-05,2024,5,2,266,BN,บรูไน,1A,ทวีปเอเชีย,73933.0,0.0
2024-05,2024,5,2,476,TZ,แทนซาเนีย,1E,ทวีปแอฟริกา,0.0,0.0
2024-05,2024,5,2,277,BD,บังกลาเทศ,1A,ทวีปเอเชีย,1198869.0,0.0
2024-05,2024,5,2,326,PT,โปรตุเกส,1B,ทวีปยุโรป,275885.0,0.0
2024-05,2024,5,2,294,OM,โอมาน,1A,ทวีปเอเชีย,1006775.0,0.0
2024-05,2024,5,2,411,CO,โคลอมเบีย,1D,ทวีปอเมริกาใต้,285060.0,0.0
2024-05,2024,5,2,290,IR,อิหร่าน,1A,ทวีปเอเชีย,811816.0,0.0
2024-05,2024,5,2,286,BH,บาห์เรน,1A,ทวีปเอเชีย,2376.0,0.0
2024-05,2024,5,2,280,LK,ศรีลังกา,1A,ทวีปเอเชีย,356201.0,0.0
2024-05,2024,5,2,341,KZ,คาซัคสถาน,1A,ทวีปเอเชีย,0.0,0.0
2024-05,2024,5,2,340,KG,คีร์กีซสถาน,1A,ทวีปเอเชีย,120254.0,0.0
2024-05,2024,5,2,499,PG,ปาปัวนิวกินี,1F,ทวีปออสเตรเลีย,3738.0,0.0
2024-05,2024,5,2,308,MO,มาเก๊า,1A,ทวีปเอเชีย,7760.0,0.0
2024-05,2024,5,2,333,BG,บัลแกเรีย,1B,ทวีปยุโรป,0.0,0.0
2024-05,2024,5,2,346,SI,สโลวีเนีย,1B,ทวีปยุโรป,30533.0,0.0
2024-05,2024,5,2,296,SA,ซาอุดีอาระเบีย,1A,ทวีปเอเชีย,23600.0,0.0
2024-05,2024,5,2,321,GR,กรีซ,1B,ทวีปยุโรป,51637.0,0.0
2024-05,2024,5,2,441,GH,กานา,1E,ทวีปแอฟริกา,5754.0,0.0
2024-05,2024,5,2,282,NP,เนปาล,1A,ทวีปเอเชีย,0.0,0.0
2024-05,2024,5,2,475,TN,ตูนิเซีย,1E,ทวีปแอฟริกา,0.0,0.0
2024-05,2024,5,2,417,PE,เปรู,1D,ทวีปอเมริกาใต้,2076.0,0.0
2024-05,2024,5,2,292,KW,คูเวต,1A,ทวีปเอเชีย,439.0,0.0
2024-05,2024,5,2,278,BT,ภูฎาน,1A,ทวีปเอเชีย,0.0,0.0
2024-05,2024,5,2,415,GY,กายอานา,1D,ทวีปอเมริกาใต้,19787.0,0.0
2024-05,2024,5,2,363,LV,ลัตเวีย,1B,ทวีปยุโรป,35458.0,0.0
2024-05,2024,5,2,295,QA,กาตาร์,1A,ทวีปเอเชีย,10371.0,0.0
2024-05,2024,5,2,410,CL,ชิลี,1D,ทวีปอเมริกาใต้,25182.0,0.0
2024-05,2024,5,2,334,BY,เบลารุส,1B,ทวีปยุโรป,0.0,0.0
2024-05,2024,5,2,388,GT,กัวเตมาลา,1C,ทวีปอเมริกาเหนือ,0.0,0.0
2024-05,2024,5,2,389,HN,ฮอนดูรัส,1C,ทวีปอเมริกาเหนือ,9894.0,0.0
2024-05,2024,5,2,421,UY,อุรุกวัย,1D,ทวีปอเมริกาใต้,0.0,0.0
2024-05,2024,5,2,597,CW,CURACAO,1G,ประเทศอื่น,11536.0,0.0
2024-05,2024,5,2,362,LT,ลิทัวเนีย,1B,ทวีปยุโรป,0.0,0.0
2024-05,2024,5,2,498,PF,เฟรนช์โปลีนีเซีย,1F,ทวีปออสเตรเลีย,0.0,0.0
2024-05,2024,5,2,412,EC,เอกวาดอร์,1D,ทวีปอเมริกาใต้,0.0,0.0
2024-05,2024,5,2,381,CR,คอสตาริกา,1C,ทวีปอเมริกาเหนือ,6162.0,0.0
2024-05,2024,5,2,397,PA,ปานามา,1C,ทวีปอเมริกาเหนือ,6162.0,0.0
2024-05,2024,5,2,484,CK,หมู่เกาะดุก,1F,ทวีปออสเตรเลีย,0.0,0.0
2024-05,2024,5,2,505,VU,วานูอาตู,1F,ทวีปออสเตรเลีย,0.0,0.0
2024-05,2024,5,2,401,TT,ตรินิแดดและโตเบโก,1C,ทวีปอเมริกาเหนือ,0.0,0.0
2024-05,2024,5,2,396,NI,นิการากัว,1C,ทวีปอเมริกาเหนือ,0.0,0.0
2024-05,2024,5,2,481,ZW,ซิมบับเว,1E,ทวีปแอฟริกา,0.0,0.0
2024-05,2024,5,2,351,UA,ยูเครน,1B,ทวีปยุโรป,0.0,0.0
2024-05,2024,5,2,360,IS,ไอซ์แลนด์,1B,ทวีปยุโรป,0.0,0.0
2024-05,2024,5,2,377,BB,บาร์เบโดส,1C,ทวีปอเมริกาเหนือ,0.0,0.0
2024-05,2024,5,2,422,VE,เวเนซุเอลา,1D,ทวีปอเมริกาใต้,0.0,0.0
2024-05,2024,5,2,419,PY,ปารากวัย,1D,ทวีปอเมริกาใต้,0.0,0.0
2024-05,2024,5,2,443,GN,กินี,1E,ทวีปแอฟริกา,0.0,0.0
2024-06,2024,6,2,373,US,สหรัฐอเมริกา,1C,ทวีปอเมริกาเหนือ,5755144439.0,0.0
2024-06,2024,6,2,325,NL,เนเธอร์แลนด์,1B,ทวีปยุโรป,1839152108.0,0.0
2024-06,2024,6,2,372,MX,เม็กซิโก,1C,ทวีปอเมริกาเหนือ,1391102573.0,0.0
2024-06,2024,6,2,309,TW,ไต้หวัน,1A,ทวีปเอเชีย,1015816704.0,0.0
2024-06,2024,6,2,304,JP,ญี่ปุ่น,1A,ทวีปเอเชีย,507859572.0,0.0
2024-06,2024,6,2,302,CN,จีน,1A,ทวีปเอเชีย,407569856.0,0.0
2024-06,2024,6,2,323,IT,อิตาลี,1B,ทวีปยุโรป,94767992.0,0.0
2024-06,2024,6,2,271,MY,มาเลเซีย,1A,ทวีปเอเชีย,217283205.0,0.0
2024-06,2024,6,2,336,CZ,สาธารณรัฐเช็ก,1B,ทวีปยุโรป,288030126.0,0.0
2024-06,2024,6,2,303,HK,ฮ่องกง,1A,ทวีปเอเชีย,250107384.0,0.0
2024-06,2024,6,2,320,GB,สหราชอาณาจักร,1B,ทวีปยุโรป,159919812.0,0.0
2024-06,2024,6,2,274,VN,เวียดนาม,1A,ทวีปเอเชีย,150533036.0,0.0
2024-06,2024,6,2,315,DE,เยอรมนี,1B,ทวีปยุโรป,177043553.0,0.0
2024-06,2024,6,2,279,IN,อินเดีย,1A,ทวีปเอเชีย,108927324.0,0.0
2024-06,2024,6,2,273,SG,สิงคโปร์,1A,ทวีปเอเชีย,65786040.0,0.0
2024-06,2024,6,2,371,CA,แคนาดา,1C,ทวีปอเมริกาเหนือ,191360231.0,0.0
2024-06,2024,6,2,272,PH,ฟิลิปปินส์,1A,ทวีปเอเชีย,18084635.0,0.0
2024-06,2024,6,2,343,PL,โปแลนด์,1B,ทวีปยุโรป,4964365.0,0.0
2024-06,2024,6,2,298,TR,ตุรกี,1A,ทวีปเอเชีย,27510767.0,0.0
2024-06,2024,6,2,319,FR,ฝรั่งเศส,1B,ทวีปยุโรป,43548981.0,0.0
2024-06,2024,6,2,306,KR,เกาหลีใต้,1A,ทวีปเอเชีย,35625427.0,0.0
2024-06,2024,6,2,268,KH,กัมพูชา,1A,ทวีปเอเชีย,52012131.0,0.0
2024-06,2024,6,2,483,AU,ออสเตรเลีย,1F,ทวีปออสเตรเลีย,37286017.0,0.0
2024-06,2024,6,2,347,SK,สโลวาเกีย,1B,ทวีปยุโรป,37856181.0,0.0
2024-06,2024,6,2,269,LA,สปป. ลาว,1A,ทวีปเอเชีย,22147281.0,0.0
2024-06,2024,6,2,267,ID,อินโดนีเซีย,1A,ทวีปเอเชีย,45152951.0,0.0
2024-06,2024,6,2,316,DK,เดนมาร์ก,1B,ทวีปยุโรป,34022963.0,0.0
2024-06,2024,6,2,344,RO,โรมาเนีย,1B,ทวีปยุโรป,17770759.0,0.0
2024-06,2024,6,2,409,BR,บราซิล,1D,ทวีปอเมริกาใต้,24568770.0,0.0
2024-06,2024,6,2,339,HU,ฮังการี,1B,ทวีปยุโรป,10887714.0,0.0
2024-06,2024,6,2,270,MM,เมียนมา,1A,ทวีปเอเชีย,13547150.0,0.0
2024-06,2024,6,2,478,ZA,แอฟริกาใต้,1E,ทวีปแอฟริกา,1523041.0,0.0
2024-06,2024,6,2,288,IL,อิสราเอล,1A,ทวีปเอเชีย,65546266.0,0.0
2024-06,2024,6,2,317,ES,สเปน,1B,ทวีปยุโรป,12573950.0,0.0
2024-06,2024,6,2,327,SE,สวีเดน,1B,ทวีปยุโรป,17160051.0,0.0
2024-06,2024,6,2,312,AT,ออสเตรีย,1B,ทวีปยุโรป,6223345.0,0.0
2024-06,2024,6,2,289,IQ,อิรัก,1A,ทวีปเอเชีย,0.0,0.0
2024-06,2024,6,2,407,AR,อาร์เจนตินา,1D,ทวีปอเมริกาใต้,4399792.0,0.0
2024-06,2024,6,2,384,DO,สาธารณรัฐโดมินิกัน,1C,ทวีปอเมริกาเหนือ,1860019.0,0.0
2024-06,2024,6,2,313,BE,เบลเยียม,1B,ทวีปยุโรป,3411257.0,0.0
2024-06,2024,6,2,357,EE,เอสโตเนีย,1B,ทวีปยุโรป,370836.0,0.0
2024-06,2024,6,2,322,IE,ไอร์แลนด์,1B,ทวีปยุโรป,6430551.0,0.0
2024-06,2024,6,2,356,CH,สวิตเซอร์แลนด์,1B,ทวีปยุโรป,460307.0,0.0
2024-06,2024,6,2,318,FI,ฟินแลนด์,1B,ทวีปยุโรป,4283415.0,0.0
2024-06,2024,6,2,366,NO,นอร์เวย์,1B,ทวีปยุโรป,2218371.0,0.0
2024-06,2024,6,2,459,NA,นามิเบีย,1E,ทวีปแอฟริกา,0.0,0.0
2024-06,2024,6,2,345,RU,รัสเซีย,1B,ทวีปยุโรป,1729580.0,0.0
2024-06,2024,6,2,437,EG,อียิปต์,1E,ทวีปแอฟริกา,3637927.0,0.0
2024-06,2024,6,2,285,AE,สหรัฐอาหรับเอมิเรตส์,1A,ทวีปเอเชีย,2731010.0,0.0
2024-06,2024,6,2,398,PR,เปอร์โตริโก,1C,ทวีปอเมริกาเหนือ,0.0,0.0
2024-06,2024,6,2,281,MV,มัลดีฟส์,1A,ทวีปเอเชีย,309405.0,0.0
2024-06,2024,6,2,283,PK,ปากีสถาน,1A,ทวีปเอเชีย,1083739.0,0.0
2024-06,2024,6,2,431,CI,โกตดิวัวร์,1E,ทวีปแอฟริกา,0.0,0.0
2024-06,2024,6,2,497,NZ,นิวซีแลนด์,1F,ทวีปออสเตรเลีย,244912.0,0.0
2024-06,2024,6,2,333,BG,บัลแกเรีย,1B,ทวีปยุโรป,2574986.0,0.0
2024-06,2024,6,2,461,NG,ไนจีเรีย,1E,ทวีปแอฟริกา,0.0,0.0
2024-06,2024,6,2,266,BN,บรูไน,1A,ทวีปเอเชีย,339.0,0.0
2024-06,2024,6,2,277,BD,บังกลาเทศ,1A,ทวีปเอเชีย,215916.0,0.0
2024-06,2024,6,2,476,TZ,แทนซาเนีย,1E,ทวีปแอฟริกา,0.0,0.0
2024-06,2024,6,2,326,PT,โปรตุเกส,1B,ทวีปยุโรป,269730.0,0.0
2024-06,2024,6,2,340,KG,คีร์กีซสถาน,1A,ทวีปเอเชีย,1006049.0,0.0
2024-06,2024,6,2,290,IR,อิหร่าน,1A,ทวีปเอเชีย,330841.0,0.0
2024-06,2024,6,2,411,CO,โคลอมเบีย,1D,ทวีปอเมริกาใต้,267521.0,0.0
2024-06,2024,6,2,294,OM,โอมาน,1A,ทวีปเอเชีย,0.0,0.0
2024-06,2024,6,2,280,LK,ศรีลังกา,1A,ทวีปเอเชีย,177651.0,0.0
2024-06,2024,6,2,455,MR,มอริเตเนีย,1E,ทวีปแอฟริกา,900986.0,0.0
2024-06,2024,6,2,286,BH,บาห์เรน,1A,ทวีปเอเชีย,8388.0,0.0
2024-06,2024,6,2,341,KZ,คาซัคสถาน,1A,ทวีปเอเชีย,0.0,0.0
2024-06,2024,6,2,499,PG,ปาปัวนิวกินี,1F,ทวีปออสเตรเลีย,11633.0,0.0
2024-06,2024,6,2,308,MO,มาเก๊า,1A,ทวีปเอเชีย,4207.0,0.0
2024-06,2024,6,2,346,SI,สโลวีเนีย,1B,ทวีปยุโรป,6.0,0.0
2024-06,2024,6,2,296,SA,ซาอุดีอาระเบีย,1A,ทวีปเอเชีย,0.0,0.0
2024-06,2024,6,2,321,GR,กรีซ,1B,ทวีปยุโรป,0.0,0.0
2024-06,2024,6,2,441,GH,กานา,1E,ทวีปแอฟริกา,0.0,0.0
2024-06,2024,6,2,282,NP,เนปาล,1A,ทวีปเอเชีย,0.0,0.0
2024-06,2024,6,2,475,TN,ตูนิเซีย,1E,ทวีปแอฟริกา,0.0,0.0
2024-06,2024,6,2,417,PE,เปรู,1D,ทวีปอเมริกาใต้,1128.0,0.0
2024-06,2024,6,2,410,CL,ชิลี,1D,ทวีปอเมริกาใต้,13348.0,0.0
2024-06,2024,6,2,292,KW,คูเวต,1A,ทวีปเอเชีย,0.0,0.0
2024-06,2024,6,2,278,BT,ภูฎาน,1A,ทวีปเอเชีย,0.0,0.0
2024-06,2024,6,2,415,GY,กายอานา,1D,ทวีปอเมริกาใต้,0.0,0.0
2024-06,2024,6,2,295,QA,กาตาร์,1A,ทวีปเอเชีย,2459.0,0.0
2024-06,2024,6,2,363,LV,ลัตเวีย,1B,ทวีปยุโรป,0.0,0.0
2024-06,2024,6,2,334,BY,เบลารุส,1B,ทวีปยุโรป,0.0,0.0
2024-06,2024,6,2,389,HN,ฮอนดูรัส,1C,ทวีปอเมริกาเหนือ,9727.0,0.0
2024-06,2024,6,2,388,GT,กัวเตมาลา,1C,ทวีปอเมริกาเหนือ,0.0,0.0
2024-06,2024,6,2,421,UY,อุรุกวัย,1D,ทวีปอเมริกาใต้,0.0,0.0
2024-06,2024,6,2,597,CW,CURACAO,1G,ประเทศอื่น,0.0,0.0
2024-06,2024,6,2,447,KE,เคนยา,1E,ทวีปแอฟริกา,11364.0,0.0
2024-06,2024,6,2,362,LT,ลิทัวเนีย,1B,ทวีปยุโรป,1897.0,0.0
2024-06,2024,6,2,498,PF,เฟรนช์โปลีนีเซีย,1F,ทวีปออสเตรเลีย,2520.0,0.0
2024-06,2024,6,2,412,EC,เอกวาดอร์,1D,ทวีปอเมริกาใต้,0.0,0.0
2024-06,2024,6,2,381,CR,คอสตาริกา,1C,ทวีปอเมริกาเหนือ,0.0,0.0
2024-06,2024,6,2,397,PA,ปานามา,1C,ทวีปอเมริกาเหนือ,0.0,0.0
2024-06,2024,6,2,484,CK,หมู่เกาะดุก,1F,ทวีปออสเตรเลีย,0.0,0.0
2024-06,2024,6,2,505,VU,วานูอาตู,1F,ทวีปออสเตรเลีย,0.0,0.0
2024-06,2024,6,2,307,MN,มองโกเลีย,1A,ทวีปเอเชีย,3600.0,0.0
2024-06,2024,6,2,401,TT,ตรินิแดดและโตเบโก,1C,ทวีปอเมริกาเหนือ,0.0,0.0
2024-06,2024,6,2,396,NI,นิการากัว,1C,ทวีปอเมริกาเหนือ,0.0,0.0
2024-06,2024,6,2,481,ZW,ซิมบับเว,1E,ทวีปแอฟริกา,0.0,0.0
2024-06,2024,6,2,351,UA,ยูเครน,1B,ทวีปยุโรป,0.0,0.0
2024-06,2024,6,2,360,IS,ไอซ์แลนด์,1B,ทวีปยุโรป,0.0,0.0
2024-06,2024,6,2,377,BB,บาร์เบโดส,1C,ทวีปอเมริกาเหนือ,0.0,0.0
2024-06,2024,6,2,456,MU,มอริเชียส,1E,ทวีปแอฟริกา,558.0,0.0
2024-06,2024,6,2,422,VE,เวเนซุเอลา,1D,ทวีปอเมริกาใต้,0.0,0.0
2024-06,2024,6,2,419,PY,ปารากวัย,1D,ทวีปอเมริกาใต้,0.0,0.0
2024-06,2024,6,2,443,GN,กินี,1E,ทวีปแอฟริกา,0.0,0.0
2024-06,2024,6,2,291,JO,จอร์แดน,1A,ทวีปเอเชีย,130.0,0.0
2024-07,2024,7,3,373,US,สหรัฐอเมริกา,1C,ทวีปอเมริกาเหนือ,6997490920.0,0.0
2024-07,2024,7,3,325,NL,เนเธอร์แลนด์,1B,ทวีปยุโรป,2927017882.0,0.0
2024-07,2024,7,3,372,MX,เม็กซิโก,1C,ทวีปอเมริกาเหนือ,1146048619.0,0.0
2024-07,2024,7,3,309,TW,ไต้หวัน,1A,ทวีปเอเชีย,916725738.0,0.0
2024-07,2024,7,3,304,JP,ญี่ปุ่น,1A,ทวีปเอเชีย,577733494.0,0.0
2024-07,2024,7,3,302,CN,จีน,1A,ทวีปเอเชีย,369253824.0,0.0
2024-07,2024,7,3,323,IT,อิตาลี,1B,ทวีปยุโรป,208871861.0,0.0
2024-07,2024,7,3,336,CZ,สาธารณรัฐเช็ก,1B,ทวีปยุโรป,361933485.0,0.0
2024-07,2024,7,3,271,MY,มาเลเซีย,1A,ทวีปเอเชีย,176668733.0,0.0
2024-07,2024,7,3,303,HK,ฮ่องกง,1A,ทวีปเอเชีย,242075704.0,0.0
2024-07,2024,7,3,320,GB,สหราชอาณาจักร,1B,ทวีปยุโรป,163411258.0,0.0
2024-07,2024,7,3,274,VN,เวียดนาม,1A,ทวีปเอเชีย,281267477.0,0.0
2024-07,2024,7,3,315,DE,เยอรมนี,1B,ทวีปยุโรป,283825749.0,0.0
2024-07,2024,7,3,371,CA,แคนาดา,1C,ทวีปอเมริกาเหนือ,241005734.0,0.0
2024-07,2024,7,3,279,IN,อินเดีย,1A,ทวีปเอเชีย,88986993.0,0.0
2024-07,2024,7,3,273,SG,สิงคโปร์,1A,ทวีปเอเชีย,125368889.0,0.0
2024-07,2024,7,3,298,TR,ตุรกี,1A,ทวีปเอเชีย,200905965.0,0.0
2024-07,2024,7,3,272,PH,ฟิลิปปินส์,1A,ทวีปเอเชีย,10746711.0,0.0
2024-07,2024,7,3,343,PL,โปแลนด์,1B,ทวีปยุโรป,32837808.0,0.0
2024-07,2024,7,3,319,FR,ฝรั่งเศส,1B,ทวีปยุโรป,39059433.0,0.0
2024-07,2024,7,3,306,KR,เกาหลีใต้,1A,ทวีปเอเชีย,34951103.0,0.0
2024-07,2024,7,3,268,KH,กัมพูชา,1A,ทวีปเอเชีย,34512996.0,0.0
2024-07,2024,7,3,269,LA,สปป. ลาว,1A,ทวีปเอเชีย,30086122.0,0.0
2024-07,2024,7,3,347,SK,สโลวาเกีย,1B,ทวีปยุโรป,14254891.0,0.0
2024-07,2024,7,3,483,AU,ออสเตรเลีย,1F,ทวีปออสเตรเลีย,9875114.0,0.0
2024-07,2024,7,3,316,DK,เดนมาร์ก,1B,ทวีปยุโรป,32535416.0,0.0
2024-07,2024,7,3,339,HU,ฮังการี,1B,ทวีปยุโรป,39910388.0,0.0
2024-07,2024,7,3,267,ID,อินโดนีเซีย,1A,ทวีปเอเชีย,21128733.0,0.0
2024-07,2024,7,3,344,RO,โรมาเนีย,1B,ทวีปยุโรป,23043350.0,0.0
2024-07,2024,7,3,409,BR,บราซิล,1D,ทวีปอเมริกาใต้,20023068.0,0.0
2024-07,2024,7,3,288,IL,อิสราเอล,1A,ทวีปเอเชีย,18543807.0,0.0
2024-07,2024,7,3,270,MM,เมียนมา,1A,ทวีปเอเชีย,6561793.0,0.0
2024-07,2024,7,3,317,ES,สเปน,1B,ทวีปยุโรป,15855802.0,0.0
2024-07,2024,7,3,478,ZA,แอฟริกาใต้,1E,ทวีปแอฟริกา,6951834.0,0.0
2024-07,2024,7,3,322,IE,ไอร์แลนด์,1B,ทวีปยุโรป,74075938.0,0.0
2024-07,2024,7,3,327,SE,สวีเดน,1B,ทวีปยุโรป,5599552.0,0.0
2024-07,2024,7,3,312,AT,ออสเตรีย,1B,ทวีปยุโรป,7001537.0,0.0
2024-07,2024,7,3,497,NZ,นิวซีแลนด์,1F,ทวีปออสเตรเลีย,46593628.0,0.0
2024-07,2024,7,3,384,DO,สาธารณรัฐโดมินิกัน,1C,ทวีปอเมริกาเหนือ,6872607.0,0.0
2024-07,2024,7,3,289,IQ,อิรัก,1A,ทวีปเอเชีย,0.0,0.0
2024-07,2024,7,3,357,EE,เอสโตเนีย,1B,ทวีปยุโรป,7319714.0,0.0
2024-07,2024,7,3,407,AR,อาร์เจนตินา,1D,ทวีปอเมริกาใต้,1661386.0,0.0
2024-07,2024,7,3,345,RU,รัสเซีย,1B,ทวีปยุโรป,12182958.0,0.0
2024-07,2024,7,3,313,BE,เบลเยียม,1B,ทวีปยุโรป,1972885.0,0.0
2024-07,2024,7,3,356,CH,สวิตเซอร์แลนด์,1B,ทวีปยุโรป,1423380.0,0.0
2024-07,2024,7,3,437,EG,อียิปต์,1E,ทวีปแอฟริกา,3392025.0,0.0
2024-07,2024,7,3,318,FI,ฟินแลนด์,1B,ทวีปยุโรป,12120.0,0.0
2024-07,2024,7,3,366,NO,นอร์เวย์,1B,ทวีปยุโรป,1091279.0,0.0
2024-07,2024,7,3,459,NA,นามิเบีย,1E,ทวีปแอฟริกา,0.0,0.0
2024-07,2024,7,3,285,AE,สหรัฐอาหรับเอมิเรตส์,1A,ทวีปเอเชีย,393196.0,0.0
2024-07,2024,7,3,398,PR,เปอร์โตริโก,1C,ทวีปอเมริกาเหนือ,7297.0,0.0
2024-07,2024,7,3,281,MV,มัลดีฟส์,1A,ทวีปเอเชีย,557318.0,0.0
2024-07,2024,7,3,280,LK,ศรีลังกา,1A,ทวีปเอเชีย,5865999.0,0.0
2024-07,2024,7,3,469,SN,เซเนกัล,1E,ทวีปแอฟริกา,5631907.0,0.0
2024-07,2024,7,3,283,PK,ปากีสถาน,1A,ทวีปเอเชีย,1056396.0,0.0
2024-07,2024,7,3,461,NG,ไนจีเรีย,1E,ทวีปแอฟริกา,1014506.0,0.0
2024-07,2024,7,3,431,CI,โกตดิวัวร์,1E,ทวีปแอฟริกา,0.0,0.0
2024-07,2024,7,3,277,BD,บังกลาเทศ,1A,ทวีปเอเชีย,896762.0,0.0
2024-07,2024,7,3,333,BG,บัลแกเรีย,1B,ทวีปยุโรป,81724.0,0.0
2024-07,2024,7,3,326,PT,โปรตุเกส,1B,ทวีปยุโรป,275957.0,0.0
2024-07,2024,7,3,266,BN,บรูไน,1A,ทวีปเอเชีย,0.0,0.0
2024-07,2024,7,3,476,TZ,แทนซาเนีย,1E,ทวีปแอฟริกา,0.0,0.0
2024-07,2024,7,3,340,KG,คีร์กีซสถาน,1A,ทวีปเอเชีย,281225.0,0.0
2024-07,2024,7,3,411,CO,โคลอมเบีย,1D,ทวีปอเมริกาใต้,476792.0,0.0
2024-07,2024,7,3,290,IR,อิหร่าน,1A,ทวีปเอเชีย,0.0,0.0
2024-07,2024,7,3,294,OM,โอมาน,1A,ทวีปเอเชีย,0.0,0.0
2024-07,2024,7,3,455,MR,มอริเตเนีย,1E,ทวีปแอฟริกา,0.0,0.0
2024-07,2024,7,3,286,BH,บาห์เรน,1A,ทวีปเอเชีย,0.0,0.0
2024-07,2024,7,3,499,PG,ปาปัวนิวกินี,1F,ทวีปออสเตรเลีย,263522.0,0.0
2024-07,2024,7,3,341,KZ,คาซัคสถาน,1A,ทวีปเอเชีย,0.0,0.0
2024-07,2024,7,3,346,SI,สโลวีเนีย,1B,ทวีปยุโรป,54175.0,0.0
2024-07,2024,7,3,308,MO,มาเก๊า,1A,ทวีปเอเชีย,0.0,0.0
2024-07,2024,7,3,296,SA,ซาอุดีอาระเบีย,1A,ทวีปเอเชีย,37365.0,0.0
2024-07,2024,7,3,321,GR,กรีซ,1B,ทวีปยุโรป,4425.0,0.0
2024-07,2024,7,3,441,GH,กานา,1E,ทวีปแอฟริกา,0.0,0.0
2024-07,2024,7,3,282,NP,เนปาล,1A,ทวีปเอเชีย,0.0,0.0
2024-07,2024,7,3,410,CL,ชิลี,1D,ทวีปอเมริกาใต้,25494.0,0.0
2024-07,2024,7,3,417,PE,เปรู,1D,ทวีปอเมริกาใต้,14788.0,0.0
2024-07,2024,7,3,475,TN,ตูนิเซีย,1E,ทวีปแอฟริกา,0.0,0.0
2024-07,2024,7,3,419,PY,ปารากวัย,1D,ทวีปอเมริกาใต้,67332.0,0.0
2024-07,2024,7,3,292,KW,คูเวต,1A,ทวีปเอเชีย,0.0,0.0
2024-07,2024,7,3,278,BT,ภูฎาน,1A,ทวีปเอเชีย,0.0,0.0
2024-07,2024,7,3,415,GY,กายอานา,1D,ทวีปอเมริกาใต้,0.0,0.0
2024-07,2024,7,3,295,QA,กาตาร์,1A,ทวีปเอเชีย,292.0,0.0
2024-07,2024,7,3,363,LV,ลัตเวีย,1B,ทวีปยุโรป,0.0,0.0
2024-07,2024,7,3,397,PA,ปานามา,1C,ทวีปอเมริกาเหนือ,32205.0,0.0
2024-07,2024,7,3,334,BY,เบลารุส,1B,ทวีปยุโรป,0.0,0.0
2024-07,2024,7,3,389,HN,ฮอนดูรัส,1C,ทวีปอเมริกาเหนือ,0.0,0.0
2024-07,2024,7,3,388,GT,กัวเตมาลา,1C,ทวีปอเมริกาเหนือ,0.0,0.0
2024-07,2024,7,3,421,UY,อุรุกวัย,1D,ทวีปอเมริกาใต้,2889.0,0.0
2024-07,2024,7,3,447,KE,เคนยา,1E,ทวีปแอฟริกา,3444.0,0.0
2024-07,2024,7,3,597,CW,CURACAO,1G,ประเทศอื่น,0.0,0.0
2024-07,2024,7,3,362,LT,ลิทัวเนีย,1B,ทวีปยุโรป,0.0,0.0
2024-07,2024,7,3,498,PF,เฟรนช์โปลีนีเซีย,1F,ทวีปออสเตรเลีย,0.0,0.0
2024-07,2024,7,3,412,EC,เอกวาดอร์,1D,ทวีปอเมริกาใต้,0.0,0.0
2024-07,2024,7,3,381,CR,คอสตาริกา,1C,ทวีปอเมริกาเหนือ,0.0,0.0
2024-07,2024,7,3,293,LB,เลบานอน,1A,ทวีปเอเชีย,6020.0,0.0
2024-07,2024,7,3,484,CK,หมู่เกาะดุก,1F,ทวีปออสเตรเลีย,0.0,0.0
2024-07,2024,7,3,505,VU,วานูอาตู,1F,ทวีปออสเตรเลีย,0.0,0.0
2024-07,2024,7,3,383,DM,โดมินิกา,1C,ทวีปอเมริกาเหนือ,4195.0,0.0
2024-07,2024,7,3,307,MN,มองโกเลีย,1A,ทวีปเอเชีย,0.0,0.0
2024-07,2024,7,3,401,TT,ตรินิแดดและโตเบโก,1C,ทวีปอเมริกาเหนือ,0.0,0.0
2024-07,2024,7,3,391,JM,จาเมกา,1C,ทวีปอเมริกาเหนือ,2244.0,0.0
2024-07,2024,7,3,396,NI,นิการากัว,1C,ทวีปอเมริกาเหนือ,0.0,0.0
2024-07,2024,7,3,481,ZW,ซิมบับเว,1E,ทวีปแอฟริกา,0.0,0.0
2024-07,2024,7,3,351,UA,ยูเครน,1B,ทวีปยุโรป,0.0,0.0
2024-07,2024,7,3,456,MU,มอริเชียส,1E,ทวีปแอฟริกา,550.0,0.0
2024-07,2024,7,3,465,SC,เซเชลส์,1E,ทวีปแอฟริกา,1100.0,0.0
2024-07,2024,7,3,360,IS,ไอซ์แลนด์,1B,ทวีปยุโรป,0.0,0.0
2024-07,2024,7,3,377,BB,บาร์เบโดส,1C,ทวีปอเมริกาเหนือ,0.0,0.0
2024-07,2024,7,3,422,VE,เวเนซุเอลา,1D,ทวีปอเมริกาใต้,0.0,0.0
2024-07,2024,7,3,443,GN,กินี,1E,ทวีปแอฟริกา,0.0,0.0
2024-07,2024,7,3,365,MT,มอลตา,1B,ทวีปยุโรป,146.0,0.0
2024-07,2024,7,3,291,JO,จอร์แดน,1A,ทวีปเอเชีย,0.0,0.0
2024-07,2024,7,3,432,CM,แคเมอรูน,1E,ทวีปแอฟริกา,73.0,0.0
2024-07,2024,7,3,452,MA,โมร็อกโก,1E,ทวีปแอฟริกา,73.0,0.0
2024-08,2024,8,3,373,US,สหรัฐอเมริกา,1C,ทวีปอเมริกาเหนือ,7741551339.0,0.0
2024-08,2024,8,3,325,NL,เนเธอร์แลนด์,1B,ทวีปยุโรป,2589533777.0,0.0
2024-08,2024,8,3,372,MX,เม็กซิโก,1C,ทวีปอเมริกาเหนือ,1393439699.0,0.0
2024-08,2024,8,3,309,TW,ไต้หวัน,1A,ทวีปเอเชีย,1319698816.0,0.0
2024-08,2024,8,3,304,JP,ญี่ปุ่น,1A,ทวีปเอเชีย,553734440.0,0.0
2024-08,2024,8,3,302,CN,จีน,1A,ทวีปเอเชีย,375868467.0,0.0
2024-08,2024,8,3,323,IT,อิตาลี,1B,ทวีปยุโรป,144832391.0,0.0
2024-08,2024,8,3,336,CZ,สาธารณรัฐเช็ก,1B,ทวีปยุโรป,258360217.0,0.0
2024-08,2024,8,3,271,MY,มาเลเซีย,1A,ทวีปเอเชีย,356471756.0,0.0
2024-08,2024,8,3,303,HK,ฮ่องกง,1A,ทวีปเอเชีย,360991925.0,0.0
2024-08,2024,8,3,320,GB,สหราชอาณาจักร,1B,ทวีปยุโรป,248891863.0,0.0
2024-08,2024,8,3,274,VN,เวียดนาม,1A,ทวีปเอเชีย,207933254.0,0.0
2024-08,2024,8,3,315,DE,เยอรมนี,1B,ทวีปยุโรป,209356035.0,0.0
2024-08,2024,8,3,371,CA,แคนาดา,1C,ทวีปอเมริกาเหนือ,320115302.0,0.0
2024-08,2024,8,3,279,IN,อินเดีย,1A,ทวีปเอเชีย,170676870.0,0.0
2024-08,2024,8,3,273,SG,สิงคโปร์,1A,ทวีปเอเชีย,68816525.0,0.0
2024-08,2024,8,3,298,TR,ตุรกี,1A,ทวีปเอเชีย,52468820.0,0.0
2024-08,2024,8,3,343,PL,โปแลนด์,1B,ทวีปยุโรป,92687818.0,0.0
2024-08,2024,8,3,272,PH,ฟิลิปปินส์,1A,ทวีปเอเชีย,16469309.0,0.0
2024-08,2024,8,3,319,FR,ฝรั่งเศส,1B,ทวีปยุโรป,14267155.0,0.0
2024-08,2024,8,3,306,KR,เกาหลีใต้,1A,ทวีปเอเชีย,31918274.0,0.0
2024-08,2024,8,3,268,KH,กัมพูชา,1A,ทวีปเอเชีย,38373096.0,0.0
2024-08,2024,8,3,269,LA,สปป. ลาว,1A,ทวีปเอเชีย,39950256.0,0.0
2024-08,2024,8,3,347,SK,สโลวาเกีย,1B,ทวีปยุโรป,36318242.0,0.0
2024-08,2024,8,3,483,AU,ออสเตรเลีย,1F,ทวีปออสเตรเลีย,37422552.0,0.0
2024-08,2024,8,3,316,DK,เดนมาร์ก,1B,ทวีปยุโรป,39961624.0,0.0
2024-08,2024,8,3,267,ID,อินโดนีเซีย,1A,ทวีปเอเชีย,32354159.0,0.0
2024-08,2024,8,3,339,HU,ฮังการี,1B,ทวีปยุโรป,25747892.0,0.0
2024-08,2024,8,3,344,RO,โรมาเนีย,1B,ทวีปยุโรป,27034468.0,0.0
2024-08,2024,8,3,409,BR,บราซิล,1D,ทวีปอเมริกาใต้,25767084.0,0.0
2024-08,2024,8,3,288,IL,อิสราเอล,1A,ทวีปเอเชีย,63508574.0,0.0
2024-08,2024,8,3,322,IE,ไอร์แลนด์,1B,ทวีปยุโรป,69418771.0,0.0
2024-08,2024,8,3,497,NZ,นิวซีแลนด์,1F,ทวีปออสเตรเลีย,106088212.0,0.0
2024-08,2024,8,3,270,MM,เมียนมา,1A,ทวีปเอเชีย,27847496.0,0.0
2024-08,2024,8,3,317,ES,สเปน,1B,ทวีปยุโรป,29538628.0,0.0
2024-08,2024,8,3,478,ZA,แอฟริกาใต้,1E,ทวีปแอฟริกา,9697044.0,0.0
2024-08,2024,8,3,327,SE,สวีเดน,1B,ทวีปยุโรป,23473704.0,0.0
2024-08,2024,8,3,312,AT,ออสเตรีย,1B,ทวีปยุโรป,8851633.0,0.0
2024-08,2024,8,3,479,ZM,แซมเบีย,1E,ทวีปแอฟริกา,49986273.0,0.0
2024-08,2024,8,3,384,DO,สาธารณรัฐโดมินิกัน,1C,ทวีปอเมริกาเหนือ,74584.0,0.0
2024-08,2024,8,3,407,AR,อาร์เจนตินา,1D,ทวีปอเมริกาใต้,3423430.0,0.0
2024-08,2024,8,3,357,EE,เอสโตเนีย,1B,ทวีปยุโรป,1055899.0,0.0
2024-08,2024,8,3,345,RU,รัสเซีย,1B,ทวีปยุโรป,4105460.0,0.0
2024-08,2024,8,3,289,IQ,อิรัก,1A,ทวีปเอเชีย,7607.0,0.0
2024-08,2024,8,3,313,BE,เบลเยียม,1B,ทวีปยุโรป,1460411.0,0.0
2024-08,2024,8,3,437,EG,อียิปต์,1E,ทวีปแอฟริกา,4276908.0,0.0
2024-08,2024,8,3,318,FI,ฟินแลนด์,1B,ทวีปยุโรป,4162756.0,0.0
2024-08,2024,8,3,356,CH,สวิตเซอร์แลนด์,1B,ทวีปยุโรป,372045.0,0.0
2024-08,2024,8,3,366,NO,นอร์เวย์,1B,ทวีปยุโรป,2363631.0,0.0
2024-08,2024,8,3,285,AE,สหรัฐอาหรับเอมิเรตส์,1A,ทวีปเอเชีย,1733859.0,0.0
2024-08,2024,8,3,469,SN,เซเนกัล,1E,ทวีปแอฟริกา,6683007.0,0.0
2024-08,2024,8,3,459,NA,นามิเบีย,1E,ทวีปแอฟริกา,0.0,0.0
2024-08,2024,8,3,398,PR,เปอร์โตริโก,1C,ทวีปอเมริกาเหนือ,0.0,0.0
2024-08,2024,8,3,281,MV,มัลดีฟส์,1A,ทวีปเอเชีย,911016.0,0.0
2024-08,2024,8,3,292,KW,คูเวต,1A,ทวีปเอเชีย,7480788.0,0.0
2024-08,2024,8,3,266,BN,บรูไน,1A,ทวีปเอเชีย,5360622.0,0.0
2024-08,2024,8,3,280,LK,ศรีลังกา,1A,ทวีปเอเชีย,437262.0,0.0
2024-08,2024,8,3,283,PK,ปากีสถาน,1A,ทวีปเอเชีย,223644.0,0.0
2024-08,2024,8,3,277,BD,บังกลาเทศ,1A,ทวีปเอเชีย,1081691.0,0.0
2024-08,2024,8,3,461,NG,ไนจีเรีย,1E,ทวีปแอฟริกา,490.0,0.0
2024-08,2024,8,3,431,CI,โกตดิวัวร์,1E,ทวีปแอฟริกา,0.0,0.0
2024-08,2024,8,3,333,BG,บัลแกเรีย,1B,ทวีปยุโรป,0.0,0.0
2024-08,2024,8,3,326,PT,โปรตุเกส,1B,ทวีปยุโรป,440430.0,0.0
2024-08,2024,8,3,340,KG,คีร์กีซสถาน,1A,ทวีปเอเชีย,566391.0,0.0
2024-08,2024,8,3,411,CO,โคลอมเบีย,1D,ทวีปอเมริกาใต้,390005.0,0.0
2024-08,2024,8,3,476,TZ,แทนซาเนีย,1E,ทวีปแอฟริกา,0.0,0.0
2024-08,2024,8,3,290,IR,อิหร่าน,1A,ทวีปเอเชีย,697583.0,0.0
2024-08,2024,8,3,294,OM,โอมาน,1A,ทวีปเอเชีย,0.0,0.0
2024-08,2024,8,3,455,MR,มอริเตเนีย,1E,ทวีปแอฟริกา,0.0,0.0
2024-08,2024,8,3,286,BH,บาห์เรน,1A,ทวีปเอเชีย,0.0,0.0
2024-08,2024,8,3,341,KZ,คาซัคสถาน,1A,ทวีปเอเชีย,115320.0,0.0
2024-08,2024,8,3,499,PG,ปาปัวนิวกินี,1F,ทวีปออสเตรเลีย,46215.0,0.0
2024-08,2024,8,3,346,SI,สโลวีเนีย,1B,ทวีปยุโรป,228409.0,0.0
2024-08,2024,8,3,308,MO,มาเก๊า,1A,ทวีปเอเชีย,92318.0,0.0
2024-08,2024,8,3,296,SA,ซาอุดีอาระเบีย,1A,ทวีปเอเชีย,33444.0,0.0
2024-08,2024,8,3,475,TN,ตูนิเซีย,1E,ทวีปแอฟริกา,104235.0,0.0
2024-08,2024,8,3,321,GR,กรีซ,1B,ทวีปยุโรป,10622.0,0.0
2024-08,2024,8,3,441,GH,กานา,1E,ทวีปแอฟริกา,0.0,0.0
2024-08,2024,8,3,282,NP,เนปาล,1A,ทวีปเอเชีย,0.0,0.0
2024-08,2024,8,3,295,QA,กาตาร์,1A,ทวีปเอเชีย,37893.0,0.0
2024-08,2024,8,3,410,CL,ชิลี,1D,ทวีปอเมริกาใต้,2028.0,0.0
2024-08,2024,8,3,417,PE,เปรู,1D,ทวีปอเมริกาใต้,717.0,0.0
2024-08,2024,8,3,278,BT,ภูฎาน,1A,ทวีปเอเชีย,31648.0,0.0
2024-08,2024,8,3,419,PY,ปารากวัย,1D,ทวีปอเมริกาใต้,0.0,0.0
2024-08,2024,8,3,415,GY,กายอานา,1D,ทวีปอเมริกาใต้,0.0,0.0
2024-08,2024,8,3,389,HN,ฮอนดูรัส,1C,ทวีปอเมริกาเหนือ,19389.0,0.0
2024-08,2024,8,3,363,LV,ลัตเวีย,1B,ทวีปยุโรป,0.0,0.0
2024-08,2024,8,3,397,PA,ปานามา,1C,ทวีปอเมริกาเหนือ,0.0,0.0
2024-08,2024,8,3,334,BY,เบลารุส,1B,ทวีปยุโรป,0.0,0.0
2024-08,2024,8,3,388,GT,กัวเตมาลา,1C,ทวีปอเมริกาเหนือ,0.0,0.0
2024-08,2024,8,3,498,PF,เฟรนช์โปลีนีเซีย,1F,ทวีปออสเตรเลีย,8229.0,0.0
2024-08,2024,8,3,447,KE,เคนยา,1E,ทวีปแอฟริกา,3444.0,0.0
2024-08,2024,8,3,421,UY,อุรุกวัย,1D,ทวีปอเมริกาใต้,0.0,0.0
2024-08,2024,8,3,597,CW,CURACAO,1G,ประเทศอื่น,0.0,0.0
2024-08,2024,8,3,362,LT,ลิทัวเนีย,1B,ทวีปยุโรป,0.0,0.0
2024-08,2024,8,3,484,CK,หมู่เกาะดุก,1F,ทวีปออสเตรเลีย,2171.0,0.0
2024-08,2024,8,3,412,EC,เอกวาดอร์,1D,ทวีปอเมริกาใต้,0.0,0.0
2024-08,2024,8,3,381,CR,คอสตาริกา,1C,ทวีปอเมริกาเหนือ,0.0,0.0
2024-08,2024,8,3,293,LB,เลบานอน,1A,ทวีปเอเชีย,0.0,0.0
2024-08,2024,8,3,505,VU,วานูอาตู,1F,ทวีปออสเตรเลีย,0.0,0.0
2024-08,2024,8,3,383,DM,โดมินิกา,1C,ทวีปอเมริกาเหนือ,0.0,0.0
2024-08,2024,8,3,307,MN,มองโกเลีย,1A,ทวีปเอเชีย,0.0,0.0
2024-08,2024,8,3,401,TT,ตรินิแดดและโตเบโก,1C,ทวีปอเมริกาเหนือ,0.0,0.0
2024-08,2024,8,3,391,JM,จาเมกา,1C,ทวีปอเมริกาเหนือ,0.0,0.0
2024-08,2024,8,3,396,NI,นิการากัว,1C,ทวีปอเมริกาเหนือ,0.0,0.0
2024-08,2024,8,3,481,ZW,ซิมบับเว,1E,ทวีปแอฟริกา,0.0,0.0
2024-08,2024,8,3,351,UA,ยูเครน,1B,ทวีปยุโรป,0.0,0.0
2024-08,2024,8,3,456,MU,มอริเชียส,1E,ทวีปแอฟริกา,0.0,0.0
2024-08,2024,8,3,465,SC,เซเชลส์,1E,ทวีปแอฟริกา,0.0,0.0
2024-08,2024,8,3,360,IS,ไอซ์แลนด์,1B,ทวีปยุโรป,0.0,0.0
2024-08,2024,8,3,377,BB,บาร์เบโดส,1C,ทวีปอเมริกาเหนือ,0.0,0.0
2024-08,2024,8,3,422,VE,เวเนซุเอลา,1D,ทวีปอเมริกาใต้,0.0,0.0
2024-08,2024,8,3,443,GN,กินี,1E,ทวีปแอฟริกา,0.0,0.0
2024-08,2024,8,3,365,MT,มอลตา,1B,ทวีปยุโรป,0.0,0.0
2024-08,2024,8,3,291,JO,จอร์แดน,1A,ทวีปเอเชีย,0.0,0.0
2024-08,2024,8,3,432,CM,แคเมอรูน,1E,ทวีปแอฟริกา,0.0,0.0
2024-08,2024,8,3,452,MA,โมร็อกโก,1E,ทวีปแอฟริกา,0.0,0.0
2024-09,2024,9,3,373,US,สหรัฐอเมริกา,1C,ทวีปอเมริกาเหนือ,6036868929.0,0.0
2024-09,2024,9,3,325,NL,เนเธอร์แลนด์,1B,ทวีปยุโรป,2455108695.0,0.0
2024-09,2024,9,3,372,MX,เม็กซิโก,1C,ทวีปอเมริกาเหนือ,1299275444.0,0.0
2024-09,2024,9,3,309,TW,ไต้หวัน,1A,ทวีปเอเชีย,1013536412.0,0.0
2024-09,2024,9,3,304,JP,ญี่ปุ่น,1A,ทวีปเอเชีย,477329360.0,0.0
2024-09,2024,9,3,302,CN,จีน,1A,ทวีปเอเชีย,417004878.0,0.0
2024-09,2024,9,3,336,CZ,สาธารณรัฐเช็ก,1B,ทวีปยุโรป,423023621.0,0.0
2024-09,2024,9,3,271,MY,มาเลเซีย,1A,ทวีปเอเชีย,372514374.0,0.0
2024-09,2024,9,3,323,IT,อิตาลี,1B,ทวีปยุโรป,25962710.0,0.0
2024-09,2024,9,3,303,HK,ฮ่องกง,1A,ทวีปเอเชีย,263725153.0,0.0
2024-09,2024,9,3,320,GB,สหราชอาณาจักร,1B,ทวีปยุโรป,168834025.0,0.0
2024-09,2024,9,3,274,VN,เวียดนาม,1A,ทวีปเอเชีย,222993360.0,0.0
2024-09,2024,9,3,315,DE,เยอรมนี,1B,ทวีปยุโรป,191655816.0,0.0
2024-09,2024,9,3,371,CA,แคนาดา,1C,ทวีปอเมริกาเหนือ,139117179.0,0.0
2024-09,2024,9,3,279,IN,อินเดีย,1A,ทวีปเอเชีย,62380191.0,0.0
2024-09,2024,9,3,273,SG,สิงคโปร์,1A,ทวีปเอเชีย,189263237.0,0.0
2024-09,2024,9,3,298,TR,ตุรกี,1A,ทวีปเอเชีย,160273527.0,0.0
2024-09,2024,9,3,343,PL,โปแลนด์,1B,ทวีปยุโรป,10000531.0,0.0
2024-09,2024,9,3,272,PH,ฟิลิปปินส์,1A,ทวีปเอเชีย,12627503.0,0.0
2024-09,2024,9,3,319,FR,ฝรั่งเศส,1B,ทวีปยุโรป,41289914.0,0.0
2024-09,2024,9,3,306,KR,เกาหลีใต้,1A,ทวีปเอเชีย,31620116.0,0.0
2024-09,2024,9,3,268,KH,กัมพูชา,1A,ทวีปเอเชีย,40245748.0,0.0
2024-09,2024,9,3,269,LA,สปป. ลาว,1A,ทวีปเอเชีย,32164504.0,0.0
2024-09,2024,9,3,347,SK,สโลวาเกีย,1B,ทวีปยุโรป,26905661.0,0.0
2024-09,2024,9,3,483,AU,ออสเตรเลีย,1F,ทวีปออสเตรเลีย,13704730.0,0.0
2024-09,2024,9,3,316,DK,เดนมาร์ก,1B,ทวีปยุโรป,32851776.0,0.0
2024-09,2024,9,3,267,ID,อินโดนีเซีย,1A,ทวีปเอเชีย,22642438.0,0.0
2024-09,2024,9,3,339,HU,ฮังการี,1B,ทวีปยุโรป,18799252.0,0.0
2024-09,2024,9,3,344,RO,โรมาเนีย,1B,ทวีปยุโรป,25900795.0,0.0
2024-09,2024,9,3,288,IL,อิสราเอล,1A,ทวีปเอเชีย,24196952.0,0.0
2024-09,2024,9,3,409,BR,บราซิล,1D,ทวีปอเมริกาใต้,17947436.0,0.0
2024-09,2024,9,3,317,ES,สเปน,1B,ทวีปยุโรป,12178900.0,0.0
2024-09,2024,9,3,322,IE,ไอร์แลนด์,1B,ทวีปยุโรป,1531880.0,0.0
2024-09,2024,9,3,270,MM,เมียนมา,1A,ทวีปเอเชีย,6756638.0,0.0
2024-09,2024,9,3,497,NZ,นิวซีแลนด์,1F,ทวีปออสเตรเลีย,29967.0,0.0
2024-09,2024,9,3,478,ZA,แอฟริกาใต้,1E,ทวีปแอฟริกา,19260255.0,0.0
2024-09,2024,9,3,327,SE,สวีเดน,1B,ทวีปยุโรป,20239156.0,0.0
2024-09,2024,9,3,312,AT,ออสเตรีย,1B,ทวีปยุโรป,5321829.0,0.0
2024-09,2024,9,3,479,ZM,แซมเบีย,1E,ทวีปแอฟริกา,5372116.0,0.0
2024-09,2024,9,3,407,AR,อาร์เจนตินา,1D,ทวีปอเมริกาใต้,5131594.0,0.0
2024-09,2024,9,3,357,EE,เอสโตเนีย,1B,ทวีปยุโรป,3427760.0,0.0
2024-09,2024,9,3,345,RU,รัสเซีย,1B,ทวีปยุโรป,3391160.0,0.0
2024-09,2024,9,3,384,DO,สาธารณรัฐโดมินิกัน,1C,ทวีปอเมริกาเหนือ,0.0,0.0
2024-09,2024,9,3,289,IQ,อิรัก,1A,ทวีปเอเชีย,0.0,0.0
2024-09,2024,9,3,437,EG,อียิปต์,1E,ทวีปแอฟริกา,5346529.0,0.0
2024-09,2024,9,3,313,BE,เบลเยียม,1B,ทวีปยุโรป,284040.0,0.0
2024-09,2024,9,3,318,FI,ฟินแลนด์,1B,ทวีปยุโรป,3717973.0,0.0
2024-09,2024,9,3,356,CH,สวิตเซอร์แลนด์,1B,ทวีปยุโรป,1894478.0,0.0
2024-09,2024,9,3,366,NO,นอร์เวย์,1B,ทวีปยุโรป,1852444.0,0.0
2024-09,2024,9,3,285,AE,สหรัฐอาหรับเอมิเรตส์,1A,ทวีปเอเชีย,1154556.0,0.0
2024-09,2024,9,3,469,SN,เซเนกัล,1E,ทวีปแอฟริกา,0.0,0.0
2024-09,2024,9,3,459,NA,นามิเบีย,1E,ทวีปแอฟริกา,0.0,0.0
2024-09,2024,9,3,280,LK,ศรีลังกา,1A,ทวีปเอเชีย,1616258.0,0.0
2024-09,2024,9,3,281,MV,มัลดีฟส์,1A,ทวีปเอเชีย,902516.0,0.0
2024-09,2024,9,3,398,PR,เปอร์โตริโก,1C,ทวีปอเมริกาเหนือ,0.0,0.0
2024-09,2024,9,3,292,KW,คูเวต,1A,ทวีปเอเชีย,0.0,0.0
2024-09,2024,9,3,266,BN,บรูไน,1A,ทวีปเอเชีย,17877.0,0.0
2024-09,2024,9,3,283,PK,ปากีสถาน,1A,ทวีปเอเชีย,595942.0,0.0
2024-09,2024,9,3,476,TZ,แทนซาเนีย,1E,ทวีปแอฟริกา,3285310.0,0.0
2024-09,2024,9,3,277,BD,บังกลาเทศ,1A,ทวีปเอเชีย,786882.0,0.0
2024-09,2024,9,3,461,NG,ไนจีเรีย,1E,ทวีปแอฟริกา,0.0,0.0
2024-09,2024,9,3,431,CI,โกตดิวัวร์,1E,ทวีปแอฟริกา,0.0,0.0
2024-09,2024,9,3,326,PT,โปรตุเกส,1B,ทวีปยุโรป,259106.0,0.0
2024-09,2024,9,3,333,BG,บัลแกเรีย,1B,ทวีปยุโรป,0.0,0.0
2024-09,2024,9,3,411,CO,โคลอมเบีย,1D,ทวีปอเมริกาใต้,368817.0,0.0
2024-09,2024,9,3,340,KG,คีร์กีซสถาน,1A,ทวีปเอเชีย,0.0,0.0
2024-09,2024,9,3,290,IR,อิหร่าน,1A,ทวีปเอเชีย,131450.0,0.0
2024-09,2024,9,3,294,OM,โอมาน,1A,ทวีปเอเชีย,0.0,0.0
2024-09,2024,9,3,455,MR,มอริเตเนีย,1E,ทวีปแอฟริกา,0.0,0.0
2024-09,2024,9,3,286,BH,บาห์เรน,1A,ทวีปเอเชีย,0.0,0.0
2024-09,2024,9,3,341,KZ,คาซัคสถาน,1A,ทวีปเอเชีย,68061.0,0.0
2024-09,2024,9,3,499,PG,ปาปัวนิวกินี,1F,ทวีปออสเตรเลีย,0.0,0.0
2024-09,2024,9,3,295,QA,กาตาร์,1A,ทวีปเอเชีย,511061.0,0.0
2024-09,2024,9,3,346,SI,สโลวีเนีย,1B,ทวีปยุโรป,26690.0,0.0
2024-09,2024,9,3,308,MO,มาเก๊า,1A,ทวีปเอเชีย,1355.0,0.0
2024-09,2024,9,3,296,SA,ซาอุดีอาระเบีย,1A,ทวีปเอเชีย,53413.0,0.0
2024-09,2024,9,3,475,TN,ตูนิเซีย,1E,ทวีปแอฟริกา,0.0,0.0
2024-09,2024,9,3,321,GR,กรีซ,1B,ทวีปยุโรป,12404.0,0.0
2024-09,2024,9,3,441,GH,กานา,1E,ทวีปแอฟริกา,0.0,0.0
2024-09,2024,9,3,282,NP,เนปาล,1A,ทวีปเอเชีย,0.0,0.0
2024-09,2024,9,3,410,CL,ชิลี,1D,ทวีปอเมริกาใต้,0.0,0.0
2024-09,2024,9,3,417,PE,เปรู,1D,ทวีปอเมริกาใต้,1143.0,0.0
2024-09,2024,9,3,278,BT,ภูฎาน,1A,ทวีปเอเชีย,0.0,0.0
2024-09,2024,9,3,419,PY,ปารากวัย,1D,ทวีปอเมริกาใต้,0.0,0.0
2024-09,2024,9,3,415,GY,กายอานา,1D,ทวีปอเมริกาใต้,0.0,0.0
2024-09,2024,9,3,389,HN,ฮอนดูรัส,1C,ทวีปอเมริกาเหนือ,0.0,0.0
2024-09,2024,9,3,363,LV,ลัตเวีย,1B,ทวีปยุโรป,0.0,0.0
2024-09,2024,9,3,397,PA,ปานามา,1C,ทวีปอเมริกาเหนือ,1264.0,0.0
2024-09,2024,9,3,334,BY,เบลารุส,1B,ทวีปยุโรป,0.0,0.0
2024-09,2024,9,3,428,BW,บอตสวานา,1E,ทวีปแอฟริกา,33704.0,0.0
2024-09,2024,9,3,465,SC,เซเชลส์,1E,ทวีปแอฟริกา,26600.0,0.0
2024-09,2024,9,3,388,GT,กัวเตมาลา,1C,ทวีปอเมริกาเหนือ,0.0,0.0
2024-09,2024,9,3,498,PF,เฟรนช์โปลีนีเซีย,1F,ทวีปออสเตรเลีย,741.0,0.0
2024-09,2024,9,3,364,MC,โมนาโก,1B,ทวีปยุโรป,18843.0,0.0
2024-09,2024,9,3,447,KE,เคนยา,1E,ทวีปแอฟริกา,0.0,0.0
2024-09,2024,9,3,324,LU,ลักเซมเบิร์ก,1B,ทวีปยุโรป,17147.0,0.0
2024-09,2024,9,3,421,UY,อุรุกวัย,1D,ทวีปอเมริกาใต้,0.0,0.0
2024-09,2024,9,3,293,LB,เลบานอน,1A,ทวีปเอเชีย,8212.0,0.0
2024-09,2024,9,3,505,VU,วานูอาตู,1F,ทวีปออสเตรเลีย,7961.0,0.0
2024-09,2024,9,3,597,CW,CURACAO,1G,ประเทศอื่น,0.0,0.0
2024-09,2024,9,3,362,LT,ลิทัวเนีย,1B,ทวีปยุโรป,0.0,0.0
2024-09,2024,9,3,484,CK,หมู่เกาะดุก,1F,ทวีปออสเตรเลีย,0.0,0.0
2024-09,2024,9,3,412,EC,เอกวาดอร์,1D,ทวีปอเมริกาใต้,0.0,0.0
2024-09,2024,9,3,381,CR,คอสตาริกา,1C,ทวีปอเมริกาเหนือ,0.0,0.0
2024-09,2024,9,3,307,MN,มองโกเลีย,1A,ทวีปเอเชีย,1551.0,0.0
2024-09,2024,9,3,383,DM,โดมินิกา,1C,ทวีปอเมริกาเหนือ,0.0,0.0
2024-09,2024,9,3,401,TT,ตรินิแดดและโตเบโก,1C,ทวีปอเมริกาเหนือ,0.0,0.0
2024-09,2024,9,3,391,JM,จาเมกา,1C,ทวีปอเมริกาเหนือ,0.0,0.0
2024-09,2024,9,3,396,NI,นิการากัว,1C,ทวีปอเมริกาเหนือ,0.0,0.0
2024-09,2024,9,3,481,ZW,ซิมบับเว,1E,ทวีปแอฟริกา,0.0,0.0
2024-09,2024,9,3,351,UA,ยูเครน,1B,ทวีปยุโรป,0.0,0.0
2024-09,2024,9,3,456,MU,มอริเชียส,1E,ทวีปแอฟริกา,0.0,0.0
2024-09,2024,9,3,360,IS,ไอซ์แลนด์,1B,ทวีปยุโรป,0.0,0.0
2024-09,2024,9,3,377,BB,บาร์เบโดส,1C,ทวีปอเมริกาเหนือ,0.0,0.0
2024-09,2024,9,3,394,LC,เซนต์ลูเซีย,1C,ทวีปอเมริกาเหนือ,555.0,0.0
2024-09,2024,9,3,422,VE,เวเนซุเอลา,1D,ทวีปอเมริกาใต้,0.0,0.0
2024-09,2024,9,3,378,BM,เบอร์มิวดา,1C,ทวีปอเมริกาเหนือ,397.0,0.0
2024-09,2024,9,3,443,GN,กินี,1E,ทวีปแอฟริกา,0.0,0.0
2024-09,2024,9,3,365,MT,มอลตา,1B,ทวีปยุโรป,0.0,0.0
2024-09,2024,9,3,291,JO,จอร์แดน,1A,ทวีปเอเชีย,0.0,0.0
2024-09,2024,9,3,432,CM,แคเมอรูน,1E,ทวีปแอฟริกา,0.0,0.0
2024-09,2024,9,3,452,MA,โมร็อกโก,1E,ทวีปแอฟริกา,0.0,0.0
2024-10,2024,10,4,373,US,สหรัฐอเมริกา,1C,ทวีปอเมริกาเหนือ,7209074707.0,0.0
2024-10,2024,10,4,325,NL,เนเธอร์แลนด์,1B,ทวีปยุโรป,2090978922.0,0.0
2024-10,2024,10,4,372,MX,เม็กซิโก,1C,ทวีปอเมริกาเหนือ,1999412047.0,0.0
2024-10,2024,10,4,309,TW,ไต้หวัน,1A,ทวีปเอเชีย,949554734.0,0.0
2024-10,2024,10,4,304,JP,ญี่ปุ่น,1A,ทวีปเอเชีย,519680280.0,0.0
2024-10,2024,10,4,302,CN,จีน,1A,ทวีปเอเชีย,371729082.0,0.0
2024-10,2024,10,4,336,CZ,สาธารณรัฐเช็ก,1B,ทวีปยุโรป,639404634.0,0.0
2024-10,2024,10,4,271,MY,มาเลเซีย,1A,ทวีปเอเชีย,381293828.0,0.0
2024-10,2024,10,4,303,HK,ฮ่องกง,1A,ทวีปเอเชีย,280257644.0,0.0
2024-10,2024,10,4,323,IT,อิตาลี,1B,ทวีปยุโรป,37340117.0,0.0
2024-10,2024,10,4,320,GB,สหราชอาณาจักร,1B,ทวีปยุโรป,85410053.0,0.0
2024-10,2024,10,4,274,VN,เวียดนาม,1A,ทวีปเอเชีย,192535542.0,0.0
2024-10,2024,10,4,371,CA,แคนาดา,1C,ทวีปอเมริกาเหนือ,346676234.0,0.0
2024-10,2024,10,4,315,DE,เยอรมนี,1B,ทวีปยุโรป,96958832.0,0.0
2024-10,2024,10,4,279,IN,อินเดีย,1A,ทวีปเอเชีย,118105661.0,0.0
2024-10,2024,10,4,273,SG,สิงคโปร์,1A,ทวีปเอเชีย,118556265.0,0.0
2024-10,2024,10,4,298,TR,ตุรกี,1A,ทวีปเอเชีย,75512750.0,0.0
2024-10,2024,10,4,343,PL,โปแลนด์,1B,ทวีปยุโรป,28062548.0,0.0
2024-10,2024,10,4,272,PH,ฟิลิปปินส์,1A,ทวีปเอเชีย,9002377.0,0.0
2024-10,2024,10,4,319,FR,ฝรั่งเศส,1B,ทวีปยุโรป,20105724.0,0.0
2024-10,2024,10,4,306,KR,เกาหลีใต้,1A,ทวีปเอเชีย,21543132.0,0.0
2024-10,2024,10,4,268,KH,กัมพูชา,1A,ทวีปเอเชีย,57503337.0,0.0
2024-10,2024,10,4,269,LA,สปป. ลาว,1A,ทวีปเอเชีย,33860874.0,0.0
2024-10,2024,10,4,347,SK,สโลวาเกีย,1B,ทวีปยุโรป,53927402.0,0.0
2024-10,2024,10,4,316,DK,เดนมาร์ก,1B,ทวีปยุโรป,33204571.0,0.0
2024-10,2024,10,4,483,AU,ออสเตรเลีย,1F,ทวีปออสเตรเลีย,22869630.0,0.0
2024-10,2024,10,4,322,IE,ไอร์แลนด์,1B,ทวีปยุโรป,103558828.0,0.0
2024-10,2024,10,4,267,ID,อินโดนีเซีย,1A,ทวีปเอเชีย,18680817.0,0.0
2024-10,2024,10,4,339,HU,ฮังการี,1B,ทวีปยุโรป,22974093.0,0.0
2024-10,2024,10,4,344,RO,โรมาเนีย,1B,ทวีปยุโรป,16800713.0,0.0
2024-10,2024,10,4,409,BR,บราซิล,1D,ทวีปอเมริกาใต้,15598825.0,0.0
2024-10,2024,10,4,288,IL,อิสราเอล,1A,ทวีปเอเชีย,2480037.0,0.0
2024-10,2024,10,4,270,MM,เมียนมา,1A,ทวีปเอเชีย,20642265.0,0.0
2024-10,2024,10,4,317,ES,สเปน,1B,ทวีปยุโรป,7903696.0,0.0
2024-10,2024,10,4,497,NZ,นิวซีแลนด์,1F,ทวีปออสเตรเลีย,212306.0,0.0
2024-10,2024,10,4,478,ZA,แอฟริกาใต้,1E,ทวีปแอฟริกา,701869.0,0.0
2024-10,2024,10,4,327,SE,สวีเดน,1B,ทวีปยุโรป,14594046.0,0.0
2024-10,2024,10,4,312,AT,ออสเตรีย,1B,ทวีปยุโรป,10017580.0,0.0
2024-10,2024,10,4,479,ZM,แซมเบีย,1E,ทวีปแอฟริกา,0.0,0.0
2024-10,2024,10,4,266,BN,บรูไน,1A,ทวีปเอเชีย,33960534.0,0.0
2024-10,2024,10,4,407,AR,อาร์เจนตินา,1D,ทวีปอเมริกาใต้,6932399.0,0.0
2024-10,2024,10,4,357,EE,เอสโตเนีย,1B,ทวีปยุโรป,8147280.0,0.0
2024-10,2024,10,4,345,RU,รัสเซีย,1B,ทวีปยุโรป,3344657.0,0.0
2024-10,2024,10,4,384,DO,สาธารณรัฐโดมินิกัน,1C,ทวีปอเมริกาเหนือ,0.0,0.0
2024-10,2024,10,4,289,IQ,อิรัก,1A,ทวีปเอเชีย,2315.0,0.0
2024-10,2024,10,4,437,EG,อียิปต์,1E,ทวีปแอฟริกา,2649071.0,0.0
2024-10,2024,10,4,313,BE,เบลเยียม,1B,ทวีปยุโรป,2358759.0,0.0
2024-10,2024,10,4,318,FI,ฟินแลนด์,1B,ทวีปยุโรป,1043442.0,0.0
2024-10,2024,10,4,366,NO,นอร์เวย์,1B,ทวีปยุโรป,3564965.0,0.0
2024-10,2024,10,4,356,CH,สวิตเซอร์แลนด์,1B,ทวีปยุโรป,911608.0,0.0
2024-10,2024,10,4,285,AE,สหรัฐอาหรับเอมิเรตส์,1A,ทวีปเอเชีย,320928.0,0.0
2024-10,2024,10,4,469,SN,เซเนกัล,1E,ทวีปแอฟริกา,0.0,0.0
2024-10,2024,10,4,459,NA,นามิเบีย,1E,ทวีปแอฟริกา,0.0,0.0
2024-10,2024,10,4,281,MV,มัลดีฟส์,1A,ทวีปเอเชีย,742539.0,0.0
2024-10,2024,10,4,280,LK,ศรีลังกา,1A,ทวีปเอเชีย,325990.0,0.0
2024-10,2024,10,4,398,PR,เปอร์โตริโก,1C,ทวีปอเมริกาเหนือ,0.0,0.0
2024-10,2024,10,4,461,NG,ไนจีเรีย,1E,ทวีปแอฟริกา,3803919.0,0.0
2024-10,2024,10,4,292,KW,คูเวต,1A,ทวีปเอเชีย,15844.0,0.0
2024-10,2024,10,4,283,PK,ปากีสถาน,1A,ทวีปเอเชีย,1035879.0,0.0
2024-10,2024,10,4,277,BD,บังกลาเทศ,1A,ทวีปเอเชีย,913087.0,0.0
2024-10,2024,10,4,476,TZ,แทนซาเนีย,1E,ทวีปแอฟริกา,15203.0,0.0
2024-10,2024,10,4,431,CI,โกตดิวัวร์,1E,ทวีปแอฟริกา,0.0,0.0
2024-10,2024,10,4,326,PT,โปรตุเกส,1B,ทวีปยุโรป,180636.0,0.0
2024-10,2024,10,4,333,BG,บัลแกเรีย,1B,ทวีปยุโรป,0.0,0.0
2024-10,2024,10,4,411,CO,โคลอมเบีย,1D,ทวีปอเมริกาใต้,231709.0,0.0
2024-10,2024,10,4,290,IR,อิหร่าน,1A,ทวีปเอเชีย,553681.0,0.0
2024-10,2024,10,4,340,KG,คีร์กีซสถาน,1A,ทวีปเอเชีย,0.0,0.0
2024-10,2024,10,4,296,SA,ซาอุดีอาระเบีย,1A,ทวีปเอเชีย,1842679.0,0.0
2024-10,2024,10,4,294,OM,โอมาน,1A,ทวีปเอเชีย,0.0,0.0
2024-10,2024,10,4,455,MR,มอริเตเนีย,1E,ทวีปแอฟริกา,0.0,0.0
2024-10,2024,10,4,286,BH,บาห์เรน,1A,ทวีปเอเชีย,0.0,0.0
2024-10,2024,10,4,341,KZ,คาซัคสถาน,1A,ทวีปเอเชีย,0.0,0.0
2024-10,2024,10,4,499,PG,ปาปัวนิวกินี,1F,ทวีปออสเตรเลีย,38224.0,0.0
2024-10,2024,10,4,295,QA,กาตาร์,1A,ทวีปเอเชีย,18217.0,0.0
2024-10,2024,10,4,346,SI,สโลวีเนีย,1B,ทวีปยุโรป,27011.0,0.0
2024-10,2024,10,4,278,BT,ภูฎาน,1A,ทวีปเอเชีย,270517.0,0.0
2024-10,2024,10,4,308,MO,มาเก๊า,1A,ทวีปเอเชีย,30792.0,0.0
2024-10,2024,10,4,324,LU,ลักเซมเบิร์ก,1B,ทวีปยุโรป,278663.0,0.0
2024-10,2024,10,4,475,TN,ตูนิเซีย,1E,ทวีปแอฟริกา,0.0,0.0
2024-10,2024,10,4,321,GR,กรีซ,1B,ทวีปยุโรป,37059.0,0.0
2024-10,2024,10,4,417,PE,เปรู,1D,ทวีปอเมริกาใต้,94870.0,0.0
2024-10,2024,10,4,441,GH,กานา,1E,ทวีปแอฟริกา,0.0,0.0
2024-10,2024,10,4,282,NP,เนปาล,1A,ทวีปเอเชีย,0.0,0.0
2024-10,2024,10,4,410,CL,ชิลี,1D,ทวีปอเมริกาใต้,1320.0,0.0
2024-10,2024,10,4,419,PY,ปารากวัย,1D,ทวีปอเมริกาใต้,0.0,0.0
2024-10,2024,10,4,397,PA,ปานามา,1C,ทวีปอเมริกาเหนือ,17543.0,0.0
2024-10,2024,10,4,389,HN,ฮอนดูรัส,1C,ทวีปอเมริกาเหนือ,8899.0,0.0
2024-10,2024,10,4,415,GY,กายอานา,1D,ทวีปอเมริกาใต้,0.0,0.0
2024-10,2024,10,4,363,LV,ลัตเวีย,1B,ทวีปยุโรป,0.0,0.0
2024-10,2024,10,4,334,BY,เบลารุส,1B,ทวีปยุโรป,0.0,0.0
2024-10,2024,10,4,428,BW,บอตสวานา,1E,ทวีปแอฟริกา,0.0,0.0
2024-10,2024,10,4,465,SC,เซเชลส์,1E,ทวีปแอฟริกา,0.0,0.0
2024-10,2024,10,4,388,GT,กัวเตมาลา,1C,ทวีปอเมริกาเหนือ,0.0,0.0
2024-10,2024,10,4,505,VU,วานูอาตู,1F,ทวีปออสเตรเลีย,8499.0,0.0
2024-10,2024,10,4,307,MN,มองโกเลีย,1A,ทวีปเอเชีย,15780.0,0.0
2024-10,2024,10,4,498,PF,เฟรนช์โปลีนีเซีย,1F,ทวีปออสเตรเลีย,1113.0,0.0
2024-10,2024,10,4,364,MC,โมนาโก,1B,ทวีปยุโรป,0.0,0.0
2024-10,2024,10,4,447,KE,เคนยา,1E,ทวีปแอฟริกา,0.0,0.0
2024-10,2024,10,4,421,UY,อุรุกวัย,1D,ทวีปอเมริกาใต้,0.0,0.0
2024-10,2024,10,4,293,LB,เลบานอน,1A,ทวีปเอเชีย,0.0,0.0
2024-10,2024,10,4,597,CW,CURACAO,1G,ประเทศอื่น,0.0,0.0
2024-10,2024,10,4,362,LT,ลิทัวเนีย,1B,ทวีปยุโรป,0.0,0.0
2024-10,2024,10,4,412,EC,เอกวาดอร์,1D,ทวีปอเมริกาใต้,3274.0,0.0
2024-10,2024,10,4,484,CK,หมู่เกาะดุก,1F,ทวีปออสเตรเลีย,1299.0,0.0
2024-10,2024,10,4,456,MU,มอริเชียส,1E,ทวีปแอฟริกา,6424.0,0.0
2024-10,2024,10,4,381,CR,คอสตาริกา,1C,ทวีปอเมริกาเหนือ,0.0,0.0
2024-10,2024,10,4,383,DM,โดมินิกา,1C,ทวีปอเมริกาเหนือ,0.0,0.0
2024-10,2024,10,4,425,BF,บูร์กินาฟาโซ,1E,ทวีปแอฟริกา,2983.0,0.0
2024-10,2024,10,4,401,TT,ตรินิแดดและโตเบโก,1C,ทวีปอเมริกาเหนือ,0.0,0.0
2024-10,2024,10,4,391,JM,จาเมกา,1C,ทวีปอเมริกาเหนือ,0.0,0.0
2024-10,2024,10,4,396,NI,นิการากัว,1C,ทวีปอเมริกาเหนือ,0.0,0.0
2024-10,2024,10,4,481,ZW,ซิมบับเว,1E,ทวีปแอฟริกา,0.0,0.0
2024-10,2024,10,4,351,UA,ยูเครน,1B,ทวีปยุโรป,0.0,0.0
2024-10,2024,10,4,360,IS,ไอซ์แลนด์,1B,ทวีปยุโรป,0.0,0.0
2024-10,2024,10,4,377,BB,บาร์เบโดส,1C,ทวีปอเมริกาเหนือ,0.0,0.0
2024-10,2024,10,4,394,LC,เซนต์ลูเซีย,1C,ทวีปอเมริกาเหนือ,0.0,0.0
2024-10,2024,10,4,422,VE,เวเนซุเอลา,1D,ทวีปอเมริกาใต้,0.0,0.0
2024-10,2024,10,4,378,BM,เบอร์มิวดา,1C,ทวีปอเมริกาเหนือ,0.0,0.0
2024-10,2024,10,4,287,CY,ไซปรัส,1A,ทวีปเอเชีย,365.0,0.0
2024-10,2024,10,4,443,GN,กินี,1E,ทวีปแอฟริกา,0.0,0.0
2024-10,2024,10,4,365,MT,มอลตา,1B,ทวีปยุโรป,0.0,0.0
2024-10,2024,10,4,291,JO,จอร์แดน,1A,ทวีปเอเชีย,0.0,0.0
2024-10,2024,10,4,432,CM,แคเมอรูน,1E,ทวีปแอฟริกา,0.0,0.0
2024-10,2024,10,4,452,MA,โมร็อกโก,1E,ทวีปแอฟริกา,0.0,0.0
2024-11,2024,11,4,373,US,สหรัฐอเมริกา,1C,ทวีปอเมริกาเหนือ,5718316474.0,0.0
2024-11,2024,11,4,325,NL,เนเธอร์แลนด์,1B,ทวีปยุโรป,1978553180.0,0.0
2024-11,2024,11,4,372,MX,เม็กซิโก,1C,ทวีปอเมริกาเหนือ,2189518493.0,0.0
2024-11,2024,11,4,309,TW,ไต้หวัน,1A,ทวีปเอเชีย,818004559.0,0.0
2024-11,2024,11,4,304,JP,ญี่ปุ่น,1A,ทวีปเอเชีย,458219695.0,0.0
2024-11,2024,11,4,302,CN,จีน,1A,ทวีปเอเชีย,428780868.0,0.0
2024-11,2024,11,4,336,CZ,สาธารณรัฐเช็ก,1B,ทวีปยุโรป,413423840.0,0.0
2024-11,2024,11,4,271,MY,มาเลเซีย,1A,ทวีปเอเชีย,441847629.0,0.0
2024-11,2024,11,4,303,HK,ฮ่องกง,1A,ทวีปเอเชีย,337570064.0,0.0
2024-11,2024,11,4,323,IT,อิตาลี,1B,ทวีปยุโรป,35755324.0,0.0
2024-11,2024,11,4,274,VN,เวียดนาม,1A,ทวีปเอเชีย,249267537.0,0.0
2024-11,2024,11,4,320,GB,สหราชอาณาจักร,1B,ทวีปยุโรป,6930213.0,0.0
2024-11,2024,11,4,371,CA,แคนาดา,1C,ทวีปอเมริกาเหนือ,137246197.0,0.0
2024-11,2024,11,4,315,DE,เยอรมนี,1B,ทวีปยุโรป,102567983.0,0.0
2024-11,2024,11,4,279,IN,อินเดีย,1A,ทวีปเอเชีย,157547819.0,0.0
2024-11,2024,11,4,273,SG,สิงคโปร์,1A,ทวีปเอเชีย,118577047.0,0.0
2024-11,2024,11,4,298,TR,ตุรกี,1A,ทวีปเอเชีย,59871448.0,0.0
2024-11,2024,11,4,343,PL,โปแลนด์,1B,ทวีปยุโรป,4863882.0,0.0
2024-11,2024,11,4,272,PH,ฟิลิปปินส์,1A,ทวีปเอเชีย,7578579.0,0.0
2024-11,2024,11,4,319,FR,ฝรั่งเศส,1B,ทวีปยุโรป,35553677.0,0.0
2024-11,2024,11,4,306,KR,เกาหลีใต้,1A,ทวีปเอเชีย,31444930.0,0.0
2024-11,2024,11,4,268,KH,กัมพูชา,1A,ทวีปเอเชีย,42656504.0,0.0
2024-11,2024,11,4,347,SK,สโลวาเกีย,1B,ทวีปยุโรป,33671202.0,0.0
2024-11,2024,11,4,269,LA,สปป. ลาว,1A,ทวีปเอเชีย,26787786.0,0.0
2024-11,2024,11,4,344,RO,โรมาเนีย,1B,ทวีปยุโรป,100611191.0,0.0
2024-11,2024,11,4,316,DK,เดนมาร์ก,1B,ทวีปยุโรป,32482198.0,0.0
2024-11,2024,11,4,483,AU,ออสเตรเลีย,1F,ทวีปออสเตรเลีย,6184704.0,0.0
2024-11,2024,11,4,339,HU,ฮังการี,1B,ทวีปยุโรป,22711639.0,0.0
2024-11,2024,11,4,322,IE,ไอร์แลนด์,1B,ทวีปยุโรป,9917634.0,0.0
2024-11,2024,11,4,267,ID,อินโดนีเซีย,1A,ทวีปเอเชีย,16731441.0,0.0
2024-11,2024,11,4,409,BR,บราซิล,1D,ทวีปอเมริกาใต้,15655092.0,0.0
2024-11,2024,11,4,288,IL,อิสราเอล,1A,ทวีปเอเชีย,2617725.0,0.0
2024-11,2024,11,4,270,MM,เมียนมา,1A,ทวีปเอเชีย,21279912.0,0.0
2024-11,2024,11,4,317,ES,สเปน,1B,ทวีปยุโรป,22397465.0,0.0
2024-11,2024,11,4,478,ZA,แอฟริกาใต้,1E,ทวีปแอฟริกา,11110917.0,0.0
2024-11,2024,11,4,497,NZ,นิวซีแลนด์,1F,ทวีปออสเตรเลีย,516908.0,0.0
2024-11,2024,11,4,327,SE,สวีเดน,1B,ทวีปยุโรป,243395.0,0.0
2024-11,2024,11,4,312,AT,ออสเตรีย,1B,ทวีปยุโรป,3652877.0,0.0
2024-11,2024,11,4,479,ZM,แซมเบีย,1E,ทวีปแอฟริกา,0.0,0.0
2024-11,2024,11,4,407,AR,อาร์เจนตินา,1D,ทวีปอเมริกาใต้,10701550.0,0.0
2024-11,2024,11,4,266,BN,บรูไน,1A,ทวีปเอเชีย,5101800.0,0.0
2024-11,2024,11,4,345,RU,รัสเซีย,1B,ทวีปยุโรป,5469200.0,0.0
2024-11,2024,11,4,357,EE,เอสโตเนีย,1B,ทวีปยุโรป,0.0,0.0
2024-11,2024,11,4,384,DO,สาธารณรัฐโดมินิกัน,1C,ทวีปอเมริกาเหนือ,7666086.0,0.0
2024-11,2024,11,4,437,EG,อียิปต์,1E,ทวีปแอฟริกา,759078.0,0.0
2024-11,2024,11,4,289,IQ,อิรัก,1A,ทวีปเอเชีย,409811.0,0.0
2024-11,2024,11,4,318,FI,ฟินแลนด์,1B,ทวีปยุโรป,3535254.0,0.0
2024-11,2024,11,4,313,BE,เบลเยียม,1B,ทวีปยุโรป,577645.0,0.0
2024-11,2024,11,4,366,NO,นอร์เวย์,1B,ทวีปยุโรป,1214716.0,0.0
2024-11,2024,11,4,356,CH,สวิตเซอร์แลนด์,1B,ทวีปยุโรป,2607971.0,0.0
2024-11,2024,11,4,285,AE,สหรัฐอาหรับเอมิเรตส์,1A,ทวีปเอเชีย,132236.0,0.0
2024-11,2024,11,4,469,SN,เซเนกัล,1E,ทวีปแอฟริกา,0.0,0.0
2024-11,2024,11,4,459,NA,นามิเบีย,1E,ทวีปแอฟริกา,0.0,0.0
2024-11,2024,11,4,281,MV,มัลดีฟส์,1A,ทวีปเอเชีย,364197.0,0.0
2024-11,2024,11,4,280,LK,ศรีลังกา,1A,ทวีปเอเชีย,259336.0,0.0
2024-11,2024,11,4,283,PK,ปากีสถาน,1A,ทวีปเอเชีย,2255176.0,0.0
2024-11,2024,11,4,277,BD,บังกลาเทศ,1A,ทวีปเอเชีย,2612096.0,0.0
2024-11,2024,11,4,398,PR,เปอร์โตริโก,1C,ทวีปอเมริกาเหนือ,0.0,0.0
2024-11,2024,11,4,461,NG,ไนจีเรีย,1E,ทวีปแอฟริกา,122904.0,0.0
2024-11,2024,11,4,476,TZ,แทนซาเนีย,1E,ทวีปแอฟริกา,2454619.0,0.0
2024-11,2024,11,4,292,KW,คูเวต,1A,ทวีปเอเชีย,0.0,0.0
2024-11,2024,11,4,346,SI,สโลวีเนีย,1B,ทวีปยุโรป,4001233.0,0.0
2024-11,2024,11,4,326,PT,โปรตุเกส,1B,ทวีปยุโรป,408410.0,0.0
2024-11,2024,11,4,431,CI,โกตดิวัวร์,1E,ทวีปแอฟริกา,86869.0,0.0
2024-11,2024,11,4,411,CO,โคลอมเบีย,1D,ทวีปอเมริกาใต้,394546.0,0.0
2024-11,2024,11,4,333,BG,บัลแกเรีย,1B,ทวีปยุโรป,0.0,0.0
2024-11,2024,11,4,290,IR,อิหร่าน,1A,ทวีปเอเชีย,0.0,0.0
2024-11,2024,11,4,340,KG,คีร์กีซสถาน,1A,ทวีปเอเชีย,0.0,0.0
2024-11,2024,11,4,296,SA,ซาอุดีอาระเบีย,1A,ทวีปเอเชีย,26206.0,0.0
2024-11,2024,11,4,294,OM,โอมาน,1A,ทวีปเอเชีย,3074.0,0.0
2024-11,2024,11,4,455,MR,มอริเตเนีย,1E,ทวีปแอฟริกา,0.0,0.0
2024-11,2024,11,4,286,BH,บาห์เรน,1A,ทวีปเอเชีย,0.0,0.0
2024-11,2024,11,4,341,KZ,คาซัคสถาน,1A,ทวีปเอเชีย,663.0,0.0
2024-11,2024,11,4,499,PG,ปาปัวนิวกินี,1F,ทวีปออสเตรเลีย,0.0,0.0
2024-11,2024,11,4,295,QA,กาตาร์,1A,ทวีปเอเชีย,133.0,0.0
2024-11,2024,11,4,278,BT,ภูฎาน,1A,ทวีปเอเชีย,163825.0,0.0
2024-11,2024,11,4,308,MO,มาเก๊า,1A,ทวีปเอเชีย,5251.0,0.0
2024-11,2024,11,4,324,LU,ลักเซมเบิร์ก,1B,ทวีปยุโรป,0.0,0.0
2024-11,2024,11,4,475,TN,ตูนิเซีย,1E,ทวีปแอฟริกา,100368.0,0.0
2024-11,2024,11,4,321,GR,กรีซ,1B,ทวีปยุโรป,0.0,0.0
2024-11,2024,11,4,417,PE,เปรู,1D,ทวีปอเมริกาใต้,486.0,0.0
2024-11,2024,11,4,397,PA,ปานามา,1C,ทวีปอเมริกาเหนือ,88965.0,0.0
2024-11,2024,11,4,441,GH,กานา,1E,ทวีปแอฟริกา,0.0,0.0
2024-11,2024,11,4,419,PY,ปารากวัย,1D,ทวีปอเมริกาใต้,25298.0,0.0
2024-11,2024,11,4,410,CL,ชิลี,1D,ทวีปอเมริกาใต้,7025.0,0.0
2024-11,2024,11,4,282,NP,เนปาล,1A,ทวีปเอเชีย,0.0,0.0
2024-11,2024,11,4,389,HN,ฮอนดูรัส,1C,ทวีปอเมริกาเหนือ,0.0,0.0
2024-11,2024,11,4,415,GY,กายอานา,1D,ทวีปอเมริกาใต้,0.0,0.0
2024-11,2024,11,4,363,LV,ลัตเวีย,1B,ทวีปยุโรป,0.0,0.0
2024-11,2024,11,4,334,BY,เบลารุส,1B,ทวีปยุโรป,0.0,0.0
2024-11,2024,11,4,428,BW,บอตสวานา,1E,ทวีปแอฟริกา,0.0,0.0
2024-11,2024,11,4,465,SC,เซเชลส์,1E,ทวีปแอฟริกา,0.0,0.0
2024-11,2024,11,4,388,GT,กัวเตมาลา,1C,ทวีปอเมริกาเหนือ,0.0,0.0
2024-11,2024,11,4,505,VU,วานูอาตู,1F,ทวีปออสเตรเลีย,0.0,0.0
2024-11,2024,11,4,307,MN,มองโกเลีย,1A,ทวีปเอเชีย,0.0,0.0
2024-11,2024,11,4,498,PF,เฟรนช์โปลีนีเซีย,1F,ทวีปออสเตรเลีย,0.0,0.0
2024-11,2024,11,4,364,MC,โมนาโก,1B,ทวีปยุโรป,0.0,0.0
2024-11,2024,11,4,447,KE,เคนยา,1E,ทวีปแอฟริกา,0.0,0.0
2024-11,2024,11,4,332,AZ,อาเซอร์ไบจาน,1A,ทวีปเอเชีย,16578.0,0.0
2024-11,2024,11,4,421,UY,อุรุกวัย,1D,ทวีปอเมริกาใต้,0.0,0.0
2024-11,2024,11,4,293,LB,เลบานอน,1A,ทวีปเอเชีย,0.0,0.0
2024-11,2024,11,4,489,GU,กวม,1F,ทวีปออสเตรเลีย,12092.0,0.0
2024-11,2024,11,4,597,CW,CURACAO,1G,ประเทศอื่น,0.0,0.0
2024-11,2024,11,4,362,LT,ลิทัวเนีย,1B,ทวีปยุโรป,0.0,0.0
2024-11,2024,11,4,383,DM,โดมินิกา,1C,ทวีปอเมริกาเหนือ,6528.0,0.0
2024-11,2024,11,4,412,EC,เอกวาดอร์,1D,ทวีปอเมริกาใต้,0.0,0.0
2024-11,2024,11,4,484,CK,หมู่เกาะดุก,1F,ทวีปออสเตรเลีย,0.0,0.0
2024-11,2024,11,4,456,MU,มอริเชียส,1E,ทวีปแอฟริกา,0.0,0.0
2024-11,2024,11,4,381,CR,คอสตาริกา,1C,ทวีปอเมริกาเหนือ,0.0,0.0
2024-11,2024,11,4,425,BF,บูร์กินาฟาโซ,1E,ทวีปแอฟริกา,0.0,0.0
2024-11,2024,11,4,401,TT,ตรินิแดดและโตเบโก,1C,ทวีปอเมริกาเหนือ,0.0,0.0
2024-11,2024,11,4,391,JM,จาเมกา,1C,ทวีปอเมริกาเหนือ,0.0,0.0
2024-11,2024,11,4,396,NI,นิการากัว,1C,ทวีปอเมริกาเหนือ,0.0,0.0
2024-11,2024,11,4,481,ZW,ซิมบับเว,1E,ทวีปแอฟริกา,0.0,0.0
2024-11,2024,11,4,351,UA,ยูเครน,1B,ทวีปยุโรป,0.0,0.0
2024-11,2024,11,4,360,IS,ไอซ์แลนด์,1B,ทวีปยุโรป,0.0,0.0
2024-11,2024,11,4,377,BB,บาร์เบโดส,1C,ทวีปอเมริกาเหนือ,0.0,0.0
2024-11,2024,11,4,394,LC,เซนต์ลูเซีย,1C,ทวีปอเมริกาเหนือ,0.0,0.0
2024-11,2024,11,4,422,VE,เวเนซุเอลา,1D,ทวีปอเมริกาใต้,0.0,0.0
2024-11,2024,11,4,378,BM,เบอร์มิวดา,1C,ทวีปอเมริกาเหนือ,0.0,0.0
2024-11,2024,11,4,287,CY,ไซปรัส,1A,ทวีปเอเชีย,0.0,0.0
2024-11,2024,11,4,443,GN,กินี,1E,ทวีปแอฟริกา,0.0,0.0
2024-11,2024,11,4,452,MA,โมร็อกโก,1E,ทวีปแอฟริกา,199.0,0.0
2024-11,2024,11,4,365,MT,มอลตา,1B,ทวีปยุโรป,0.0,0.0
2024-11,2024,11,4,291,JO,จอร์แดน,1A,ทวีปเอเชีย,0.0,0.0
2024-11,2024,11,4,432,CM,แคเมอรูน,1E,ทวีปแอฟริกา,0.0,0.0
2024-12,2024,12,4,373,US,สหรัฐอเมริกา,1C,ทวีปอเมริกาเหนือ,5873007452.0,0.0
2024-12,2024,12,4,325,NL,เนเธอร์แลนด์,1B,ทวีปยุโรป,2156030471.0,0.0
2024-12,2024,12,4,372,MX,เม็กซิโก,1C,ทวีปอเมริกาเหนือ,1643787729.0,0.0
2024-12,2024,12,4,309,TW,ไต้หวัน,1A,ทวีปเอเชีย,719254213.0,0.0
2024-12,2024,12,4,304,JP,ญี่ปุ่น,1A,ทวีปเอเชีย,399278029.0,0.0
2024-12,2024,12,4,302,CN,จีน,1A,ทวีปเอเชีย,238759694.0,0.0
2024-12,2024,12,4,336,CZ,สาธารณรัฐเช็ก,1B,ทวีปยุโรป,578816183.0,0.0
2024-12,2024,12,4,271,MY,มาเลเซีย,1A,ทวีปเอเชีย,431762065.0,0.0
2024-12,2024,12,4,303,HK,ฮ่องกง,1A,ทวีปเอเชีย,312155154.0,0.0
2024-12,2024,12,4,323,IT,อิตาลี,1B,ทวีปยุโรป,41527830.0,0.0
2024-12,2024,12,4,274,VN,เวียดนาม,1A,ทวีปเอเชีย,271550128.0,0.0
2024-12,2024,12,4,320,GB,สหราชอาณาจักร,1B,ทวีปยุโรป,156711019.0,0.0
2024-12,2024,12,4,315,DE,เยอรมนี,1B,ทวีปยุโรป,117028743.0,0.0
2024-12,2024,12,4,371,CA,แคนาดา,1C,ทวีปอเมริกาเหนือ,38619492.0,0.0
2024-12,2024,12,4,279,IN,อินเดีย,1A,ทวีปเอเชีย,166107158.0,0.0
2024-12,2024,12,4,273,SG,สิงคโปร์,1A,ทวีปเอเชีย,86001531.0,0.0
2024-12,2024,12,4,298,TR,ตุรกี,1A,ทวีปเอเชีย,24981558.0,0.0
2024-12,2024,12,4,343,PL,โปแลนด์,1B,ทวีปยุโรป,33085484.0,0.0
2024-12,2024,12,4,272,PH,ฟิลิปปินส์,1A,ทวีปเอเชีย,30607566.0,0.0
2024-12,2024,12,4,306,KR,เกาหลีใต้,1A,ทวีปเอเชีย,35645983.0,0.0
2024-12,2024,12,4,319,FR,ฝรั่งเศส,1B,ทวีปยุโรป,14731970.0,0.0
2024-12,2024,12,4,268,KH,กัมพูชา,1A,ทวีปเอเชีย,23941311.0,0.0
2024-12,2024,12,4,344,RO,โรมาเนีย,1B,ทวีปยุโรป,71169071.0,0.0
2024-12,2024,12,4,347,SK,สโลวาเกีย,1B,ทวีปยุโรป,35343020.0,0.0
2024-12,2024,12,4,269,LA,สปป. ลาว,1A,ทวีปเอเชีย,22069653.0,0.0
2024-12,2024,12,4,316,DK,เดนมาร์ก,1B,ทวีปยุโรป,33238914.0,0.0
2024-12,2024,12,4,483,AU,ออสเตรเลีย,1F,ทวีปออสเตรเลีย,37632789.0,0.0
2024-12,2024,12,4,339,HU,ฮังการี,1B,ทวีปยุโรป,25960725.0,0.0
2024-12,2024,12,4,267,ID,อินโดนีเซีย,1A,ทวีปเอเชีย,25959355.0,0.0
2024-12,2024,12,4,322,IE,ไอร์แลนด์,1B,ทวีปยุโรป,3548369.0,0.0
2024-12,2024,12,4,409,BR,บราซิล,1D,ทวีปอเมริกาใต้,24252372.0,0.0
2024-12,2024,12,4,270,MM,เมียนมา,1A,ทวีปเอเชีย,28878592.0,0.0
2024-12,2024,12,4,288,IL,อิสราเอล,1A,ทวีปเอเชีย,2099898.0,0.0
2024-12,2024,12,4,317,ES,สเปน,1B,ทวีปยุโรป,10943568.0,0.0
2024-12,2024,12,4,478,ZA,แอฟริกาใต้,1E,ทวีปแอฟริกา,39206757.0,0.0
2024-12,2024,12,4,497,NZ,นิวซีแลนด์,1F,ทวีปออสเตรเลีย,963454.0,0.0
2024-12,2024,12,4,327,SE,สวีเดน,1B,ทวีปยุโรป,1432627.0,0.0
2024-12,2024,12,4,312,AT,ออสเตรีย,1B,ทวีปยุโรป,8038812.0,0.0
2024-12,2024,12,4,407,AR,อาร์เจนตินา,1D,ทวีปอเมริกาใต้,6772101.0,0.0
2024-12,2024,12,4,479,ZM,แซมเบีย,1E,ทวีปแอฟริกา,0.0,0.0
2024-12,2024,12,4,266,BN,บรูไน,1A,ทวีปเอเชีย,69.0,0.0
2024-12,2024,12,4,357,EE,เอสโตเนีย,1B,ทวีปยุโรป,4841749.0,0.0
2024-12,2024,12,4,345,RU,รัสเซีย,1B,ทวีปยุโรป,2420279.0,0.0
2024-12,2024,12,4,384,DO,สาธารณรัฐโดมินิกัน,1C,ทวีปอเมริกาเหนือ,214842.0,0.0
2024-12,2024,12,4,346,SI,สโลวีเนีย,1B,ทวีปยุโรป,28331457.0,0.0
2024-12,2024,12,4,437,EG,อียิปต์,1E,ทวีปแอฟริกา,1383283.0,0.0
2024-12,2024,12,4,289,IQ,อิรัก,1A,ทวีปเอเชีย,0.0,0.0
2024-12,2024,12,4,318,FI,ฟินแลนด์,1B,ทวีปยุโรป,183992.0,0.0
2024-12,2024,12,4,313,BE,เบลเยียม,1B,ทวีปยุโรป,324423.0,0.0
2024-12,2024,12,4,366,NO,นอร์เวย์,1B,ทวีปยุโรป,2796384.0,0.0
2024-12,2024,12,4,356,CH,สวิตเซอร์แลนด์,1B,ทวีปยุโรป,1001540.0,0.0
2024-12,2024,12,4,285,AE,สหรัฐอาหรับเอมิเรตส์,1A,ทวีปเอเชีย,1748527.0,0.0
2024-12,2024,12,4,281,MV,มัลดีฟส์,1A,ทวีปเอเชีย,4383459.0,0.0
2024-12,2024,12,4,461,NG,ไนจีเรีย,1E,ทวีปแอฟริกา,5623540.0,0.0
2024-12,2024,12,4,469,SN,เซเนกัล,1E,ทวีปแอฟริกา,0.0,0.0
2024-12,2024,12,4,283,PK,ปากีสถาน,1A,ทวีปเอเชีย,3276622.0,0.0
2024-12,2024,12,4,459,NA,นามิเบีย,1E,ทวีปแอฟริกา,0.0,0.0
2024-12,2024,12,4,277,BD,บังกลาเทศ,1A,ทวีปเอเชีย,2779807.0,0.0
2024-12,2024,12,4,280,LK,ศรีลังกา,1A,ทวีปเอเชีย,52553.0,0.0
2024-12,2024,12,4,398,PR,เปอร์โตริโก,1C,ทวีปอเมริกาเหนือ,0.0,0.0
2024-12,2024,12,4,476,TZ,แทนซาเนีย,1E,ทวีปแอฟริกา,0.0,0.0
2024-12,2024,12,4,292,KW,คูเวต,1A,ทวีปเอเชีย,350.0,0.0
2024-12,2024,12,4,326,PT,โปรตุเกส,1B,ทวีปยุโรป,615489.0,0.0
2024-12,2024,12,4,431,CI,โกตดิวัวร์,1E,ทวีปแอฟริกา,605922.0,0.0
2024-12,2024,12,4,411,CO,โคลอมเบีย,1D,ทวีปอเมริกาใต้,326478.0,0.0
2024-12,2024,12,4,333,BG,บัลแกเรีย,1B,ทวีปยุโรป,4000.0,0.0
2024-12,2024,12,4,290,IR,อิหร่าน,1A,ทวีปเอเชีย,0.0,0.0
2024-12,2024,12,4,340,KG,คีร์กีซสถาน,1A,ทวีปเอเชีย,0.0,0.0
2024-12,2024,12,4,296,SA,ซาอุดีอาระเบีย,1A,ทวีปเอเชีย,0.0,0.0
2024-12,2024,12,4,295,QA,กาตาร์,1A,ทวีปเอเชีย,880747.0,0.0
2024-12,2024,12,4,294,OM,โอมาน,1A,ทวีปเอเชีย,0.0,0.0
2024-12,2024,12,4,432,CM,แคเมอรูน,1E,ทวีปแอฟริกา,946094.0,0.0
2024-12,2024,12,4,455,MR,มอริเตเนีย,1E,ทวีปแอฟริกา,0.0,0.0
2024-12,2024,12,4,286,BH,บาห์เรน,1A,ทวีปเอเชีย,743.0,0.0
2024-12,2024,12,4,341,KZ,คาซัคสถาน,1A,ทวีปเอเชีย,0.0,0.0
2024-12,2024,12,4,499,PG,ปาปัวนิวกินี,1F,ทวีปออสเตรเลีย,4968.0,0.0
2024-12,2024,12,4,278,BT,ภูฎาน,1A,ทวีปเอเชีย,0.0,0.0
2024-12,2024,12,4,308,MO,มาเก๊า,1A,ทวีปเอเชีย,682.0,0.0
2024-12,2024,12,4,475,TN,ตูนิเซีย,1E,ทวีปแอฟริกา,26585.0,0.0
2024-12,2024,12,4,324,LU,ลักเซมเบิร์ก,1B,ทวีปยุโรป,0.0,0.0
2024-12,2024,12,4,417,PE,เปรู,1D,ทวีปอเมริกาใต้,8484.0,0.0
2024-12,2024,12,4,397,PA,ปานามา,1C,ทวีปอเมริกาเหนือ,36697.0,0.0
2024-12,2024,12,4,321,GR,กรีซ,1B,ทวีปยุโรป,0.0,0.0
2024-12,2024,12,4,410,CL,ชิลี,1D,ทวีปอเมริกาใต้,40560.0,0.0
2024-12,2024,12,4,441,GH,กานา,1E,ทวีปแอฟริกา,0.0,0.0
2024-12,2024,12,4,419,PY,ปารากวัย,1D,ทวีปอเมริกาใต้,0.0,0.0
2024-12,2024,12,4,282,NP,เนปาล,1A,ทวีปเอเชีย,1673.0,0.0
2024-12,2024,12,4,464,RW,รวันดา,1E,ทวีปแอฟริกา,77868.0,0.0
2024-12,2024,12,4,389,HN,ฮอนดูรัส,1C,ทวีปอเมริกาเหนือ,9308.0,0.0
2024-12,2024,12,4,415,GY,กายอานา,1D,ทวีปอเมริกาใต้,0.0,0.0
2024-12,2024,12,4,363,LV,ลัตเวีย,1B,ทวีปยุโรป,0.0,0.0
2024-12,2024,12,4,334,BY,เบลารุส,1B,ทวีปยุโรป,0.0,0.0
2024-12,2024,12,4,428,BW,บอตสวานา,1E,ทวีปแอฟริกา,0.0,0.0
2024-12,2024,12,4,465,SC,เซเชลส์,1E,ทวีปแอฟริกา,200.0,0.0
2024-12,2024,12,4,388,GT,กัวเตมาลา,1C,ทวีปอเมริกาเหนือ,0.0,0.0
2024-12,2024,12,4,505,VU,วานูอาตู,1F,ทวีปออสเตรเลีย,0.0,0.0
2024-12,2024,12,4,307,MN,มองโกเลีย,1A,ทวีปเอเชีย,0.0,0.0
2024-12,2024,12,4,498,PF,เฟรนช์โปลีนีเซีย,1F,ทวีปออสเตรเลีย,0.0,0.0
2024-12,2024,12,4,364,MC,โมนาโก,1B,ทวีปยุโรป,0.0,0.0
2024-12,2024,12,4,447,KE,เคนยา,1E,ทวีปแอฟริกา,0.0,0.0
2024-12,2024,12,4,332,AZ,อาเซอร์ไบจาน,1A,ทวีปเอเชีย,0.0,0.0
2024-12,2024,12,4,421,UY,อุรุกวัย,1D,ทวีปอเมริกาใต้,0.0,0.0
2024-12,2024,12,4,456,MU,มอริเชียส,1E,ทวีปแอฟริกา,8517.0,0.0
2024-12,2024,12,4,293,LB,เลบานอน,1A,ทวีปเอเชีย,0.0,0.0
2024-12,2024,12,4,489,GU,กวม,1F,ทวีปออสเตรเลีย,0.0,0.0
2024-12,2024,12,4,597,CW,CURACAO,1G,ประเทศอื่น,0.0,0.0
2024-12,2024,12,4,362,LT,ลิทัวเนีย,1B,ทวีปยุโรป,0.0,0.0
2024-12,2024,12,4,383,DM,โดมินิกา,1C,ทวีปอเมริกาเหนือ,0.0,0.0
2024-12,2024,12,4,412,EC,เอกวาดอร์,1D,ทวีปอเมริกาใต้,0.0,0.0
2024-12,2024,12,4,484,CK,หมู่เกาะดุก,1F,ทวีปออสเตรเลีย,0.0,0.0
2024-12,2024,12,4,381,CR,คอสตาริกา,1C,ทวีปอเมริกาเหนือ,0.0,0.0
2024-12,2024,12,4,425,BF,บูร์กินาฟาโซ,1E,ทวีปแอฟริกา,0.0,0.0
2024-12,2024,12,4,401,TT,ตรินิแดดและโตเบโก,1C,ทวีปอเมริกาเหนือ,0.0,0.0
2024-12,2024,12,4,391,JM,จาเมกา,1C,ทวีปอเมริกาเหนือ,0.0,0.0
2024-12,2024,12,4,396,NI,นิการากัว,1C,ทวีปอเมริกาเหนือ,0.0,0.0
2024-12,2024,12,4,481,ZW,ซิมบับเว,1E,ทวีปแอฟริกา,0.0,0.0
2024-12,2024,12,4,351,UA,ยูเครน,1B,ทวีปยุโรป,0.0,0.0
2024-12,2024,12,4,360,IS,ไอซ์แลนด์,1B,ทวีปยุโรป,0.0,0.0
2024-12,2024,12,4,377,BB,บาร์เบโดส,1C,ทวีปอเมริกาเหนือ,0.0,0.0
2024-12,2024,12,4,287,CY,ไซปรัส,1A,ทวีปเอเชีย,248.0,0.0
2024-12,2024,12,4,394,LC,เซนต์ลูเซีย,1C,ทวีปอเมริกาเหนือ,0.0,0.0
2024-12,2024,12,4,422,VE,เวเนซุเอลา,1D,ทวีปอเมริกาใต้,0.0,0.0
2024-12,2024,12,4,378,BM,เบอร์มิวดา,1C,ทวีปอเมริกาเหนือ,0.0,0.0
2024-12,2024,12,4,443,GN,กินี,1E,ทวีปแอฟริกา,0.0,0.0
2024-12,2024,12,4,452,MA,โมร็อกโก,1E,ทวีปแอฟริกา,0.0,0.0
2024-12,2024,12,4,365,MT,มอลตา,1B,ทวีปยุโรป,0.0,0.0
2024-12,2024,12,4,291,JO,จอร์แดน,1A,ทวีปเอเชีย,0.0,0.0
2025-01,2025,1,1,373,US,สหรัฐอเมริกา,1C,ทวีปอเมริกาเหนือ,5716757768.0,0.0
2025-01,2025,1,1,372,MX,เม็กซิโก,1C,ทวีปอเมริกาเหนือ,2310386789.0,0.0
2025-01,2025,1,1,325,NL,เนเธอร์แลนด์,1B,ทวีปยุโรป,2187361859.0,0.0
2025-01,2025,1,1,309,TW,ไต้หวัน,1A,ทวีปเอเชีย,595129109.0,0.0
2025-01,2025,1,1,271,MY,มาเลเซีย,1A,ทวีปเอเชีย,518531860.0,0.0
2025-01,2025,1,1,336,CZ,สาธารณรัฐเช็ก,1B,ทวีปยุโรป,464544818.0,0.0
2025-01,2025,1,1,304,JP,ญี่ปุ่น,1A,ทวีปเอเชีย,417350911.0,0.0
2025-01,2025,1,1,302,CN,จีน,1A,ทวีปเอเชีย,260639061.0,0.0
2025-01,2025,1,1,274,VN,เวียดนาม,1A,ทวีปเอเชีย,228163094.0,0.0
2025-01,2025,1,1,483,AU,ออสเตรเลีย,1F,ทวีปออสเตรเลีย,207862452.0,0.0
2025-01,2025,1,1,303,HK,ฮ่องกง,1A,ทวีปเอเชีย,185636860.0,0.0
2025-01,2025,1,1,273,SG,สิงคโปร์,1A,ทวีปเอเชีย,164990320.0,0.0
2025-01,2025,1,1,279,IN,อินเดีย,1A,ทวีปเอเชีย,127250405.0,0.0
2025-01,2025,1,1,315,DE,เยอรมนี,1B,ทวีปยุโรป,121131557.0,0.0
2025-01,2025,1,1,320,GB,สหราชอาณาจักร,1B,ทวีปยุโรป,86403958.0,0.0
2025-01,2025,1,1,323,IT,อิตาลี,1B,ทวีปยุโรป,71632101.0,0.0
2025-01,2025,1,1,339,HU,ฮังการี,1B,ทวีปยุโรป,63573059.0,0.0
2025-01,2025,1,1,497,NZ,นิวซีแลนด์,1F,ทวีปออสเตรเลีย,56931640.0,0.0
2025-01,2025,1,1,344,RO,โรมาเนีย,1B,ทวีปยุโรป,54791879.0,0.0
2025-01,2025,1,1,268,KH,กัมพูชา,1A,ทวีปเอเชีย,54027381.0,0.0
2025-01,2025,1,1,371,CA,แคนาดา,1C,ทวีปอเมริกาเหนือ,47738772.0,0.0
2025-01,2025,1,1,298,TR,ตุรกี,1A,ทวีปเอเชีย,46336019.0,0.0
2025-01,2025,1,1,478,ZA,แอฟริกาใต้,1E,ทวีปแอฟริกา,42247667.0,0.0
2025-01,2025,1,1,270,MM,เมียนมา,1A,ทวีปเอเชีย,32840235.0,0.0
2025-01,2025,1,1,347,SK,สโลวาเกีย,1B,ทวีปยุโรป,30567032.0,0.0
2025-01,2025,1,1,316,DK,เดนมาร์ก,1B,ทวีปยุโรป,28926158.0,0.0
2025-01,2025,1,1,269,LA,สปป. ลาว,1A,ทวีปเอเชีย,28510890.0,0.0
2025-01,2025,1,1,306,KR,เกาหลีใต้,1A,ทวีปเอเชีย,28424852.0,0.0
2025-01,2025,1,1,409,BR,บราซิล,1D,ทวีปอเมริกาใต้,20558034.0,0.0
2025-01,2025,1,1,272,PH,ฟิลิปปินส์,1A,ทวีปเอเชีย,19218164.0,0.0
2025-01,2025,1,1,317,ES,สเปน,1B,ทวีปยุโรป,17350810.0,0.0
2025-01,2025,1,1,267,ID,อินโดนีเซีย,1A,ทวีปเอเชีย,16019494.0,0.0
2025-01,2025,1,1,319,FR,ฝรั่งเศส,1B,ทวีปยุโรป,14377478.0,0.0
2025-01,2025,1,1,343,PL,โปแลนด์,1B,ทวีปยุโรป,11358705.0,0.0
2025-01,2025,1,1,312,AT,ออสเตรีย,1B,ทวีปยุโรป,9611064.0,0.0
2025-01,2025,1,1,407,AR,อาร์เจนตินา,1D,ทวีปอเมริกาใต้,8062652.0,0.0
2025-01,2025,1,1,288,IL,อิสราเอล,1A,ทวีปเอเชีย,5447211.0,0.0
2025-01,2025,1,1,356,CH,สวิตเซอร์แลนด์,1B,ทวีปยุโรป,5393217.0,0.0
2025-01,2025,1,1,266,BN,บรูไน,1A,ทวีปเอเชีย,4553593.0,0.0
2025-01,2025,1,1,366,NO,นอร์เวย์,1B,ทวีปยุโรป,3771604.0,0.0
2025-01,2025,1,1,285,AE,สหรัฐอาหรับเอมิเรตส์,1A,ทวีปเอเชีย,3684869.0,0.0
2025-01,2025,1,1,437,EG,อียิปต์,1E,ทวีปแอฟริกา,3666465.0,0.0
2025-01,2025,1,1,327,SE,สวีเดน,1B,ทวีปยุโรป,3511618.0,0.0
2025-01,2025,1,1,322,IE,ไอร์แลนด์,1B,ทวีปยุโรป,3030325.0,0.0
2025-01,2025,1,1,345,RU,รัสเซีย,1B,ทวีปยุโรป,2896613.0,0.0
2025-01,2025,1,1,357,EE,เอสโตเนีย,1B,ทวีปยุโรป,1797177.0,0.0
2025-01,2025,1,1,313,BE,เบลเยียม,1B,ทวีปยุโรป,1152624.0,0.0
2025-01,2025,1,1,421,UY,อุรุกวัย,1D,ทวีปอเมริกาใต้,783183.0,0.0
2025-01,2025,1,1,283,PK,ปากีสถาน,1A,ทวีปเอเชีย,726779.0,0.0
2025-01,2025,1,1,411,CO,โคลอมเบีย,1D,ทวีปอเมริกาใต้,320653.0,0.0
2025-01,2025,1,1,410,CL,ชิลี,1D,ทวีปอเมริกาใต้,318233.0,0.0
2025-01,2025,1,1,326,PT,โปรตุเกส,1B,ทวีปยุโรป,255594.0,0.0
2025-01,2025,1,1,295,QA,กาตาร์,1A,ทวีปเอเชีย,185583.0,0.0
2025-01,2025,1,1,308,MO,มาเก๊า,1A,ทวีปเอเชีย,173593.0,0.0
2025-01,2025,1,1,277,BD,บังกลาเทศ,1A,ทวีปเอเชีย,166374.0,0.0
2025-01,2025,1,1,278,BT,ภูฎาน,1A,ทวีปเอเชีย,140356.0,0.0
2025-01,2025,1,1,280,LK,ศรีลังกา,1A,ทวีปเอเชีย,95021.0,0.0
2025-01,2025,1,1,417,PE,เปรู,1D,ทวีปอเมริกาใต้,48202.0,0.0
2025-01,2025,1,1,397,PA,ปานามา,1C,ทวีปอเมริกาเหนือ,47370.0,0.0
2025-01,2025,1,1,281,MV,มัลดีฟส์,1A,ทวีปเอเชีย,41219.0,0.0
2025-01,2025,1,1,318,FI,ฟินแลนด์,1B,ทวีปยุโรป,27687.0,0.0
2025-01,2025,1,1,341,KZ,คาซัคสถาน,1A,ทวีปเอเชีย,26953.0,0.0
2025-01,2025,1,1,363,LV,ลัตเวีย,1B,ทวีปยุโรป,26728.0,0.0
2025-01,2025,1,1,286,BH,บาห์เรน,1A,ทวีปเอเชีย,12326.0,0.0
2025-01,2025,1,1,321,GR,กรีซ,1B,ทวีปยุโรป,9648.0,0.0
2025-01,2025,1,1,499,PG,ปาปัวนิวกินี,1F,ทวีปออสเตรเลีย,9539.0,0.0
2025-01,2025,1,1,282,NP,เนปาล,1A,ทวีปเอเชีย,6629.0,0.0
2025-01,2025,1,1,484,CK,หมู่เกาะดุก,1F,ทวีปออสเตรเลีย,4197.0,0.0
2025-01,2025,1,1,296,SA,ซาอุดีอาระเบีย,1A,ทวีปเอเชีย,1554.0,0.0
2025-01,2025,1,1,346,SI,สโลวีเนีย,1B,ทวีปยุโรป,1364.0,0.0
2025-02,2025,2,1,373,US,สหรัฐอเมริกา,1C,ทวีปอเมริกาเหนือ,6046572073.0,0.0
2025-02,2025,2,1,372,MX,เม็กซิโก,1C,ทวีปอเมริกาเหนือ,1712342038.0,0.0
2025-02,2025,2,1,325,NL,เนเธอร์แลนด์,1B,ทวีปยุโรป,1680818864.0,0.0
2025-02,2025,2,1,309,TW,ไต้หวัน,1A,ทวีปเอเชีย,834435612.0,0.0
2025-02,2025,2,1,304,JP,ญี่ปุ่น,1A,ทวีปเอเชีย,517914431.0,0.0
2025-02,2025,2,1,271,MY,มาเลเซีย,1A,ทวีปเอเชีย,395541284.0,0.0
2025-02,2025,2,1,336,CZ,สาธารณรัฐเช็ก,1B,ทวีปยุโรป,148586695.0,0.0
2025-02,2025,2,1,302,CN,จีน,1A,ทวีปเอเชีย,349949885.0,0.0
2025-02,2025,2,1,274,VN,เวียดนาม,1A,ทวีปเอเชีย,278061958.0,0.0
2025-02,2025,2,1,303,HK,ฮ่องกง,1A,ทวีปเอเชีย,277334409.0,0.0
2025-02,2025,2,1,273,SG,สิงคโปร์,1A,ทวีปเอเชีย,162841593.0,0.0
2025-02,2025,2,1,279,IN,อินเดีย,1A,ทวีปเอเชีย,159954507.0,0.0
2025-02,2025,2,1,298,TR,ตุรกี,1A,ทวีปเอเชีย,194755973.0,0.0
2025-02,2025,2,1,483,AU,ออสเตรเลีย,1F,ทวีปออสเตรเลีย,25729842.0,0.0
2025-02,2025,2,1,315,DE,เยอรมนี,1B,ทวีปยุโรป,94539216.0,0.0
2025-02,2025,2,1,371,CA,แคนาดา,1C,ทวีปอเมริกาเหนือ,162709227.0,0.0
2025-02,2025,2,1,344,RO,โรมาเนีย,1B,ทวีปยุโรป,124796224.0,0.0
2025-02,2025,2,1,272,PH,ฟิลิปปินส์,1A,ทวีปเอเชีย,158962855.0,0.0
2025-02,2025,2,1,320,GB,สหราชอาณาจักร,1B,ทวีปยุโรป,57312726.0,0.0
2025-02,2025,2,1,323,IT,อิตาลี,1B,ทวีปยุโรป,24024557.0,0.0
2025-02,2025,2,1,268,KH,กัมพูชา,1A,ทวีปเอเชีย,37944532.0,0.0
2025-02,2025,2,1,347,SK,สโลวาเกีย,1B,ทวีปยุโรป,47792637.0,0.0
2025-02,2025,2,1,339,HU,ฮังการี,1B,ทวีปยุโรป,9038355.0,0.0
2025-02,2025,2,1,270,MM,เมียนมา,1A,ทวีปเอเชีย,37018136.0,0.0
2025-02,2025,2,1,478,ZA,แอฟริกาใต้,1E,ทวีปแอฟริกา,23169381.0,0.0
2025-02,2025,2,1,316,DK,เดนมาร์ก,1B,ทวีปยุโรป,35611746.0,0.0
2025-02,2025,2,1,269,LA,สปป. ลาว,1A,ทวีปเอเชีย,35973557.0,0.0
2025-02,2025,2,1,306,KR,เกาหลีใต้,1A,ทวีปเอเชีย,35549031.0,0.0
2025-02,2025,2,1,497,NZ,นิวซีแลนด์,1F,ทวีปออสเตรเลีย,249907.0,0.0
2025-02,2025,2,1,343,PL,โปแลนด์,1B,ทวีปยุโรป,38233935.0,0.0
2025-02,2025,2,1,267,ID,อินโดนีเซีย,1A,ทวีปเอเชีย,24457357.0,0.0
2025-02,2025,2,1,409,BR,บราซิล,1D,ทวีปอเมริกาใต้,18999873.0,0.0
2025-02,2025,2,1,319,FR,ฝรั่งเศส,1B,ทวีปยุโรป,15973996.0,0.0
2025-02,2025,2,1,317,ES,สเปน,1B,ทวีปยุโรป,12867553.0,0.0
2025-02,2025,2,1,447,KE,เคนยา,1E,ทวีปแอฟริกา,27873344.0,0.0
2025-02,2025,2,1,288,IL,อิสราเอล,1A,ทวีปเอเชีย,17767294.0,0.0
2025-02,2025,2,1,322,IE,ไอร์แลนด์,1B,ทวีปยุโรป,13847894.0,0.0
2025-02,2025,2,1,312,AT,ออสเตรีย,1B,ทวีปยุโรป,3965444.0,0.0
2025-02,2025,2,1,327,SE,สวีเดน,1B,ทวีปยุโรป,7377580.0,0.0
2025-02,2025,2,1,407,AR,อาร์เจนตินา,1D,ทวีปอเมริกาใต้,2568747.0,0.0
2025-02,2025,2,1,366,NO,นอร์เวย์,1B,ทวีปยุโรป,6187575.0,0.0
2025-02,2025,2,1,357,EE,เอสโตเนีย,1B,ทวีปยุโรป,8091972.0,0.0
2025-02,2025,2,1,266,BN,บรูไน,1A,ทวีปเอเชีย,2964212.0,0.0
2025-02,2025,2,1,345,RU,รัสเซีย,1B,ทวีปยุโรป,4508993.0,0.0
2025-02,2025,2,1,437,EG,อียิปต์,1E,ทวีปแอฟริกา,2878274.0,0.0
2025-02,2025,2,1,356,CH,สวิตเซอร์แลนด์,1B,ทวีปยุโรป,313487.0,0.0
2025-02,2025,2,1,285,AE,สหรัฐอาหรับเอมิเรตส์,1A,ทวีปเอเชีย,1317935.0,0.0
2025-02,2025,2,1,318,FI,ฟินแลนด์,1B,ทวีปยุโรป,2571771.0,0.0
2025-02,2025,2,1,295,QA,กาตาร์,1A,ทวีปเอเชีย,1979679.0,0.0
2025-02,2025,2,1,313,BE,เบลเยียม,1B,ทวีปยุโรป,262690.0,0.0
2025-02,2025,2,1,283,PK,ปากีสถาน,1A,ทวีปเอเชีย,428623.0,0.0
2025-02,2025,2,1,469,SN,เซเนกัล,1E,ทวีปแอฟริกา,877528.0,0.0
2025-02,2025,2,1,421,UY,อุรุกวัย,1D,ทวีปอเมริกาใต้,4507.0,0.0
2025-02,2025,2,1,411,CO,โคลอมเบีย,1D,ทวีปอเมริกาใต้,429389.0,0.0
2025-02,2025,2,1,326,PT,โปรตุเกส,1B,ทวีปยุโรป,415522.0,0.0
2025-02,2025,2,1,277,BD,บังกลาเทศ,1A,ทวีปเอเชีย,420424.0,0.0
2025-02,2025,2,1,286,BH,บาห์เรน,1A,ทวีปเอเชีย,561300.0,0.0
2025-02,2025,2,1,410,CL,ชิลี,1D,ทวีปอเมริกาใต้,10065.0,0.0
2025-02,2025,2,1,341,KZ,คาซัคสถาน,1A,ทวีปเอเชีย,271807.0,0.0
2025-02,2025,2,1,308,MO,มาเก๊า,1A,ทวีปเอเชีย,0.0,0.0
2025-02,2025,2,1,431,CI,โกตดิวัวร์,1E,ทวีปแอฟริกา,150000.0,0.0
2025-02,2025,2,1,278,BT,ภูฎาน,1A,ทวีปเอเชีย,0.0,0.0
2025-02,2025,2,1,282,NP,เนปาล,1A,ทวีปเอเชีย,94871.0,0.0
2025-02,2025,2,1,435,DJ,จิบูตี,1E,ทวีปแอฟริกา,95040.0,0.0
2025-02,2025,2,1,280,LK,ศรีลังกา,1A,ทวีปเอเชีย,0.0,0.0
2025-02,2025,2,1,397,PA,ปานามา,1C,ทวีปอเมริกาเหนือ,39340.0,0.0
2025-02,2025,2,1,281,MV,มัลดีฟส์,1A,ทวีปเอเชีย,30181.0,0.0
2025-02,2025,2,1,499,PG,ปาปัวนิวกินี,1F,ทวีปออสเตรเลีย,58880.0,0.0
2025-02,2025,2,1,296,SA,ซาอุดีอาระเบีย,1A,ทวีปเอเชีย,62487.0,0.0
2025-02,2025,2,1,417,PE,เปรู,1D,ทวีปอเมริกาใต้,14714.0,0.0
2025-02,2025,2,1,461,NG,ไนจีเรีย,1E,ทวีปแอฟริกา,45450.0,0.0
2025-02,2025,2,1,432,CM,แคเมอรูน,1E,ทวีปแอฟริกา,26849.0,0.0
2025-02,2025,2,1,363,LV,ลัตเวีย,1B,ทวีปยุโรป,0.0,0.0
2025-02,2025,2,1,424,AO,แองโกลา,1E,ทวีปแอฟริกา,25038.0,0.0
2025-02,2025,2,1,456,MU,มอริเชียส,1E,ทวีปแอฟริกา,15733.0,0.0
2025-02,2025,2,1,321,GR,กรีซ,1B,ทวีปยุโรป,0.0,0.0
2025-02,2025,2,1,486,FJ,ฟิจิ,1F,ทวีปออสเตรเลีย,4931.0,0.0
2025-02,2025,2,1,484,CK,หมู่เกาะดุก,1F,ทวีปออสเตรเลีย,0.0,0.0
2025-02,2025,2,1,498,PF,เฟรนช์โปลีนีเซีย,1F,ทวีปออสเตรเลีย,4147.0,0.0
2025-02,2025,2,1,490,KI,คิริบาส,1F,ทวีปออสเตรเลีย,1485.0,0.0
2025-02,2025,2,1,346,SI,สโลวีเนีย,1B,ทวีปยุโรป,0.0,0.0
2025-02,2025,2,1,292,KW,คูเวต,1A,ทวีปเอเชีย,981.0,0.0
2025-02,2025,2,1,324,LU,ลักเซมเบิร์ก,1B,ทวีปยุโรป,175.0,0.0
2025-03,2025,3,1,373,US,สหรัฐอเมริกา,1C,ทวีปอเมริกาเหนือ,6899808634.0,0.0
2025-03,2025,3,1,325,NL,เนเธอร์แลนด์,1B,ทวีปยุโรป,2243706641.0,0.0
2025-03,2025,3,1,372,MX,เม็กซิโก,1C,ทวีปอเมริกาเหนือ,1776692992.0,0.0
2025-03,2025,3,1,309,TW,ไต้หวัน,1A,ทวีปเอเชีย,893821545.0,0.0
2025-03,2025,3,1,271,MY,มาเลเซีย,1A,ทวีปเอเชีย,658483259.0,0.0
2025-03,2025,3,1,304,JP,ญี่ปุ่น,1A,ทวีปเอเชีย,547972016.0,0.0
2025-03,2025,3,1,336,CZ,สาธารณรัฐเช็ก,1B,ทวีปยุโรป,670319132.0,0.0
2025-03,2025,3,1,302,CN,จีน,1A,ทวีปเอเชีย,309972660.0,0.0
2025-03,2025,3,1,303,HK,ฮ่องกง,1A,ทวีปเอเชีย,328650425.0,0.0
2025-03,2025,3,1,274,VN,เวียดนาม,1A,ทวีปเอเชีย,190639767.0,0.0
2025-03,2025,3,1,371,CA,แคนาดา,1C,ทวีปอเมริกาเหนือ,236571631.0,0.0
2025-03,2025,3,1,344,RO,โรมาเนีย,1B,ทวีปยุโรป,235519079.0,0.0
2025-03,2025,3,1,273,SG,สิงคโปร์,1A,ทวีปเอเชีย,83488946.0,0.0
2025-03,2025,3,1,279,IN,อินเดีย,1A,ทวีปเอเชีย,114723145.0,0.0
2025-03,2025,3,1,298,TR,ตุรกี,1A,ทวีปเอเชีย,111796694.0,0.0
2025-03,2025,3,1,272,PH,ฟิลิปปินส์,1A,ทวีปเอเชีย,152465315.0,0.0
2025-03,2025,3,1,315,DE,เยอรมนี,1B,ทวีปยุโรป,92861345.0,0.0
2025-03,2025,3,1,483,AU,ออสเตรเลีย,1F,ทวีปออสเตรเลีย,11886553.0,0.0
2025-03,2025,3,1,320,GB,สหราชอาณาจักร,1B,ทวีปยุโรป,39245076.0,0.0
2025-03,2025,3,1,268,KH,กัมพูชา,1A,ทวีปเอเชีย,38914905.0,0.0
2025-03,2025,3,1,323,IT,อิตาลี,1B,ทวีปยุโรป,27681854.0,0.0
2025-03,2025,3,1,347,SK,สโลวาเกีย,1B,ทวีปยุโรป,33821715.0,0.0
2025-03,2025,3,1,270,MM,เมียนมา,1A,ทวีปเอเชีย,29530523.0,0.0
2025-03,2025,3,1,339,HU,ฮังการี,1B,ทวีปยุโรป,25298675.0,0.0
2025-03,2025,3,1,269,LA,สปป. ลาว,1A,ทวีปเอเชีย,32692153.0,0.0
2025-03,2025,3,1,306,KR,เกาหลีใต้,1A,ทวีปเอเชีย,32273119.0,0.0
2025-03,2025,3,1,316,DK,เดนมาร์ก,1B,ทวีปยุโรป,31507703.0,0.0
2025-03,2025,3,1,478,ZA,แอฟริกาใต้,1E,ทวีปแอฟริกา,27899266.0,0.0
2025-03,2025,3,1,343,PL,โปแลนด์,1B,ทวีปยุโรป,27566037.0,0.0
2025-03,2025,3,1,322,IE,ไอร์แลนด์,1B,ทวีปยุโรป,51264198.0,0.0
2025-03,2025,3,1,497,NZ,นิวซีแลนด์,1F,ทวีปออสเตรเลีย,344527.0,0.0
2025-03,2025,3,1,409,BR,บราซิล,1D,ทวีปอเมริกาใต้,17646558.0,0.0
2025-03,2025,3,1,267,ID,อินโดนีเซีย,1A,ทวีปเอเชีย,11864936.0,0.0
2025-03,2025,3,1,319,FR,ฝรั่งเศส,1B,ทวีปยุโรป,13676574.0,0.0
2025-03,2025,3,1,345,RU,รัสเซีย,1B,ทวีปยุโรป,33561403.0,0.0
2025-03,2025,3,1,317,ES,สเปน,1B,ทวีปยุโรป,8386950.0,0.0
2025-03,2025,3,1,447,KE,เคนยา,1E,ทวีปแอฟริกา,10182580.0,0.0
2025-03,2025,3,1,288,IL,อิสราเอล,1A,ทวีปเอเชีย,4933861.0,0.0
2025-03,2025,3,1,312,AT,ออสเตรีย,1B,ทวีปยุโรป,7682342.0,0.0
2025-03,2025,3,1,366,NO,นอร์เวย์,1B,ทวีปยุโรป,11053823.0,0.0
2025-03,2025,3,1,327,SE,สวีเดน,1B,ทวีปยุโรป,7584650.0,0.0
2025-03,2025,3,1,407,AR,อาร์เจนตินา,1D,ทวีปอเมริกาใต้,7525649.0,0.0
2025-03,2025,3,1,357,EE,เอสโตเนีย,1B,ทวีปยุโรป,6285924.0,0.0
2025-03,2025,3,1,356,CH,สวิตเซอร์แลนด์,1B,ทวีปยุโรป,4683502.0,0.0
2025-03,2025,3,1,437,EG,อียิปต์,1E,ทวีปแอฟริกา,2997289.0,0.0
2025-03,2025,3,1,346,SI,สโลวีเนีย,1B,ทวีปยุโรป,7732861.0,0.0
2025-03,2025,3,1,266,BN,บรูไน,1A,ทวีปเอเชีย,0.0,0.0
2025-03,2025,3,1,285,AE,สหรัฐอาหรับเอมิเรตส์,1A,ทวีปเอเชีย,1645178.0,0.0
2025-03,2025,3,1,318,FI,ฟินแลนด์,1B,ทวีปยุโรป,952059.0,0.0
2025-03,2025,3,1,313,BE,เบลเยียม,1B,ทวีปยุโรป,936779.0,0.0
2025-03,2025,3,1,295,QA,กาตาร์,1A,ทวีปเอเชีย,0.0,0.0
2025-03,2025,3,1,283,PK,ปากีสถาน,1A,ทวีปเอเชีย,1008665.0,0.0
2025-03,2025,3,1,499,PG,ปาปัวนิวกินี,1F,ทวีปออสเตรเลีย,1867149.0,0.0
2025-03,2025,3,1,326,PT,โปรตุเกส,1B,ทวีปยุโรป,344123.0,0.0
2025-03,2025,3,1,411,CO,โคลอมเบีย,1D,ทวีปอเมริกาใต้,234346.0,0.0
2025-03,2025,3,1,469,SN,เซเนกัล,1E,ทวีปแอฟริกา,0.0,0.0
2025-03,2025,3,1,417,PE,เปรู,1D,ทวีปอเมริกาใต้,762050.0,0.0
2025-03,2025,3,1,421,UY,อุรุกวัย,1D,ทวีปอเมริกาใต้,0.0,0.0
2025-03,2025,3,1,277,BD,บังกลาเทศ,1A,ทวีปเอเชีย,87134.0,0.0
2025-03,2025,3,1,286,BH,บาห์เรน,1A,ทวีปเอเชีย,2584.0,0.0
2025-03,2025,3,1,441,GH,กานา,1E,ทวีปแอฟริกา,526428.0,0.0
2025-03,2025,3,1,410,CL,ชิลี,1D,ทวีปอเมริกาใต้,164.0,0.0
2025-03,2025,3,1,341,KZ,คาซัคสถาน,1A,ทวีปเอเชีย,8832.0,0.0
2025-03,2025,3,1,280,LK,ศรีลังกา,1A,ทวีปเอเชีย,108250.0,0.0
2025-03,2025,3,1,308,MO,มาเก๊า,1A,ทวีปเอเชีย,12366.0,0.0
2025-03,2025,3,1,431,CI,โกตดิวัวร์,1E,ทวีปแอฟริกา,0.0,0.0
2025-03,2025,3,1,278,BT,ภูฎาน,1A,ทวีปเอเชีย,0.0,0.0
2025-03,2025,3,1,563,RS,เซอร์เบีย,1B,ทวีปยุโรป,138864.0,0.0
2025-03,2025,3,1,397,PA,ปานามา,1C,ทวีปอเมริกาเหนือ,38768.0,0.0
2025-03,2025,3,1,282,NP,เนปาล,1A,ทวีปเอเชีย,0.0,0.0
2025-03,2025,3,1,296,SA,ซาอุดีอาระเบีย,1A,ทวีปเอเชีย,33384.0,0.0
2025-03,2025,3,1,281,MV,มัลดีฟส์,1A,ทวีปเอเชีย,23779.0,0.0
2025-03,2025,3,1,435,DJ,จิบูตี,1E,ทวีปแอฟริกา,0.0,0.0
2025-03,2025,3,1,461,NG,ไนจีเรีย,1E,ทวีปแอฟริกา,0.0,0.0
2025-03,2025,3,1,432,CM,แคเมอรูน,1E,ทวีปแอฟริกา,0.0,0.0
2025-03,2025,3,1,363,LV,ลัตเวีย,1B,ทวีปยุโรป,0.0,0.0
2025-03,2025,3,1,424,AO,แองโกลา,1E,ทวีปแอฟริกา,0.0,0.0
2025-03,2025,3,1,456,MU,มอริเชียส,1E,ทวีปแอฟริกา,0.0,0.0
2025-03,2025,3,1,321,GR,กรีซ,1B,ทวีปยุโรป,0.0,0.0
2025-03,2025,3,1,486,FJ,ฟิจิ,1F,ทวีปออสเตรเลีย,0.0,0.0
2025-03,2025,3,1,484,CK,หมู่เกาะดุก,1F,ทวีปออสเตรเลีย,0.0,0.0
2025-03,2025,3,1,498,PF,เฟรนช์โปลีนีเซีย,1F,ทวีปออสเตรเลีย,0.0,0.0
2025-03,2025,3,1,351,UA,ยูเครน,1B,ทวีปยุโรป,3934.0,0.0
2025-03,2025,3,1,294,OM,โอมาน,1A,ทวีปเอเชีย,2756.0,0.0
2025-03,2025,3,1,490,KI,คิริบาส,1F,ทวีปออสเตรเลีย,0.0,0.0
2025-03,2025,3,1,292,KW,คูเวต,1A,ทวีปเอเชีย,0.0,0.0
2025-03,2025,3,1,458,MZ,โมซัมบิก,1E,ทวีปแอฟริกา,921.0,0.0
2025-03,2025,3,1,377,BB,บาร์เบโดส,1C,ทวีปอเมริกาเหนือ,741.0,0.0
2025-03,2025,3,1,324,LU,ลักเซมเบิร์ก,1B,ทวีปยุโรป,0.0,0.0
2025-03,2025,3,1,401,TT,ตรินิแดดและโตเบโก,1C,ทวีปอเมริกาเหนือ,89.0,0.0
2025-04,2025,4,2,373,US,สหรัฐอเมริกา,1C,ทวีปอเมริกาเหนือ,5635480310.0,0.0
2025-04,2025,4,2,325,NL,เนเธอร์แลนด์,1B,ทวีปยุโรป,1661807325.0,0.0
2025-04,2025,4,2,372,MX,เม็กซิโก,1C,ทวีปอเมริกาเหนือ,1914378967.0,0.0
2025-04,2025,4,2,309,TW,ไต้หวัน,1A,ทวีปเอเชีย,556149860.0,0.0
2025-04,2025,4,2,304,JP,ญี่ปุ่น,1A,ทวีปเอเชีย,571540877.0,0.0
2025-04,2025,4,2,271,MY,มาเลเซีย,1A,ทวีปเอเชีย,385231393.0,0.0
2025-04,2025,4,2,336,CZ,สาธารณรัฐเช็ก,1B,ทวีปยุโรป,658570107.0,0.0
2025-04,2025,4,2,302,CN,จีน,1A,ทวีปเอเชีย,431835681.0,0.0
2025-04,2025,4,2,303,HK,ฮ่องกง,1A,ทวีปเอเชีย,209873817.0,0.0
2025-04,2025,4,2,274,VN,เวียดนาม,1A,ทวีปเอเชีย,204284714.0,0.0
2025-04,2025,4,2,344,RO,โรมาเนีย,1B,ทวีปยุโรป,244192463.0,0.0
2025-04,2025,4,2,273,SG,สิงคโปร์,1A,ทวีปเอเชีย,191377507.0,0.0
2025-04,2025,4,2,279,IN,อินเดีย,1A,ทวีปเอเชีย,122189521.0,0.0
2025-04,2025,4,2,298,TR,ตุรกี,1A,ทวีปเอเชีย,160570236.0,0.0
2025-04,2025,4,2,371,CA,แคนาดา,1C,ทวีปอเมริกาเหนือ,18949240.0,0.0
2025-04,2025,4,2,320,GB,สหราชอาณาจักร,1B,ทวีปยุโรป,248054557.0,0.0
2025-04,2025,4,2,315,DE,เยอรมนี,1B,ทวีปยุโรป,100488417.0,0.0
2025-04,2025,4,2,272,PH,ฟิลิปปินส์,1A,ทวีปเอเชีย,9298152.0,0.0
2025-04,2025,4,2,483,AU,ออสเตรเลีย,1F,ทวีปออสเตรเลีย,8882617.0,0.0
2025-04,2025,4,2,268,KH,กัมพูชา,1A,ทวีปเอเชีย,46032840.0,0.0
2025-04,2025,4,2,269,LA,สปป. ลาว,1A,ทวีปเอเชีย,63773927.0,0.0
2025-04,2025,4,2,323,IT,อิตาลี,1B,ทวีปยุโรป,23201925.0,0.0
2025-04,2025,4,2,347,SK,สโลวาเกีย,1B,ทวีปยุโรป,26720681.0,0.0
2025-04,2025,4,2,478,ZA,แอฟริกาใต้,1E,ทวีปแอฟริกา,44601628.0,0.0
2025-04,2025,4,2,316,DK,เดนมาร์ก,1B,ทวีปยุโรป,23873421.0,0.0
2025-04,2025,4,2,306,KR,เกาหลีใต้,1A,ทวีปเอเชีย,23366951.0,0.0
2025-04,2025,4,2,343,PL,โปแลนด์,1B,ทวีปยุโรป,38155349.0,0.0
2025-04,2025,4,2,270,MM,เมียนมา,1A,ทวีปเอเชีย,9725407.0,0.0
2025-04,2025,4,2,339,HU,ฮังการี,1B,ทวีปยุโรป,6615280.0,0.0
2025-04,2025,4,2,409,BR,บราซิล,1D,ทวีปอเมริกาใต้,21182864.0,0.0
2025-04,2025,4,2,319,FR,ฝรั่งเศส,1B,ทวีปยุโรป,32475906.0,0.0
2025-04,2025,4,2,322,IE,ไอร์แลนด์,1B,ทวีปยุโรป,6822102.0,0.0
2025-04,2025,4,2,267,ID,อินโดนีเซีย,1A,ทวีปเอเชีย,21480049.0,0.0
2025-04,2025,4,2,345,RU,รัสเซีย,1B,ทวีปยุโรป,18326673.0,0.0
2025-04,2025,4,2,497,NZ,นิวซีแลนด์,1F,ทวีปออสเตรเลีย,82493.0,0.0
2025-04,2025,4,2,317,ES,สเปน,1B,ทวีปยุโรป,8912848.0,0.0
2025-04,2025,4,2,447,KE,เคนยา,1E,ทวีปแอฟริกา,0.0,0.0
2025-04,2025,4,2,288,IL,อิสราเอล,1A,ทวีปเอเชีย,1724719.0,0.0
2025-04,2025,4,2,327,SE,สวีเดน,1B,ทวีปยุโรป,9468150.0,0.0
2025-04,2025,4,2,407,AR,อาร์เจนตินา,1D,ทวีปอเมริกาใต้,5474542.0,0.0
2025-04,2025,4,2,312,AT,ออสเตรีย,1B,ทวีปยุโรป,2131202.0,0.0
2025-04,2025,4,2,366,NO,นอร์เวย์,1B,ทวีปยุโรป,1556849.0,0.0
2025-04,2025,4,2,357,EE,เอสโตเนีย,1B,ทวีปยุโรป,1745906.0,0.0
2025-04,2025,4,2,346,SI,สโลวีเนีย,1B,ทวีปยุโรป,8358384.0,0.0
2025-04,2025,4,2,266,BN,บรูไน,1A,ทวีปเอเชีย,7783382.0,0.0
2025-04,2025,4,2,437,EG,อียิปต์,1E,ทวีปแอฟริกา,4831415.0,0.0
2025-04,2025,4,2,356,CH,สวิตเซอร์แลนด์,1B,ทวีปยุโรป,2165475.0,0.0
2025-04,2025,4,2,285,AE,สหรัฐอาหรับเอมิเรตส์,1A,ทวีปเอเชีย,1069164.0,0.0
2025-04,2025,4,2,318,FI,ฟินแลนด์,1B,ทวีปยุโรป,3424744.0,0.0
2025-04,2025,4,2,313,BE,เบลเยียม,1B,ทวีปยุโรป,1350050.0,0.0
2025-04,2025,4,2,283,PK,ปากีสถาน,1A,ทวีปเอเชีย,344994.0,0.0
2025-04,2025,4,2,384,DO,สาธารณรัฐโดมินิกัน,1C,ทวีปอเมริกาเหนือ,2299670.0,0.0
2025-04,2025,4,2,295,QA,กาตาร์,1A,ทวีปเอเชีย,0.0,0.0
2025-04,2025,4,2,499,PG,ปาปัวนิวกินี,1F,ทวีปออสเตรเลีย,0.0,0.0
2025-04,2025,4,2,461,NG,ไนจีเรีย,1E,ทวีปแอฟริกา,1857608.0,0.0
2025-04,2025,4,2,326,PT,โปรตุเกส,1B,ทวีปยุโรป,409746.0,0.0
2025-04,2025,4,2,411,CO,โคลอมเบีย,1D,ทวีปอเมริกาใต้,363316.0,0.0
2025-04,2025,4,2,469,SN,เซเนกัล,1E,ทวีปแอฟริกา,0.0,0.0
2025-04,2025,4,2,417,PE,เปรู,1D,ทวีปอเมริกาใต้,10635.0,0.0
2025-04,2025,4,2,421,UY,อุรุกวัย,1D,ทวีปอเมริกาใต้,2708.0,0.0
2025-04,2025,4,2,277,BD,บังกลาเทศ,1A,ทวีปเอเชีย,73636.0,0.0
2025-04,2025,4,2,341,KZ,คาซัคสถาน,1A,ทวีปเอเชีย,333941.0,0.0
2025-04,2025,4,2,286,BH,บาห์เรน,1A,ทวีปเอเชีย,100.0,0.0
2025-04,2025,4,2,441,GH,กานา,1E,ทวีปแอฟริกา,0.0,0.0
2025-04,2025,4,2,410,CL,ชิลี,1D,ทวีปอเมริกาใต้,88899.0,0.0
2025-04,2025,4,2,280,LK,ศรีลังกา,1A,ทวีปเอเชีย,32778.0,0.0
2025-04,2025,4,2,308,MO,มาเก๊า,1A,ทวีปเอเชีย,0.0,0.0
2025-04,2025,4,2,296,SA,ซาอุดีอาระเบีย,1A,ทวีปเอเชีย,82795.0,0.0
2025-04,2025,4,2,431,CI,โกตดิวัวร์,1E,ทวีปแอฟริกา,0.0,0.0
2025-04,2025,4,2,397,PA,ปานามา,1C,ทวีปอเมริกาเหนือ,22225.0,0.0
2025-04,2025,4,2,278,BT,ภูฎาน,1A,ทวีปเอเชีย,399.0,0.0
2025-04,2025,4,2,563,RS,เซอร์เบีย,1B,ทวีปยุโรป,1379.0,0.0
2025-04,2025,4,2,281,MV,มัลดีฟส์,1A,ทวีปเอเชีย,36972.0,0.0
2025-04,2025,4,2,282,NP,เนปาล,1A,ทวีปเอเชีย,7011.0,0.0
2025-04,2025,4,2,435,DJ,จิบูตี,1E,ทวีปแอฟริกา,0.0,0.0
2025-04,2025,4,2,432,CM,แคเมอรูน,1E,ทวีปแอฟริกา,0.0,0.0
2025-04,2025,4,2,363,LV,ลัตเวีย,1B,ทวีปยุโรป,0.0,0.0
2025-04,2025,4,2,424,AO,แองโกลา,1E,ทวีปแอฟริกา,0.0,0.0
2025-04,2025,4,2,456,MU,มอริเชียส,1E,ทวีปแอฟริกา,0.0,0.0
2025-04,2025,4,2,415,GY,กายอานา,1D,ทวีปอเมริกาใต้,9842.0,0.0
2025-04,2025,4,2,321,GR,กรีซ,1B,ทวีปยุโรป,0.0,0.0
2025-04,2025,4,2,465,SC,เซเชลส์,1E,ทวีปแอฟริกา,6750.0,0.0
2025-04,2025,4,2,486,FJ,ฟิจิ,1F,ทวีปออสเตรเลีย,0.0,0.0
2025-04,2025,4,2,493,NC,นิวแคลีโดเนีย,1F,ทวีปออสเตรเลีย,4890.0,0.0
2025-04,2025,4,2,498,PF,เฟรนช์โปลีนีเซีย,1F,ทวีปออสเตรเลีย,234.0,0.0
2025-04,2025,4,2,484,CK,หมู่เกาะดุก,1F,ทวีปออสเตรเลีย,0.0,0.0
2025-04,2025,4,2,351,UA,ยูเครน,1B,ทวีปยุโรป,0.0,0.0
2025-04,2025,4,2,294,OM,โอมาน,1A,ทวีปเอเชีย,0.0,0.0
2025-04,2025,4,2,490,KI,คิริบาส,1F,ทวีปออสเตรเลีย,0.0,0.0
2025-04,2025,4,2,292,KW,คูเวต,1A,ทวีปเอเชีย,339.0,0.0
2025-04,2025,4,2,458,MZ,โมซัมบิก,1E,ทวีปแอฟริกา,0.0,0.0
2025-04,2025,4,2,377,BB,บาร์เบโดส,1C,ทวีปอเมริกาเหนือ,0.0,0.0
2025-04,2025,4,2,324,LU,ลักเซมเบิร์ก,1B,ทวีปยุโรป,0.0,0.0
2025-04,2025,4,2,401,TT,ตรินิแดดและโตเบโก,1C,ทวีปอเมริกาเหนือ,0.0,0.0
2025-04,2025,4,2,333,BG,บัลแกเรีย,1B,ทวีปยุโรป,49.0,0.0
2025-05,2025,5,2,373,US,สหรัฐอเมริกา,1C,ทวีปอเมริกาเหนือ,8915116503.0,0.0
2025-05,2025,5,2,372,MX,เม็กซิโก,1C,ทวีปอเมริกาเหนือ,2331165079.0,0.0
2025-05,2025,5,2,325,NL,เนเธอร์แลนด์,1B,ทวีปยุโรป,2199251765.0,0.0
2025-05,2025,5,2,309,TW,ไต้หวัน,1A,ทวีปเอเชีย,472401658.0,0.0
2025-05,2025,5,2,304,JP,ญี่ปุ่น,1A,ทวีปเอเชีย,1295530556.0,0.0
2025-05,2025,5,2,271,MY,มาเลเซีย,1A,ทวีปเอเชีย,530767402.0,0.0
2025-05,2025,5,2,336,CZ,สาธารณรัฐเช็ก,1B,ทวีปยุโรป,129704324.0,0.0
2025-05,2025,5,2,302,CN,จีน,1A,ทวีปเอเชีย,373911590.0,0.0
2025-05,2025,5,2,303,HK,ฮ่องกง,1A,ทวีปเอเชีย,241480521.0,0.0
2025-05,2025,5,2,274,VN,เวียดนาม,1A,ทวีปเอเชีย,224765895.0,0.0
2025-05,2025,5,2,344,RO,โรมาเนีย,1B,ทวีปยุโรป,304562724.0,0.0
2025-05,2025,5,2,273,SG,สิงคโปร์,1A,ทวีปเอเชีย,157660778.0,0.0
2025-05,2025,5,2,279,IN,อินเดีย,1A,ทวีปเอเชีย,142573936.0,0.0
2025-05,2025,5,2,298,TR,ตุรกี,1A,ทวีปเอเชีย,152453874.0,0.0
2025-05,2025,5,2,315,DE,เยอรมนี,1B,ทวีปยุโรป,126649649.0,0.0
2025-05,2025,5,2,371,CA,แคนาดา,1C,ทวีปอเมริกาเหนือ,9523264.0,0.0
2025-05,2025,5,2,320,GB,สหราชอาณาจักร,1B,ทวีปยุโรป,12442328.0,0.0
2025-05,2025,5,2,272,PH,ฟิลิปปินส์,1A,ทวีปเอเชีย,9433094.0,0.0
2025-05,2025,5,2,483,AU,ออสเตรเลีย,1F,ทวีปออสเตรเลีย,13810326.0,0.0
2025-05,2025,5,2,268,KH,กัมพูชา,1A,ทวีปเอเชีย,49542378.0,0.0
2025-05,2025,5,2,269,LA,สปป. ลาว,1A,ทวีปเอเชีย,25375628.0,0.0
2025-05,2025,5,2,323,IT,อิตาลี,1B,ทวีปยุโรป,35728233.0,0.0
2025-05,2025,5,2,347,SK,สโลวาเกีย,1B,ทวีปยุโรป,38635792.0,0.0
2025-05,2025,5,2,343,PL,โปแลนด์,1B,ทวีปยุโรป,55627452.0,0.0
2025-05,2025,5,2,478,ZA,แอฟริกาใต้,1E,ทวีปแอฟริกา,26801156.0,0.0
2025-05,2025,5,2,306,KR,เกาหลีใต้,1A,ทวีปเอเชีย,41425789.0,0.0
2025-05,2025,5,2,316,DK,เดนมาร์ก,1B,ทวีปยุโรป,35949586.0,0.0
2025-05,2025,5,2,270,MM,เมียนมา,1A,ทวีปเอเชีย,20476828.0,0.0
2025-05,2025,5,2,322,IE,ไอร์แลนด์,1B,ทวีปยุโรป,43160249.0,0.0
2025-05,2025,5,2,339,HU,ฮังการี,1B,ทวีปยุโรป,6934157.0,0.0
2025-05,2025,5,2,319,FR,ฝรั่งเศส,1B,ทวีปยุโรป,24829381.0,0.0
2025-05,2025,5,2,409,BR,บราซิล,1D,ทวีปอเมริกาใต้,18272263.0,0.0
2025-05,2025,5,2,267,ID,อินโดนีเซีย,1A,ทวีปเอเชีย,18336758.0,0.0
2025-05,2025,5,2,497,NZ,นิวซีแลนด์,1F,ทวีปออสเตรเลีย,24854374.0,0.0
2025-05,2025,5,2,345,RU,รัสเซีย,1B,ทวีปยุโรป,3226166.0,0.0
2025-05,2025,5,2,317,ES,สเปน,1B,ทวีปยุโรป,10677815.0,0.0
2025-05,2025,5,2,447,KE,เคนยา,1E,ทวีปแอฟริกา,0.0,0.0
2025-05,2025,5,2,327,SE,สวีเดน,1B,ทวีปยุโรป,6478663.0,0.0
2025-05,2025,5,2,285,AE,สหรัฐอาหรับเอมิเรตส์,1A,ทวีปเอเชีย,26591760.0,0.0
2025-05,2025,5,2,288,IL,อิสราเอล,1A,ทวีปเอเชีย,1564691.0,0.0
2025-05,2025,5,2,407,AR,อาร์เจนตินา,1D,ทวีปอเมริกาใต้,4447537.0,0.0
2025-05,2025,5,2,312,AT,ออสเตรีย,1B,ทวีปยุโรป,3335571.0,0.0
2025-05,2025,5,2,356,CH,สวิตเซอร์แลนด์,1B,ทวีปยุโรป,11718017.0,0.0
2025-05,2025,5,2,366,NO,นอร์เวย์,1B,ทวีปยุโรป,1278702.0,0.0
2025-05,2025,5,2,346,SI,สโลวีเนีย,1B,ทวีปยุโรป,4702254.0,0.0
2025-05,2025,5,2,437,EG,อียิปต์,1E,ทวีปแอฟริกา,5040475.0,0.0
2025-05,2025,5,2,357,EE,เอสโตเนีย,1B,ทวีปยุโรป,1298503.0,0.0
2025-05,2025,5,2,266,BN,บรูไน,1A,ทวีปเอเชีย,85853.0,0.0
2025-05,2025,5,2,318,FI,ฟินแลนด์,1B,ทวีปยุโรป,0.0,0.0
2025-05,2025,5,2,313,BE,เบลเยียม,1B,ทวีปยุโรป,1798123.0,0.0
2025-05,2025,5,2,283,PK,ปากีสถาน,1A,ทวีปเอเชีย,344172.0,0.0
2025-05,2025,5,2,295,QA,กาตาร์,1A,ทวีปเอเชีย,663952.0,0.0
2025-05,2025,5,2,384,DO,สาธารณรัฐโดมินิกัน,1C,ทวีปอเมริกาเหนือ,241648.0,0.0
2025-05,2025,5,2,461,NG,ไนจีเรีย,1E,ทวีปแอฟริกา,405000.0,0.0
2025-05,2025,5,2,499,PG,ปาปัวนิวกินี,1F,ทวีปออสเตรเลีย,368343.0,0.0
2025-05,2025,5,2,330,AL,แอลเบเนีย,1B,ทวีปยุโรป,2027252.0,0.0
2025-05,2025,5,2,277,BD,บังกลาเทศ,1A,ทวีปเอเชีย,1034418.0,0.0
2025-05,2025,5,2,326,PT,โปรตุเกส,1B,ทวีปยุโรป,339128.0,0.0
2025-05,2025,5,2,411,CO,โคลอมเบีย,1D,ทวีปอเมริกาใต้,338050.0,0.0
2025-05,2025,5,2,341,KZ,คาซัคสถาน,1A,ทวีปเอเชีย,931752.0,0.0
2025-05,2025,5,2,469,SN,เซเนกัล,1E,ทวีปแอฟริกา,0.0,0.0
2025-05,2025,5,2,417,PE,เปรู,1D,ทวีปอเมริกาใต้,0.0,0.0
2025-05,2025,5,2,421,UY,อุรุกวัย,1D,ทวีปอเมริกาใต้,0.0,0.0
2025-05,2025,5,2,441,GH,กานา,1E,ทวีปแอฟริกา,145000.0,0.0
2025-05,2025,5,2,296,SA,ซาอุดีอาระเบีย,1A,ทวีปเอเชีย,441144.0,0.0
2025-05,2025,5,2,286,BH,บาห์เรน,1A,ทวีปเอเชีย,0.0,0.0
2025-05,2025,5,2,410,CL,ชิลี,1D,ทวีปอเมริกาใต้,0.0,0.0
2025-05,2025,5,2,280,LK,ศรีลังกา,1A,ทวีปเอเชีย,179412.0,0.0
2025-05,2025,5,2,563,RS,เซอร์เบีย,1B,ทวีปยุโรป,67775.0,0.0
2025-05,2025,5,2,292,KW,คูเวต,1A,ทวีปเอเชีย,191220.0,0.0
2025-05,2025,5,2,308,MO,มาเก๊า,1A,ทวีปเอเชีย,0.0,0.0
2025-05,2025,5,2,281,MV,มัลดีฟส์,1A,ทวีปเอเชีย,41824.0,0.0
2025-05,2025,5,2,397,PA,ปานามา,1C,ทวีปอเมริกาเหนือ,11055.0,0.0
2025-05,2025,5,2,278,BT,ภูฎาน,1A,ทวีปเอเชีย,11751.0,0.0
2025-05,2025,5,2,431,CI,โกตดิวัวร์,1E,ทวีปแอฟริกา,0.0,0.0
2025-05,2025,5,2,282,NP,เนปาล,1A,ทวีปเอเชีย,3587.0,0.0
2025-05,2025,5,2,435,DJ,จิบูตี,1E,ทวีปแอฟริกา,0.0,0.0
2025-05,2025,5,2,321,GR,กรีซ,1B,ทวีปยุโรป,36099.0,0.0
2025-05,2025,5,2,432,CM,แคเมอรูน,1E,ทวีปแอฟริกา,0.0,0.0
2025-05,2025,5,2,363,LV,ลัตเวีย,1B,ทวีปยุโรป,0.0,0.0
2025-05,2025,5,2,424,AO,แองโกลา,1E,ทวีปแอฟริกา,0.0,0.0
2025-05,2025,5,2,456,MU,มอริเชียส,1E,ทวีปแอฟริกา,0.0,0.0
2025-05,2025,5,2,419,PY,ปารากวัย,1D,ทวีปอเมริกาใต้,12637.0,0.0
2025-05,2025,5,2,415,GY,กายอานา,1D,ทวีปอเมริกาใต้,0.0,0.0
2025-05,2025,5,2,294,OM,โอมาน,1A,ทวีปเอเชีย,4638.0,0.0
2025-05,2025,5,2,465,SC,เซเชลส์,1E,ทวีปแอฟริกา,0.0,0.0
2025-05,2025,5,2,486,FJ,ฟิจิ,1F,ทวีปออสเตรเลีย,0.0,0.0
2025-05,2025,5,2,493,NC,นิวแคลีโดเนีย,1F,ทวีปออสเตรเลีย,0.0,0.0
2025-05,2025,5,2,498,PF,เฟรนช์โปลีนีเซีย,1F,ทวีปออสเตรเลีย,0.0,0.0
2025-05,2025,5,2,484,CK,หมู่เกาะดุก,1F,ทวีปออสเตรเลีย,0.0,0.0
2025-05,2025,5,2,351,UA,ยูเครน,1B,ทวีปยุโรป,0.0,0.0
2025-05,2025,5,2,398,PR,เปอร์โตริโก,1C,ทวีปอเมริกาเหนือ,2379.0,0.0
2025-05,2025,5,2,396,NI,นิการากัว,1C,ทวีปอเมริกาเหนือ,2028.0,0.0
2025-05,2025,5,2,490,KI,คิริบาส,1F,ทวีปออสเตรเลีย,0.0,0.0
2025-05,2025,5,2,458,MZ,โมซัมบิก,1E,ทวีปแอฟริกา,0.0,0.0
2025-05,2025,5,2,377,BB,บาร์เบโดส,1C,ทวีปอเมริกาเหนือ,0.0,0.0
2025-05,2025,5,2,443,GN,กินี,1E,ทวีปแอฟริกา,462.0,0.0
2025-05,2025,5,2,324,LU,ลักเซมเบิร์ก,1B,ทวีปยุโรป,0.0,0.0
2025-05,2025,5,2,333,BG,บัลแกเรีย,1B,ทวีปยุโรป,88.0,0.0
2025-05,2025,5,2,401,TT,ตรินิแดดและโตเบโก,1C,ทวีปอเมริกาเหนือ,0.0,0.0
2025-05,2025,5,2,464,RW,รวันดา,1E,ทวีปแอฟริกา,50.0,0.0
2025-06,2025,6,2,373,US,สหรัฐอเมริกา,1C,ทวีปอเมริกาเหนือ,7747520505.0,0.0
2025-06,2025,6,2,372,MX,เม็กซิโก,1C,ทวีปอเมริกาเหนือ,2340310551.0,0.0
2025-06,2025,6,2,325,NL,เนเธอร์แลนด์,1B,ทวีปยุโรป,2243746361.0,0.0
2025-06,2025,6,2,309,TW,ไต้หวัน,1A,ทวีปเอเชีย,533637029.0,0.0
2025-06,2025,6,2,304,JP,ญี่ปุ่น,1A,ทวีปเอเชีย,477365547.0,0.0
2025-06,2025,6,2,271,MY,มาเลเซีย,1A,ทวีปเอเชีย,444379233.0,0.0
2025-06,2025,6,2,336,CZ,สาธารณรัฐเช็ก,1B,ทวีปยุโรป,179176359.0,0.0
2025-06,2025,6,2,302,CN,จีน,1A,ทวีปเอเชีย,304711297.0,0.0
2025-06,2025,6,2,303,HK,ฮ่องกง,1A,ทวีปเอเชีย,279596783.0,0.0
2025-06,2025,6,2,274,VN,เวียดนาม,1A,ทวีปเอเชีย,294266146.0,0.0
2025-06,2025,6,2,344,RO,โรมาเนีย,1B,ทวีปยุโรป,175333926.0,0.0
2025-06,2025,6,2,273,SG,สิงคโปร์,1A,ทวีปเอเชีย,265559239.0,0.0
2025-06,2025,6,2,298,TR,ตุรกี,1A,ทวีปเอเชีย,154707663.0,0.0
2025-06,2025,6,2,279,IN,อินเดีย,1A,ทวีปเอเชีย,119219098.0,0.0
2025-06,2025,6,2,315,DE,เยอรมนี,1B,ทวีปยุโรป,118764829.0,0.0
2025-06,2025,6,2,371,CA,แคนาดา,1C,ทวีปอเมริกาเหนือ,4653461.0,0.0
2025-06,2025,6,2,272,PH,ฟิลิปปินส์,1A,ทวีปเอเชีย,125290712.0,0.0
2025-06,2025,6,2,320,GB,สหราชอาณาจักร,1B,ทวีปยุโรป,15963661.0,0.0
2025-06,2025,6,2,483,AU,ออสเตรเลีย,1F,ทวีปออสเตรเลีย,11796107.0,0.0
2025-06,2025,6,2,268,KH,กัมพูชา,1A,ทวีปเอเชีย,38651108.0,0.0
2025-06,2025,6,2,323,IT,อิตาลี,1B,ทวีปยุโรป,33597657.0,0.0
2025-06,2025,6,2,343,PL,โปแลนด์,1B,ทวีปยุโรป,43701146.0,0.0
2025-06,2025,6,2,269,LA,สปป. ลาว,1A,ทวีปเอเชีย,28128323.0,0.0
2025-06,2025,6,2,347,SK,สโลวาเกีย,1B,ทวีปยุโรป,17742853.0,0.0
2025-06,2025,6,2,478,ZA,แอฟริกาใต้,1E,ทวีปแอฟริกา,30345728.0,0.0
2025-06,2025,6,2,316,DK,เดนมาร์ก,1B,ทวีปยุโรป,35957490.0,0.0
2025-06,2025,6,2,306,KR,เกาหลีใต้,1A,ทวีปเอเชีย,28030048.0,0.0
2025-06,2025,6,2,322,IE,ไอร์แลนด์,1B,ทวีปยุโรป,29505557.0,0.0
2025-06,2025,6,2,270,MM,เมียนมา,1A,ทวีปเอเชีย,6630328.0,0.0
2025-06,2025,6,2,409,BR,บราซิล,1D,ทวีปอเมริกาใต้,25746281.0,0.0
2025-06,2025,6,2,317,ES,สเปน,1B,ทวีปยุโรป,62687830.0,0.0
2025-06,2025,6,2,267,ID,อินโดนีเซีย,1A,ทวีปเอเชีย,28619827.0,0.0
2025-06,2025,6,2,319,FR,ฝรั่งเศส,1B,ทวีปยุโรป,17767079.0,0.0
2025-06,2025,6,2,339,HU,ฮังการี,1B,ทวีปยุโรป,6868947.0,0.0
2025-06,2025,6,2,497,NZ,นิวซีแลนด์,1F,ทวีปออสเตรเลีย,553903.0,0.0
2025-06,2025,6,2,345,RU,รัสเซีย,1B,ทวีปยุโรป,1548353.0,0.0
2025-06,2025,6,2,327,SE,สวีเดน,1B,ทวีปยุโรป,5070564.0,0.0
2025-06,2025,6,2,447,KE,เคนยา,1E,ทวีปแอฟริกา,470019.0,0.0
2025-06,2025,6,2,285,AE,สหรัฐอาหรับเอมิเรตส์,1A,ทวีปเอเชีย,1600607.0,0.0
2025-06,2025,6,2,288,IL,อิสราเอล,1A,ทวีปเอเชีย,2270270.0,0.0
2025-06,2025,6,2,407,AR,อาร์เจนตินา,1D,ทวีปอเมริกาใต้,4584345.0,0.0
2025-06,2025,6,2,312,AT,ออสเตรีย,1B,ทวีปยุโรป,5858265.0,0.0
2025-06,2025,6,2,366,NO,นอร์เวย์,1B,ทวีปยุโรป,6544789.0,0.0
2025-06,2025,6,2,356,CH,สวิตเซอร์แลนด์,1B,ทวีปยุโรป,3144837.0,0.0
2025-06,2025,6,2,346,SI,สโลวีเนีย,1B,ทวีปยุโรป,4059894.0,0.0
2025-06,2025,6,2,357,EE,เอสโตเนีย,1B,ทวีปยุโรป,4491635.0,0.0
2025-06,2025,6,2,437,EG,อียิปต์,1E,ทวีปแอฟริกา,3621048.0,0.0
2025-06,2025,6,2,266,BN,บรูไน,1A,ทวีปเอเชีย,6542625.0,0.0
2025-06,2025,6,2,318,FI,ฟินแลนด์,1B,ทวีปยุโรป,0.0,0.0
2025-06,2025,6,2,313,BE,เบลเยียม,1B,ทวีปยุโรป,384447.0,0.0
2025-06,2025,6,2,441,GH,กานา,1E,ทวีปแอฟริกา,4190690.0,0.0
2025-06,2025,6,2,449,LR,ไลบีเรีย,1E,ทวีปแอฟริกา,4604858.0,0.0
2025-06,2025,6,2,283,PK,ปากีสถาน,1A,ทวีปเอเชีย,486349.0,0.0
2025-06,2025,6,2,277,BD,บังกลาเทศ,1A,ทวีปเอเชีย,1542402.0,0.0
2025-06,2025,6,2,468,SL,เซียร์ราลีโอน,1E,ทวีปแอฟริกา,2969969.0,0.0
2025-06,2025,6,2,295,QA,กาตาร์,1A,ทวีปเอเชีย,9546.0,0.0
2025-06,2025,6,2,384,DO,สาธารณรัฐโดมินิกัน,1C,ทวีปอเมริกาเหนือ,23377.0,0.0
2025-06,2025,6,2,499,PG,ปาปัวนิวกินี,1F,ทวีปออสเตรเลีย,40774.0,0.0
2025-06,2025,6,2,461,NG,ไนจีเรีย,1E,ทวีปแอฟริกา,0.0,0.0
2025-06,2025,6,2,476,TZ,แทนซาเนีย,1E,ทวีปแอฟริกา,2146301.0,0.0
2025-06,2025,6,2,330,AL,แอลเบเนีย,1B,ทวีปยุโรป,0.0,0.0
2025-06,2025,6,2,326,PT,โปรตุเกส,1B,ทวีปยุโรป,177388.0,0.0
2025-06,2025,6,2,411,CO,โคลอมเบีย,1D,ทวีปอเมริกาใต้,236761.0,0.0
2025-06,2025,6,2,341,KZ,คาซัคสถาน,1A,ทวีปเอเชีย,1311.0,0.0
2025-06,2025,6,2,286,BH,บาห์เรน,1A,ทวีปเอเชีย,492881.0,0.0
2025-06,2025,6,2,398,PR,เปอร์โตริโก,1C,ทวีปอเมริกาเหนือ,931626.0,0.0
2025-06,2025,6,2,280,LK,ศรีลังกา,1A,ทวีปเอเชีย,464886.0,0.0
2025-06,2025,6,2,469,SN,เซเนกัล,1E,ทวีปแอฟริกา,0.0,0.0
2025-06,2025,6,2,417,PE,เปรู,1D,ทวีปอเมริกาใต้,1394.0,0.0
2025-06,2025,6,2,421,UY,อุรุกวัย,1D,ทวีปอเมริกาใต้,0.0,0.0
2025-06,2025,6,2,296,SA,ซาอุดีอาระเบีย,1A,ทวีปเอเชีย,676.0,0.0
2025-06,2025,6,2,410,CL,ชิลี,1D,ทวีปอเมริกาใต้,1572.0,0.0
2025-06,2025,6,2,563,RS,เซอร์เบีย,1B,ทวีปยุโรป,183657.0,0.0
2025-06,2025,6,2,281,MV,มัลดีฟส์,1A,ทวีปเอเชีย,35531.0,0.0
2025-06,2025,6,2,292,KW,คูเวต,1A,ทวีปเอเชีย,862.0,0.0
2025-06,2025,6,2,308,MO,มาเก๊า,1A,ทวีปเอเชีย,0.0,0.0
2025-06,2025,6,2,397,PA,ปานามา,1C,ทวีปอเมริกาเหนือ,21752.0,0.0
2025-06,2025,6,2,278,BT,ภูฎาน,1A,ทวีปเอเชีย,0.0,0.0
2025-06,2025,6,2,431,CI,โกตดิวัวร์,1E,ทวีปแอฟริกา,0.0,0.0
2025-06,2025,6,2,282,NP,เนปาล,1A,ทวีปเอเชีย,0.0,0.0
2025-06,2025,6,2,435,DJ,จิบูตี,1E,ทวีปแอฟริกา,0.0,0.0
2025-06,2025,6,2,321,GR,กรีซ,1B,ทวีปยุโรป,47500.0,0.0
2025-06,2025,6,2,363,LV,ลัตเวีย,1B,ทวีปยุโรป,20279.0,0.0
2025-06,2025,6,2,362,LT,ลิทัวเนีย,1B,ทวีปยุโรป,45024.0,0.0
2025-06,2025,6,2,475,TN,ตูนิเซีย,1E,ทวีปแอฟริกา,33938.0,0.0
2025-06,2025,6,2,432,CM,แคเมอรูน,1E,ทวีปแอฟริกา,0.0,0.0
2025-06,2025,6,2,424,AO,แองโกลา,1E,ทวีปแอฟริกา,0.0,0.0
2025-06,2025,6,2,419,PY,ปารากวัย,1D,ทวีปอเมริกาใต้,10876.0,0.0
2025-06,2025,6,2,364,MC,โมนาโก,1B,ทวีปยุโรป,18340.0,0.0
2025-06,2025,6,2,456,MU,มอริเชียส,1E,ทวีปแอฟริกา,0.0,0.0
2025-06,2025,6,2,484,CK,หมู่เกาะดุก,1F,ทวีปออสเตรเลีย,6863.0,0.0
2025-06,2025,6,2,415,GY,กายอานา,1D,ทวีปอเมริกาใต้,0.0,0.0
2025-06,2025,6,2,465,SC,เซเชลส์,1E,ทวีปแอฟริกา,800.0,0.0
2025-06,2025,6,2,294,OM,โอมาน,1A,ทวีปเอเชีย,0.0,0.0
2025-06,2025,6,2,486,FJ,ฟิจิ,1F,ทวีปออสเตรเลีย,0.0,0.0
2025-06,2025,6,2,493,NC,นิวแคลีโดเนีย,1F,ทวีปออสเตรเลีย,0.0,0.0
2025-06,2025,6,2,388,GT,กัวเตมาลา,1C,ทวีปอเมริกาเหนือ,4443.0,0.0
2025-06,2025,6,2,389,HN,ฮอนดูรัส,1C,ทวีปอเมริกาเหนือ,4443.0,0.0
2025-06,2025,6,2,498,PF,เฟรนช์โปลีนีเซีย,1F,ทวีปออสเตรเลีย,0.0,0.0
2025-06,2025,6,2,377,BB,บาร์เบโดส,1C,ทวีปอเมริกาเหนือ,3239.0,0.0
2025-06,2025,6,2,351,UA,ยูเครน,1B,ทวีปยุโรป,0.0,0.0
2025-06,2025,6,2,396,NI,นิการากัว,1C,ทวีปอเมริกาเหนือ,0.0,0.0
2025-06,2025,6,2,490,KI,คิริบาส,1F,ทวีปออสเตรเลีย,0.0,0.0
2025-06,2025,6,2,458,MZ,โมซัมบิก,1E,ทวีปแอฟริกา,0.0,0.0
2025-06,2025,6,2,443,GN,กินี,1E,ทวีปแอฟริกา,0.0,0.0
2025-06,2025,6,2,307,MN,มองโกเลีย,1A,ทวีปเอเชีย,420.0,0.0
2025-06,2025,6,2,324,LU,ลักเซมเบิร์ก,1B,ทวีปยุโรป,0.0,0.0
2025-06,2025,6,2,333,BG,บัลแกเรีย,1B,ทวีปยุโรป,0.0,0.0
2025-06,2025,6,2,401,TT,ตรินิแดดและโตเบโก,1C,ทวีปอเมริกาเหนือ,0.0,0.0
2025-06,2025,6,2,464,RW,รวันดา,1E,ทวีปแอฟริกา,0.0,0.0
2025-07,2025,7,3,373,US,สหรัฐอเมริกา,1C,ทวีปอเมริกาเหนือ,8837640726.0,0.0
2025-07,2025,7,3,372,MX,เม็กซิโก,1C,ทวีปอเมริกาเหนือ,2364461504.0,0.0
2025-07,2025,7,3,325,NL,เนเธอร์แลนด์,1B,ทวีปยุโรป,1746734495.0,0.0
2025-07,2025,7,3,309,TW,ไต้หวัน,1A,ทวีปเอเชีย,629770591.0,0.0
2025-07,2025,7,3,304,JP,ญี่ปุ่น,1A,ทวีปเอเชีย,517594274.0,0.0
2025-07,2025,7,3,271,MY,มาเลเซีย,1A,ทวีปเอเชีย,313336569.0,0.0
2025-07,2025,7,3,336,CZ,สาธารณรัฐเช็ก,1B,ทวีปยุโรป,383298697.0,0.0
2025-07,2025,7,3,302,CN,จีน,1A,ทวีปเอเชีย,293309746.0,0.0
2025-07,2025,7,3,303,HK,ฮ่องกง,1A,ทวีปเอเชีย,368419549.0,0.0
2025-07,2025,7,3,274,VN,เวียดนาม,1A,ทวีปเอเชีย,189301972.0,0.0
2025-07,2025,7,3,344,RO,โรมาเนีย,1B,ทวีปยุโรป,134793554.0,0.0
2025-07,2025,7,3,273,SG,สิงคโปร์,1A,ทวีปเอเชีย,90512619.0,0.0
2025-07,2025,7,3,298,TR,ตุรกี,1A,ทวีปเอเชีย,245671929.0,0.0
2025-07,2025,7,3,279,IN,อินเดีย,1A,ทวีปเอเชีย,99797984.0,0.0
2025-07,2025,7,3,315,DE,เยอรมนี,1B,ทวีปยุโรป,140758751.0,0.0
2025-07,2025,7,3,371,CA,แคนาดา,1C,ทวีปอเมริกาเหนือ,12315925.0,0.0
2025-07,2025,7,3,272,PH,ฟิลิปปินส์,1A,ทวีปเอเชีย,10521013.0,0.0
2025-07,2025,7,3,320,GB,สหราชอาณาจักร,1B,ทวีปยุโรป,16083628.0,0.0
2025-07,2025,7,3,268,KH,กัมพูชา,1A,ทวีปเอเชีย,46666140.0,0.0
2025-07,2025,7,3,483,AU,ออสเตรเลีย,1F,ทวีปออสเตรเลีย,18606227.0,0.0
2025-07,2025,7,3,323,IT,อิตาลี,1B,ทวีปยุโรป,53894761.0,0.0
2025-07,2025,7,3,343,PL,โปแลนด์,1B,ทวีปยุโรป,49720223.0,0.0
2025-07,2025,7,3,269,LA,สปป. ลาว,1A,ทวีปเอเชีย,19930429.0,0.0
2025-07,2025,7,3,316,DK,เดนมาร์ก,1B,ทวีปยุโรป,34734499.0,0.0
2025-07,2025,7,3,347,SK,สโลวาเกีย,1B,ทวีปยุโรป,29514574.0,0.0
2025-07,2025,7,3,306,KR,เกาหลีใต้,1A,ทวีปเอเชีย,23198530.0,0.0
2025-07,2025,7,3,322,IE,ไอร์แลนด์,1B,ทวีปยุโรป,54693935.0,0.0
2025-07,2025,7,3,478,ZA,แอฟริกาใต้,1E,ทวีปแอฟริกา,4709944.0,0.0
2025-07,2025,7,3,317,ES,สเปน,1B,ทวีปยุโรป,48964457.0,0.0
2025-07,2025,7,3,270,MM,เมียนมา,1A,ทวีปเอเชีย,22505505.0,0.0
2025-07,2025,7,3,409,BR,บราซิล,1D,ทวีปอเมริกาใต้,26567120.0,0.0
2025-07,2025,7,3,267,ID,อินโดนีเซีย,1A,ทวีปเอเชีย,20529087.0,0.0
2025-07,2025,7,3,319,FR,ฝรั่งเศส,1B,ทวีปยุโรป,19513518.0,0.0
2025-07,2025,7,3,339,HU,ฮังการี,1B,ทวีปยุโรป,11055815.0,0.0
2025-07,2025,7,3,497,NZ,นิวซีแลนด์,1F,ทวีปออสเตรเลีย,523758.0,0.0
2025-07,2025,7,3,345,RU,รัสเซีย,1B,ทวีปยุโรป,2872092.0,0.0
2025-07,2025,7,3,312,AT,ออสเตรีย,1B,ทวีปยุโรป,18123242.0,0.0
2025-07,2025,7,3,327,SE,สวีเดน,1B,ทวีปยุโรป,8622829.0,0.0
2025-07,2025,7,3,356,CH,สวิตเซอร์แลนด์,1B,ทวีปยุโรป,15113107.0,0.0
2025-07,2025,7,3,407,AR,อาร์เจนตินา,1D,ทวีปอเมริกาใต้,8157340.0,0.0
2025-07,2025,7,3,447,KE,เคนยา,1E,ทวีปแอฟริกา,0.0,0.0
2025-07,2025,7,3,285,AE,สหรัฐอาหรับเอมิเรตส์,1A,ทวีปเอเชีย,1868344.0,0.0
2025-07,2025,7,3,288,IL,อิสราเอล,1A,ทวีปเอเชีย,2521156.0,0.0
2025-07,2025,7,3,366,NO,นอร์เวย์,1B,ทวีปยุโรป,526478.0,0.0
2025-07,2025,7,3,346,SI,สโลวีเนีย,1B,ทวีปยุโรป,4786360.0,0.0
2025-07,2025,7,3,437,EG,อียิปต์,1E,ทวีปแอฟริกา,1103625.0,0.0
2025-07,2025,7,3,357,EE,เอสโตเนีย,1B,ทวีปยุโรป,214597.0,0.0
2025-07,2025,7,3,266,BN,บรูไน,1A,ทวีปเอเชีย,10312.0,0.0
2025-07,2025,7,3,318,FI,ฟินแลนด์,1B,ทวีปยุโรป,4579902.0,0.0
2025-07,2025,7,3,313,BE,เบลเยียม,1B,ทวีปยุโรป,767309.0,0.0
2025-07,2025,7,3,449,LR,ไลบีเรีย,1E,ทวีปแอฟริกา,603830.0,0.0
2025-07,2025,7,3,441,GH,กานา,1E,ทวีปแอฟริกา,0.0,0.0
2025-07,2025,7,3,277,BD,บังกลาเทศ,1A,ทวีปเอเชีย,1384417.0,0.0
2025-07,2025,7,3,296,SA,ซาอุดีอาระเบีย,1A,ทวีปเอเชีย,3883683.0,0.0
2025-07,2025,7,3,476,TZ,แทนซาเนีย,1E,ทวีปแอฟริกา,2000031.0,0.0
2025-07,2025,7,3,283,PK,ปากีสถาน,1A,ทวีปเอเชีย,669152.0,0.0
2025-07,2025,7,3,384,DO,สาธารณรัฐโดมินิกัน,1C,ทวีปอเมริกาเหนือ,781085.0,0.0
2025-07,2025,7,3,477,UG,ยูกันดา,1E,ทวีปแอฟริกา,3303618.0,0.0
2025-07,2025,7,3,468,SL,เซียร์ราลีโอน,1E,ทวีปแอฟริกา,0.0,0.0
2025-07,2025,7,3,295,QA,กาตาร์,1A,ทวีปเอเชีย,0.0,0.0
2025-07,2025,7,3,431,CI,โกตดิวัวร์,1E,ทวีปแอฟริกา,2520005.0,0.0
2025-07,2025,7,3,461,NG,ไนจีเรีย,1E,ทวีปแอฟริกา,147271.0,0.0
2025-07,2025,7,3,499,PG,ปาปัวนิวกินี,1F,ทวีปออสเตรเลีย,6375.0,0.0
2025-07,2025,7,3,411,CO,โคลอมเบีย,1D,ทวีปอเมริกาใต้,230260.0,0.0
2025-07,2025,7,3,326,PT,โปรตุเกส,1B,ทวีปยุโรป,93033.0,0.0
2025-07,2025,7,3,330,AL,แอลเบเนีย,1B,ทวีปยุโรป,0.0,0.0
2025-07,2025,7,3,438,ET,เอธิโอเปีย,1E,ทวีปแอฟริกา,1838285.0,0.0
2025-07,2025,7,3,341,KZ,คาซัคสถาน,1A,ทวีปเอเชีย,83347.0,0.0
2025-07,2025,7,3,280,LK,ศรีลังกา,1A,ทวีปเอเชีย,259301.0,0.0
2025-07,2025,7,3,286,BH,บาห์เรน,1A,ทวีปเอเชีย,0.0,0.0
2025-07,2025,7,3,421,UY,อุรุกวัย,1D,ทวีปอเมริกาใต้,210668.0,0.0
2025-07,2025,7,3,398,PR,เปอร์โตริโก,1C,ทวีปอเมริกาเหนือ,0.0,0.0
2025-07,2025,7,3,469,SN,เซเนกัล,1E,ทวีปแอฟริกา,0.0,0.0
2025-07,2025,7,3,417,PE,เปรู,1D,ทวีปอเมริกาใต้,11765.0,0.0
2025-07,2025,7,3,410,CL,ชิลี,1D,ทวีปอเมริกาใต้,28798.0,0.0
2025-07,2025,7,3,563,RS,เซอร์เบีย,1B,ทวีปยุโรป,0.0,0.0
2025-07,2025,7,3,281,MV,มัลดีฟส์,1A,ทวีปเอเชีย,32412.0,0.0
2025-07,2025,7,3,292,KW,คูเวต,1A,ทวีปเอเชีย,0.0,0.0
2025-07,2025,7,3,397,PA,ปานามา,1C,ทวีปอเมริกาเหนือ,11050.0,0.0
2025-07,2025,7,3,308,MO,มาเก๊า,1A,ทวีปเอเชีย,0.0,0.0
2025-07,2025,7,3,278,BT,ภูฎาน,1A,ทวีปเอเชีย,0.0,0.0
2025-07,2025,7,3,282,NP,เนปาล,1A,ทวีปเอเชีย,0.0,0.0
2025-07,2025,7,3,435,DJ,จิบูตี,1E,ทวีปแอฟริกา,0.0,0.0
2025-07,2025,7,3,321,GR,กรีซ,1B,ทวีปยุโรป,0.0,0.0
2025-07,2025,7,3,363,LV,ลัตเวีย,1B,ทวีปยุโรป,0.0,0.0
2025-07,2025,7,3,362,LT,ลิทัวเนีย,1B,ทวีปยุโรป,0.0,0.0
2025-07,2025,7,3,419,PY,ปารากวัย,1D,ทวีปอเมริกาใต้,11050.0,0.0
2025-07,2025,7,3,475,TN,ตูนิเซีย,1E,ทวีปแอฟริกา,0.0,0.0
2025-07,2025,7,3,432,CM,แคเมอรูน,1E,ทวีปแอฟริกา,0.0,0.0
2025-07,2025,7,3,424,AO,แองโกลา,1E,ทวีปแอฟริกา,0.0,0.0
2025-07,2025,7,3,364,MC,โมนาโก,1B,ทวีปยุโรป,0.0,0.0
2025-07,2025,7,3,456,MU,มอริเชียส,1E,ทวีปแอฟริกา,0.0,0.0
2025-07,2025,7,3,484,CK,หมู่เกาะดุก,1F,ทวีปออสเตรเลีย,0.0,0.0
2025-07,2025,7,3,415,GY,กายอานา,1D,ทวีปอเมริกาใต้,0.0,0.0
2025-07,2025,7,3,389,HN,ฮอนดูรัส,1C,ทวีปอเมริกาเหนือ,4150.0,0.0
2025-07,2025,7,3,465,SC,เซเชลส์,1E,ทวีปแอฟริกา,0.0,0.0
2025-07,2025,7,3,294,OM,โอมาน,1A,ทวีปเอเชีย,0.0,0.0
2025-07,2025,7,3,401,TT,ตรินิแดดและโตเบโก,1C,ทวีปอเมริกาเหนือ,4872.0,0.0
2025-07,2025,7,3,486,FJ,ฟิจิ,1F,ทวีปออสเตรเลีย,0.0,0.0
2025-07,2025,7,3,493,NC,นิวแคลีโดเนีย,1F,ทวีปออสเตรเลีย,0.0,0.0
2025-07,2025,7,3,388,GT,กัวเตมาลา,1C,ทวีปอเมริกาเหนือ,0.0,0.0
2025-07,2025,7,3,498,PF,เฟรนช์โปลีนีเซีย,1F,ทวีปออสเตรเลีย,0.0,0.0
2025-07,2025,7,3,377,BB,บาร์เบโดส,1C,ทวีปอเมริกาเหนือ,0.0,0.0
2025-07,2025,7,3,351,UA,ยูเครน,1B,ทวีปยุโรป,0.0,0.0
2025-07,2025,7,3,396,NI,นิการากัว,1C,ทวีปอเมริกาเหนือ,0.0,0.0
2025-07,2025,7,3,490,KI,คิริบาส,1F,ทวีปออสเตรเลีย,0.0,0.0
2025-07,2025,7,3,333,BG,บัลแกเรีย,1B,ทวีปยุโรป,924.0,0.0
2025-07,2025,7,3,458,MZ,โมซัมบิก,1E,ทวีปแอฟริกา,0.0,0.0
2025-07,2025,7,3,293,LB,เลบานอน,1A,ทวีปเอเชีย,648.0,0.0
2025-07,2025,7,3,443,GN,กินี,1E,ทวีปแอฟริกา,0.0,0.0
2025-07,2025,7,3,307,MN,มองโกเลีย,1A,ทวีปเอเชีย,0.0,0.0
2025-07,2025,7,3,463,RE,เรอูนียง,1E,ทวีปแอฟริกา,372.0,0.0
2025-07,2025,7,3,324,LU,ลักเซมเบิร์ก,1B,ทวีปยุโรป,97.0,0.0
2025-07,2025,7,3,464,RW,รวันดา,1E,ทวีปแอฟริกา,0.0,0.0
2025-08,2025,8,3,373,US,สหรัฐอเมริกา,1C,ทวีปอเมริกาเหนือ,8456385787.0,0.0
2025-08,2025,8,3,372,MX,เม็กซิโก,1C,ทวีปอเมริกาเหนือ,2051541266.0,0.0
2025-08,2025,8,3,325,NL,เนเธอร์แลนด์,1B,ทวีปยุโรป,2181507905.0,0.0
2025-08,2025,8,3,309,TW,ไต้หวัน,1A,ทวีปเอเชีย,682123724.0,0.0
2025-08,2025,8,3,304,JP,ญี่ปุ่น,1A,ทวีปเอเชีย,454898380.0,0.0
2025-08,2025,8,3,271,MY,มาเลเซีย,1A,ทวีปเอเชีย,316673491.0,0.0
2025-08,2025,8,3,336,CZ,สาธารณรัฐเช็ก,1B,ทวีปยุโรป,423562604.0,0.0
2025-08,2025,8,3,302,CN,จีน,1A,ทวีปเอเชีย,325886581.0,0.0
2025-08,2025,8,3,303,HK,ฮ่องกง,1A,ทวีปเอเชีย,231503774.0,0.0
2025-08,2025,8,3,274,VN,เวียดนาม,1A,ทวีปเอเชีย,175095567.0,0.0
2025-08,2025,8,3,344,RO,โรมาเนีย,1B,ทวีปยุโรป,154836544.0,0.0
2025-08,2025,8,3,273,SG,สิงคโปร์,1A,ทวีปเอเชีย,117943663.0,0.0
2025-08,2025,8,3,298,TR,ตุรกี,1A,ทวีปเอเชีย,113132318.0,0.0
2025-08,2025,8,3,279,IN,อินเดีย,1A,ทวีปเอเชีย,85781291.0,0.0
2025-08,2025,8,3,315,DE,เยอรมนี,1B,ทวีปยุโรป,118070465.0,0.0
2025-08,2025,8,3,371,CA,แคนาดา,1C,ทวีปอเมริกาเหนือ,18553187.0,0.0
2025-08,2025,8,3,272,PH,ฟิลิปปินส์,1A,ทวีปเอเชีย,18161936.0,0.0
2025-08,2025,8,3,320,GB,สหราชอาณาจักร,1B,ทวีปยุโรป,16412380.0,0.0
2025-08,2025,8,3,268,KH,กัมพูชา,1A,ทวีปเอเชีย,71476260.0,0.0
2025-08,2025,8,3,483,AU,ออสเตรเลีย,1F,ทวีปออสเตรเลีย,14255066.0,0.0
2025-08,2025,8,3,343,PL,โปแลนด์,1B,ทวีปยุโรป,25247698.0,0.0
2025-08,2025,8,3,269,LA,สปป. ลาว,1A,ทวีปเอเชีย,50143686.0,0.0
2025-08,2025,8,3,323,IT,อิตาลี,1B,ทวีปยุโรป,1672006.0,0.0
2025-08,2025,8,3,347,SK,สโลวาเกีย,1B,ทวีปยุโรป,38169251.0,0.0
2025-08,2025,8,3,316,DK,เดนมาร์ก,1B,ทวีปยุโรป,30420119.0,0.0
2025-08,2025,8,3,306,KR,เกาหลีใต้,1A,ทวีปเอเชีย,25994614.0,0.0
2025-08,2025,8,3,322,IE,ไอร์แลนด์,1B,ทวีปยุโรป,31078448.0,0.0
2025-08,2025,8,3,478,ZA,แอฟริกาใต้,1E,ทวีปแอฟริกา,26727652.0,0.0
2025-08,2025,8,3,409,BR,บราซิล,1D,ทวีปอเมริกาใต้,50120620.0,0.0
2025-08,2025,8,3,317,ES,สเปน,1B,ทวีปยุโรป,5068827.0,0.0
2025-08,2025,8,3,270,MM,เมียนมา,1A,ทวีปเอเชีย,12065566.0,0.0
2025-08,2025,8,3,319,FR,ฝรั่งเศส,1B,ทวีปยุโรป,27622842.0,0.0
2025-08,2025,8,3,267,ID,อินโดนีเซีย,1A,ทวีปเอเชีย,22485447.0,0.0
2025-08,2025,8,3,339,HU,ฮังการี,1B,ทวีปยุโรป,13440270.0,0.0
2025-08,2025,8,3,497,NZ,นิวซีแลนด์,1F,ทวีปออสเตรเลีย,572752.0,0.0
2025-08,2025,8,3,345,RU,รัสเซีย,1B,ทวีปยุโรป,1875218.0,0.0
2025-08,2025,8,3,312,AT,ออสเตรีย,1B,ทวีปยุโรป,10860477.0,0.0
2025-08,2025,8,3,356,CH,สวิตเซอร์แลนด์,1B,ทวีปยุโรป,9791457.0,0.0
2025-08,2025,8,3,327,SE,สวีเดน,1B,ทวีปยุโรป,3034924.0,0.0
2025-08,2025,8,3,407,AR,อาร์เจนตินา,1D,ทวีปอเมริกาใต้,8216176.0,0.0
2025-08,2025,8,3,285,AE,สหรัฐอาหรับเอมิเรตส์,1A,ทวีปเอเชีย,852004.0,0.0
2025-08,2025,8,3,447,KE,เคนยา,1E,ทวีปแอฟริกา,0.0,0.0
2025-08,2025,8,3,288,IL,อิสราเอล,1A,ทวีปเอเชีย,2006956.0,0.0
2025-08,2025,8,3,366,NO,นอร์เวย์,1B,ทวีปยุโรป,7212141.0,0.0
2025-08,2025,8,3,346,SI,สโลวีเนีย,1B,ทวีปยุโรป,4705767.0,0.0
2025-08,2025,8,3,437,EG,อียิปต์,1E,ทวีปแอฟริกา,3187314.0,0.0
2025-08,2025,8,3,357,EE,เอสโตเนีย,1B,ทวีปยุโรป,2075199.0,0.0
2025-08,2025,8,3,266,BN,บรูไน,1A,ทวีปเอเชีย,2847871.0,0.0
2025-08,2025,8,3,318,FI,ฟินแลนด์,1B,ทวีปยุโรป,180200.0,0.0
2025-08,2025,8,3,313,BE,เบลเยียม,1B,ทวีปยุโรป,341182.0,0.0
2025-08,2025,8,3,431,CI,โกตดิวัวร์,1E,ทวีปแอฟริกา,3591479.0,0.0
2025-08,2025,8,3,277,BD,บังกลาเทศ,1A,ทวีปเอเชีย,1056405.0,0.0
2025-08,2025,8,3,449,LR,ไลบีเรีย,1E,ทวีปแอฟริกา,0.0,0.0
2025-08,2025,8,3,441,GH,กานา,1E,ทวีปแอฟริกา,0.0,0.0
2025-08,2025,8,3,296,SA,ซาอุดีอาระเบีย,1A,ทวีปเอเชีย,61629.0,0.0
2025-08,2025,8,3,461,NG,ไนจีเรีย,1E,ทวีปแอฟริกา,2001974.0,0.0
2025-08,2025,8,3,283,PK,ปากีสถาน,1A,ทวีปเอเชีย,232397.0,0.0
2025-08,2025,8,3,476,TZ,แทนซาเนีย,1E,ทวีปแอฟริกา,0.0,0.0
2025-08,2025,8,3,384,DO,สาธารณรัฐโดมินิกัน,1C,ทวีปอเมริกาเหนือ,0.0,0.0
2025-08,2025,8,3,477,UG,ยูกันดา,1E,ทวีปแอฟริกา,0.0,0.0
2025-08,2025,8,3,397,PA,ปานามา,1C,ทวีปอเมริกาเหนือ,2896872.0,0.0
2025-08,2025,8,3,468,SL,เซียร์ราลีโอน,1E,ทวีปแอฟริกา,0.0,0.0
2025-08,2025,8,3,295,QA,กาตาร์,1A,ทวีปเอเชีย,2051.0,0.0
2025-08,2025,8,3,411,CO,โคลอมเบีย,1D,ทวีปอเมริกาใต้,275653.0,0.0
2025-08,2025,8,3,499,PG,ปาปัวนิวกินี,1F,ทวีปออสเตรเลีย,0.0,0.0
2025-08,2025,8,3,326,PT,โปรตุเกส,1B,ทวีปยุโรป,152579.0,0.0
2025-08,2025,8,3,330,AL,แอลเบเนีย,1B,ทวีปยุโรป,0.0,0.0
2025-08,2025,8,3,438,ET,เอธิโอเปีย,1E,ทวีปแอฟริกา,0.0,0.0
2025-08,2025,8,3,341,KZ,คาซัคสถาน,1A,ทวีปเอเชีย,320.0,0.0
2025-08,2025,8,3,362,LT,ลิทัวเนีย,1B,ทวีปยุโรป,1596280.0,0.0
2025-08,2025,8,3,280,LK,ศรีลังกา,1A,ทวีปเอเชีย,200056.0,0.0
2025-08,2025,8,3,417,PE,เปรู,1D,ทวีปอเมริกาใต้,366434.0,0.0
2025-08,2025,8,3,286,BH,บาห์เรน,1A,ทวีปเอเชีย,34163.0,0.0
2025-08,2025,8,3,421,UY,อุรุกวัย,1D,ทวีปอเมริกาใต้,11606.0,0.0
2025-08,2025,8,3,398,PR,เปอร์โตริโก,1C,ทวีปอเมริกาเหนือ,0.0,0.0
2025-08,2025,8,3,469,SN,เซเนกัล,1E,ทวีปแอฟริกา,0.0,0.0
2025-08,2025,8,3,410,CL,ชิลี,1D,ทวีปอเมริกาใต้,233129.0,0.0
2025-08,2025,8,3,563,RS,เซอร์เบีย,1B,ทวีปยุโรป,0.0,0.0
2025-08,2025,8,3,281,MV,มัลดีฟส์,1A,ทวีปเอเชีย,129650.0,0.0
2025-08,2025,8,3,292,KW,คูเวต,1A,ทวีปเอเชีย,0.0,0.0
2025-08,2025,8,3,308,MO,มาเก๊า,1A,ทวีปเอเชีย,0.0,0.0
2025-08,2025,8,3,278,BT,ภูฎาน,1A,ทวีปเอเชีย,0.0,0.0
2025-08,2025,8,3,282,NP,เนปาล,1A,ทวีปเอเชีย,0.0,0.0
2025-08,2025,8,3,435,DJ,จิบูตี,1E,ทวีปแอฟริกา,0.0,0.0
2025-08,2025,8,3,321,GR,กรีซ,1B,ทวีปยุโรป,47.0,0.0
2025-08,2025,8,3,363,LV,ลัตเวีย,1B,ทวีปยุโรป,0.0,0.0
2025-08,2025,8,3,419,PY,ปารากวัย,1D,ทวีปอเมริกาใต้,0.0,0.0
2025-08,2025,8,3,475,TN,ตูนิเซีย,1E,ทวีปแอฟริกา,0.0,0.0
2025-08,2025,8,3,486,FJ,ฟิจิ,1F,ทวีปออสเตรเลีย,27176.0,0.0
2025-08,2025,8,3,432,CM,แคเมอรูน,1E,ทวีปแอฟริกา,0.0,0.0
2025-08,2025,8,3,456,MU,มอริเชียส,1E,ทวีปแอฟริกา,10107.0,0.0
2025-08,2025,8,3,424,AO,แองโกลา,1E,ทวีปแอฟริกา,0.0,0.0
2025-08,2025,8,3,389,HN,ฮอนดูรัส,1C,ทวีปอเมริกาเหนือ,12081.0,0.0
2025-08,2025,8,3,484,CK,หมู่เกาะดุก,1F,ทวีปออสเตรเลีย,8346.0,0.0
2025-08,2025,8,3,364,MC,โมนาโก,1B,ทวีปยุโรป,0.0,0.0
2025-08,2025,8,3,412,EC,เอกวาดอร์,1D,ทวีปอเมริกาใต้,13529.0,0.0
2025-08,2025,8,3,415,GY,กายอานา,1D,ทวีปอเมริกาใต้,0.0,0.0
2025-08,2025,8,3,498,PF,เฟรนช์โปลีนีเซีย,1F,ทวีปออสเตรเลีย,3653.0,0.0
2025-08,2025,8,3,465,SC,เซเชลส์,1E,ทวีปแอฟริกา,0.0,0.0
2025-08,2025,8,3,294,OM,โอมาน,1A,ทวีปเอเชีย,0.0,0.0
2025-08,2025,8,3,401,TT,ตรินิแดดและโตเบโก,1C,ทวีปอเมริกาเหนือ,0.0,0.0
2025-08,2025,8,3,493,NC,นิวแคลีโดเนีย,1F,ทวีปออสเตรเลีย,0.0,0.0
2025-08,2025,8,3,388,GT,กัวเตมาลา,1C,ทวีปอเมริกาเหนือ,0.0,0.0
2025-08,2025,8,3,377,BB,บาร์เบโดส,1C,ทวีปอเมริกาเหนือ,0.0,0.0
2025-08,2025,8,3,351,UA,ยูเครน,1B,ทวีปยุโรป,0.0,0.0
2025-08,2025,8,3,396,NI,นิการากัว,1C,ทวีปอเมริกาเหนือ,0.0,0.0
2025-08,2025,8,3,490,KI,คิริบาส,1F,ทวีปออสเตรเลีย,0.0,0.0
2025-08,2025,8,3,333,BG,บัลแกเรีย,1B,ทวีปยุโรป,369.0,0.0
2025-08,2025,8,3,458,MZ,โมซัมบิก,1E,ทวีปแอฟริกา,0.0,0.0
2025-08,2025,8,3,293,LB,เลบานอน,1A,ทวีปเอเชีย,0.0,0.0
2025-08,2025,8,3,443,GN,กินี,1E,ทวีปแอฟริกา,0.0,0.0
2025-08,2025,8,3,307,MN,มองโกเลีย,1A,ทวีปเอเชีย,0.0,0.0
2025-08,2025,8,3,463,RE,เรอูนียง,1E,ทวีปแอฟริกา,0.0,0.0
2025-08,2025,8,3,324,LU,ลักเซมเบิร์ก,1B,ทวีปยุโรป,0.0,0.0
2025-08,2025,8,3,381,CR,คอสตาริกา,1C,ทวีปอเมริกาเหนือ,160.0,0.0
2025-08,2025,8,3,464,RW,รวันดา,1E,ทวีปแอฟริกา,0.0,0.0
2025-09,2025,9,3,373,US,สหรัฐอเมริกา,1C,ทวีปอเมริกาเหนือ,8908421928.0,0.0
2025-09,2025,9,3,372,MX,เม็กซิโก,1C,ทวีปอเมริกาเหนือ,2510850790.0,0.0
2025-09,2025,9,3,325,NL,เนเธอร์แลนด์,1B,ทวีปยุโรป,2042564601.0,0.0
2025-09,2025,9,3,309,TW,ไต้หวัน,1A,ทวีปเอเชีย,670109887.0,0.0
2025-09,2025,9,3,304,JP,ญี่ปุ่น,1A,ทวีปเอเชีย,407539238.0,0.0
2025-09,2025,9,3,271,MY,มาเลเซีย,1A,ทวีปเอเชีย,541028380.0,0.0
2025-09,2025,9,3,336,CZ,สาธารณรัฐเช็ก,1B,ทวีปยุโรป,591443686.0,0.0
2025-09,2025,9,3,302,CN,จีน,1A,ทวีปเอเชีย,345682461.0,0.0
2025-09,2025,9,3,303,HK,ฮ่องกง,1A,ทวีปเอเชีย,308576236.0,0.0
2025-09,2025,9,3,274,VN,เวียดนาม,1A,ทวีปเอเชีย,261462020.0,0.0
2025-09,2025,9,3,344,RO,โรมาเนีย,1B,ทวีปยุโรป,100521854.0,0.0
2025-09,2025,9,3,273,SG,สิงคโปร์,1A,ทวีปเอเชีย,184757446.0,0.0
2025-09,2025,9,3,298,TR,ตุรกี,1A,ทวีปเอเชีย,49061507.0,0.0
2025-09,2025,9,3,279,IN,อินเดีย,1A,ทวีปเอเชีย,126653990.0,0.0
2025-09,2025,9,3,315,DE,เยอรมนี,1B,ทวีปยุโรป,136003304.0,0.0
2025-09,2025,9,3,272,PH,ฟิลิปปินส์,1A,ทวีปเอเชีย,39836910.0,0.0
2025-09,2025,9,3,371,CA,แคนาดา,1C,ทวีปอเมริกาเหนือ,21773885.0,0.0
2025-09,2025,9,3,320,GB,สหราชอาณาจักร,1B,ทวีปยุโรป,6276633.0,0.0
2025-09,2025,9,3,322,IE,ไอร์แลนด์,1B,ทวีปยุโรป,223071285.0,0.0
2025-09,2025,9,3,268,KH,กัมพูชา,1A,ทวีปเอเชีย,50685909.0,0.0
2025-09,2025,9,3,483,AU,ออสเตรเลีย,1F,ทวีปออสเตรเลีย,40516537.0,0.0
2025-09,2025,9,3,343,PL,โปแลนด์,1B,ทวีปยุโรป,55490851.0,0.0
2025-09,2025,9,3,269,LA,สปป. ลาว,1A,ทวีปเอเชีย,23351015.0,0.0
2025-09,2025,9,3,316,DK,เดนมาร์ก,1B,ทวีปยุโรป,27800942.0,0.0
2025-09,2025,9,3,347,SK,สโลวาเกีย,1B,ทวีปยุโรป,16646244.0,0.0
2025-09,2025,9,3,323,IT,อิตาลี,1B,ทวีปยุโรป,4802865.0,0.0
2025-09,2025,9,3,306,KR,เกาหลีใต้,1A,ทวีปเอเชีย,25508075.0,0.0
2025-09,2025,9,3,478,ZA,แอฟริกาใต้,1E,ทวีปแอฟริกา,36701639.0,0.0
2025-09,2025,9,3,409,BR,บราซิล,1D,ทวีปอเมริกาใต้,33151768.0,0.0
2025-09,2025,9,3,319,FR,ฝรั่งเศส,1B,ทวีปยุโรป,37787393.0,0.0
2025-09,2025,9,3,267,ID,อินโดนีเซีย,1A,ทวีปเอเชีย,18661454.0,0.0
2025-09,2025,9,3,317,ES,สเปน,1B,ทวีปยุโรป,7424115.0,0.0
2025-09,2025,9,3,270,MM,เมียนมา,1A,ทวีปเอเชีย,10138258.0,0.0
2025-09,2025,9,3,339,HU,ฮังการี,1B,ทวีปยุโรป,21791866.0,0.0
2025-09,2025,9,3,288,IL,อิสราเอล,1A,ทวีปเอเชีย,94878914.0,0.0
2025-09,2025,9,3,497,NZ,นิวซีแลนด์,1F,ทวีปออสเตรเลีย,2117327.0,0.0
2025-09,2025,9,3,345,RU,รัสเซีย,1B,ทวีปยุโรป,10231632.0,0.0
2025-09,2025,9,3,312,AT,ออสเตรีย,1B,ทวีปยุโรป,8678171.0,0.0
2025-09,2025,9,3,356,CH,สวิตเซอร์แลนด์,1B,ทวีปยุโรป,7331212.0,0.0
2025-09,2025,9,3,327,SE,สวีเดน,1B,ทวีปยุโรป,7951946.0,0.0
2025-09,2025,9,3,407,AR,อาร์เจนตินา,1D,ทวีปอเมริกาใต้,3648796.0,0.0
2025-09,2025,9,3,366,NO,นอร์เวย์,1B,ทวีปยุโรป,2418486.0,0.0
2025-09,2025,9,3,346,SI,สโลวีเนีย,1B,ทวีปยุโรป,4665535.0,0.0
2025-09,2025,9,3,285,AE,สหรัฐอาหรับเอมิเรตส์,1A,ทวีปเอเชีย,273485.0,0.0
2025-09,2025,9,3,447,KE,เคนยา,1E,ทวีปแอฟริกา,0.0,0.0
2025-09,2025,9,3,357,EE,เอสโตเนีย,1B,ทวีปยุโรป,7334774.0,0.0
2025-09,2025,9,3,437,EG,อียิปต์,1E,ทวีปแอฟริกา,2714618.0,0.0
2025-09,2025,9,3,266,BN,บรูไน,1A,ทวีปเอเชีย,0.0,0.0
2025-09,2025,9,3,318,FI,ฟินแลนด์,1B,ทวีปยุโรป,19919.0,0.0
2025-09,2025,9,3,384,DO,สาธารณรัฐโดมินิกัน,1C,ทวีปอเมริกาเหนือ,5462262.0,0.0
2025-09,2025,9,3,277,BD,บังกลาเทศ,1A,ทวีปเอเชีย,2791554.0,0.0
2025-09,2025,9,3,313,BE,เบลเยียม,1B,ทวีปยุโรป,1234888.0,0.0
2025-09,2025,9,3,280,LK,ศรีลังกา,1A,ทวีปเอเชีย,6615135.0,0.0
2025-09,2025,9,3,431,CI,โกตดิวัวร์,1E,ทวีปแอฟริกา,0.0,0.0
2025-09,2025,9,3,296,SA,ซาอุดีอาระเบีย,1A,ทวีปเอเชีย,672625.0,0.0
2025-09,2025,9,3,449,LR,ไลบีเรีย,1E,ทวีปแอฟริกา,0.0,0.0
2025-09,2025,9,3,441,GH,กานา,1E,ทวีปแอฟริกา,0.0,0.0
2025-09,2025,9,3,283,PK,ปากีสถาน,1A,ทวีปเอเชีย,544363.0,0.0
2025-09,2025,9,3,461,NG,ไนจีเรีย,1E,ทวีปแอฟริกา,1898.0,0.0
2025-09,2025,9,3,476,TZ,แทนซาเนีย,1E,ทวีปแอฟริกา,0.0,0.0
2025-09,2025,9,3,294,OM,โอมาน,1A,ทวีปเอเชีย,3501360.0,0.0
2025-09,2025,9,3,477,UG,ยูกันดา,1E,ทวีปแอฟริกา,0.0,0.0
2025-09,2025,9,3,411,CO,โคลอมเบีย,1D,ทวีปอเมริกาใต้,861976.0,0.0
2025-09,2025,9,3,397,PA,ปานามา,1C,ทวีปอเมริกาเหนือ,17798.0,0.0
2025-09,2025,9,3,468,SL,เซียร์ราลีโอน,1E,ทวีปแอฟริกา,0.0,0.0
2025-09,2025,9,3,295,QA,กาตาร์,1A,ทวีปเอเชีย,0.0,0.0
2025-09,2025,9,3,499,PG,ปาปัวนิวกินี,1F,ทวีปออสเตรเลีย,330083.0,0.0
2025-09,2025,9,3,326,PT,โปรตุเกส,1B,ทวีปยุโรป,334351.0,0.0
2025-09,2025,9,3,330,AL,แอลเบเนีย,1B,ทวีปยุโรป,0.0,0.0
2025-09,2025,9,3,341,KZ,คาซัคสถาน,1A,ทวีปเอเชีย,210259.0,0.0
2025-09,2025,9,3,438,ET,เอธิโอเปีย,1E,ทวีปแอฟริกา,0.0,0.0
2025-09,2025,9,3,362,LT,ลิทัวเนีย,1B,ทวีปยุโรป,0.0,0.0
2025-09,2025,9,3,417,PE,เปรู,1D,ทวีปอเมริกาใต้,340.0,0.0
2025-09,2025,9,3,286,BH,บาห์เรน,1A,ทวีปเอเชีย,0.0,0.0
2025-09,2025,9,3,421,UY,อุรุกวัย,1D,ทวีปอเมริกาใต้,0.0,0.0
2025-09,2025,9,3,398,PR,เปอร์โตริโก,1C,ทวีปอเมริกาเหนือ,0.0,0.0
2025-09,2025,9,3,469,SN,เซเนกัล,1E,ทวีปแอฟริกา,0.0,0.0
2025-09,2025,9,3,410,CL,ชิลี,1D,ทวีปอเมริกาใต้,0.0,0.0
2025-09,2025,9,3,281,MV,มัลดีฟส์,1A,ทวีปเอเชีย,26500.0,0.0
2025-09,2025,9,3,563,RS,เซอร์เบีย,1B,ทวีปยุโรป,0.0,0.0
2025-09,2025,9,3,455,MR,มอริเตเนีย,1E,ทวีปแอฟริกา,323502.0,0.0
2025-09,2025,9,3,278,BT,ภูฎาน,1A,ทวีปเอเชีย,52491.0,0.0
2025-09,2025,9,3,292,KW,คูเวต,1A,ทวีปเอเชีย,5171.0,0.0
2025-09,2025,9,3,308,MO,มาเก๊า,1A,ทวีปเอเชีย,0.0,0.0
2025-09,2025,9,3,452,MA,โมร็อกโก,1E,ทวีปแอฟริกา,140266.0,0.0
2025-09,2025,9,3,282,NP,เนปาล,1A,ทวีปเอเชีย,0.0,0.0
2025-09,2025,9,3,435,DJ,จิบูตี,1E,ทวีปแอฟริกา,0.0,0.0
2025-09,2025,9,3,321,GR,กรีซ,1B,ทวีปยุโรป,0.0,0.0
2025-09,2025,9,3,419,PY,ปารากวัย,1D,ทวีปอเมริกาใต้,41166.0,0.0
2025-09,2025,9,3,465,SC,เซเชลส์,1E,ทวีปแอฟริกา,44034.0,0.0
2025-09,2025,9,3,363,LV,ลัตเวีย,1B,ทวีปยุโรป,0.0,0.0
2025-09,2025,9,3,475,TN,ตูนิเซีย,1E,ทวีปแอฟริกา,8370.0,0.0
2025-09,2025,9,3,486,FJ,ฟิจิ,1F,ทวีปออสเตรเลีย,0.0,0.0
2025-09,2025,9,3,498,PF,เฟรนช์โปลีนีเซีย,1F,ทวีปออสเตรเลีย,22901.0,0.0
2025-09,2025,9,3,432,CM,แคเมอรูน,1E,ทวีปแอฟริกา,0.0,0.0
2025-09,2025,9,3,456,MU,มอริเชียส,1E,ทวีปแอฟริกา,0.0,0.0
2025-09,2025,9,3,424,AO,แองโกลา,1E,ทวีปแอฟริกา,0.0,0.0
2025-09,2025,9,3,389,HN,ฮอนดูรัส,1C,ทวีปอเมริกาเหนือ,0.0,0.0
2025-09,2025,9,3,484,CK,หมู่เกาะดุก,1F,ทวีปออสเตรเลีย,0.0,0.0
2025-09,2025,9,3,428,BW,บอตสวานา,1E,ทวีปแอฟริกา,18451.0,0.0
2025-09,2025,9,3,364,MC,โมนาโก,1B,ทวีปยุโรป,0.0,0.0
2025-09,2025,9,3,388,GT,กัวเตมาลา,1C,ทวีปอเมริกาเหนือ,10176.0,0.0
2025-09,2025,9,3,412,EC,เอกวาดอร์,1D,ทวีปอเมริกาใต้,0.0,0.0
2025-09,2025,9,3,415,GY,กายอานา,1D,ทวีปอเมริกาใต้,0.0,0.0
2025-09,2025,9,3,408,BO,โบลิเวีย,1D,ทวีปอเมริกาใต้,5257.0,0.0
2025-09,2025,9,3,401,TT,ตรินิแดดและโตเบโก,1C,ทวีปอเมริกาเหนือ,0.0,0.0
2025-09,2025,9,3,493,NC,นิวแคลีโดเนีย,1F,ทวีปออสเตรเลีย,0.0,0.0
2025-09,2025,9,3,377,BB,บาร์เบโดส,1C,ทวีปอเมริกาเหนือ,0.0,0.0
2025-09,2025,9,3,351,UA,ยูเครน,1B,ทวีปยุโรป,0.0,0.0
2025-09,2025,9,3,333,BG,บัลแกเรีย,1B,ทวีปยุโรป,1386.0,0.0
2025-09,2025,9,3,396,NI,นิการากัว,1C,ทวีปอเมริกาเหนือ,0.0,0.0
2025-09,2025,9,3,489,GU,กวม,1F,ทวีปออสเตรเลีย,1684.0,0.0
2025-09,2025,9,3,490,KI,คิริบาส,1F,ทวีปออสเตรเลีย,0.0,0.0
2025-09,2025,9,3,458,MZ,โมซัมบิก,1E,ทวีปแอฟริกา,0.0,0.0
2025-09,2025,9,3,567,BA,บอสเนียและเฮอร์เซโกวีนา,1B,ทวีปยุโรป,808.0,0.0
2025-09,2025,9,3,293,LB,เลบานอน,1A,ทวีปเอเชีย,0.0,0.0
2025-09,2025,9,3,443,GN,กินี,1E,ทวีปแอฟริกา,0.0,0.0
2025-09,2025,9,3,307,MN,มองโกเลีย,1A,ทวีปเอเชีย,0.0,0.0
2025-09,2025,9,3,463,RE,เรอูนียง,1E,ทวีปแอฟริกา,0.0,0.0
2025-09,2025,9,3,324,LU,ลักเซมเบิร์ก,1B,ทวีปยุโรป,0.0,0.0
2025-09,2025,9,3,381,CR,คอสตาริกา,1C,ทวีปอเมริกาเหนือ,0.0,0.0
2025-09,2025,9,3,464,RW,รวันดา,1E,ทวีปแอฟริกา,0.0,0.0
2025-10,2025,10,4,373,US,สหรัฐอเมริกา,1C,ทวีปอเมริกาเหนือ,8444217133.0,0.0
2025-10,2025,10,4,372,MX,เม็กซิโก,1C,ทวีปอเมริกาเหนือ,2358680897.0,0.0
2025-10,2025,10,4,325,NL,เนเธอร์แลนด์,1B,ทวีปยุโรป,2112309508.0,0.0
2025-10,2025,10,4,309,TW,ไต้หวัน,1A,ทวีปเอเชีย,739405958.0,0.0
2025-10,2025,10,4,304,JP,ญี่ปุ่น,1A,ทวีปเอเชีย,453203129.0,0.0
2025-10,2025,10,4,271,MY,มาเลเซีย,1A,ทวีปเอเชีย,392589120.0,0.0
2025-10,2025,10,4,336,CZ,สาธารณรัฐเช็ก,1B,ทวีปยุโรป,489008222.0,0.0
2025-10,2025,10,4,302,CN,จีน,1A,ทวีปเอเชีย,300362799.0,0.0
2025-10,2025,10,4,303,HK,ฮ่องกง,1A,ทวีปเอเชีย,231327258.0,0.0
2025-10,2025,10,4,274,VN,เวียดนาม,1A,ทวีปเอเชีย,327906306.0,0.0
2025-10,2025,10,4,344,RO,โรมาเนีย,1B,ทวีปยุโรป,66361936.0,0.0
2025-10,2025,10,4,273,SG,สิงคโปร์,1A,ทวีปเอเชีย,135574594.0,0.0
2025-10,2025,10,4,298,TR,ตุรกี,1A,ทวีปเอเชีย,38031547.0,0.0
2025-10,2025,10,4,279,IN,อินเดีย,1A,ทวีปเอเชีย,128820651.0,0.0
2025-10,2025,10,4,315,DE,เยอรมนี,1B,ทวีปยุโรป,167746102.0,0.0
2025-10,2025,10,4,322,IE,ไอร์แลนด์,1B,ทวีปยุโรป,400816000.0,0.0
2025-10,2025,10,4,272,PH,ฟิลิปปินส์,1A,ทวีปเอเชีย,108863627.0,0.0
2025-10,2025,10,4,371,CA,แคนาดา,1C,ทวีปอเมริกาเหนือ,7132275.0,0.0
2025-10,2025,10,4,320,GB,สหราชอาณาจักร,1B,ทวีปยุโรป,25950530.0,0.0
2025-10,2025,10,4,343,PL,โปแลนด์,1B,ทวีปยุโรป,151523856.0,0.0
2025-10,2025,10,4,268,KH,กัมพูชา,1A,ทวีปเอเชีย,48713537.0,0.0
2025-10,2025,10,4,483,AU,ออสเตรเลีย,1F,ทวีปออสเตรเลีย,32724058.0,0.0
2025-10,2025,10,4,269,LA,สปป. ลาว,1A,ทวีปเอเชีย,31886318.0,0.0
2025-10,2025,10,4,316,DK,เดนมาร์ก,1B,ทวีปยุโรป,32397089.0,0.0
2025-10,2025,10,4,306,KR,เกาหลีใต้,1A,ทวีปเอเชีย,29256793.0,0.0
2025-10,2025,10,4,347,SK,สโลวาเกีย,1B,ทวีปยุโรป,12982071.0,0.0
2025-10,2025,10,4,323,IT,อิตาลี,1B,ทวีปยุโรป,5981648.0,0.0
2025-10,2025,10,4,478,ZA,แอฟริกาใต้,1E,ทวีปแอฟริกา,11256423.0,0.0
2025-10,2025,10,4,409,BR,บราซิล,1D,ทวีปอเมริกาใต้,25192496.0,0.0
2025-10,2025,10,4,319,FR,ฝรั่งเศส,1B,ทวีปยุโรป,33948973.0,0.0
2025-10,2025,10,4,267,ID,อินโดนีเซีย,1A,ทวีปเอเชีย,26029471.0,0.0
2025-10,2025,10,4,270,MM,เมียนมา,1A,ทวีปเอเชีย,22673952.0,0.0
2025-10,2025,10,4,317,ES,สเปน,1B,ทวีปยุโรป,11867030.0,0.0
2025-10,2025,10,4,339,HU,ฮังการี,1B,ทวีปยุโรป,8938707.0,0.0
2025-10,2025,10,4,288,IL,อิสราเอล,1A,ทวีปเอเชีย,36809762.0,0.0
2025-10,2025,10,4,497,NZ,นิวซีแลนด์,1F,ทวีปออสเตรเลีย,49504.0,0.0
2025-10,2025,10,4,345,RU,รัสเซีย,1B,ทวีปยุโรป,1576310.0,0.0
2025-10,2025,10,4,312,AT,ออสเตรีย,1B,ทวีปยุโรป,6080695.0,0.0
2025-10,2025,10,4,327,SE,สวีเดน,1B,ทวีปยุโรป,11546482.0,0.0
2025-10,2025,10,4,356,CH,สวิตเซอร์แลนด์,1B,ทวีปยุโรป,7381725.0,0.0
2025-10,2025,10,4,407,AR,อาร์เจนตินา,1D,ทวีปอเมริกาใต้,7981899.0,0.0
2025-10,2025,10,4,346,SI,สโลวีเนีย,1B,ทวีปยุโรป,4604036.0,0.0
2025-10,2025,10,4,285,AE,สหรัฐอาหรับเอมิเรตส์,1A,ทวีปเอเชีย,3210913.0,0.0
2025-10,2025,10,4,366,NO,นอร์เวย์,1B,ทวีปยุโรป,1197767.0,0.0
2025-10,2025,10,4,357,EE,เอสโตเนีย,1B,ทวีปยุโรป,5346793.0,0.0
2025-10,2025,10,4,447,KE,เคนยา,1E,ทวีปแอฟริกา,0.0,0.0
2025-10,2025,10,4,437,EG,อียิปต์,1E,ทวีปแอฟริกา,2094646.0,0.0
2025-10,2025,10,4,266,BN,บรูไน,1A,ทวีปเอเชีย,4023.0,0.0
2025-10,2025,10,4,318,FI,ฟินแลนด์,1B,ทวีปยุโรป,1289990.0,0.0
2025-10,2025,10,4,461,NG,ไนจีเรีย,1E,ทวีปแอฟริกา,4863425.0,0.0
2025-10,2025,10,4,277,BD,บังกลาเทศ,1A,ทวีปเอเชีย,581082.0,0.0
2025-10,2025,10,4,384,DO,สาธารณรัฐโดมินิกัน,1C,ทวีปอเมริกาเหนือ,17047.0,0.0
2025-10,2025,10,4,313,BE,เบลเยียม,1B,ทวีปยุโรป,96859.0,0.0
2025-10,2025,10,4,280,LK,ศรีลังกา,1A,ทวีปเอเชีย,170362.0,0.0
2025-10,2025,10,4,431,CI,โกตดิวัวร์,1E,ทวีปแอฟริกา,0.0,0.0
2025-10,2025,10,4,283,PK,ปากีสถาน,1A,ทวีปเอเชีย,741263.0,0.0
2025-10,2025,10,4,296,SA,ซาอุดีอาระเบีย,1A,ทวีปเอเชีย,75206.0,0.0
2025-10,2025,10,4,449,LR,ไลบีเรีย,1E,ทวีปแอฟริกา,0.0,0.0
2025-10,2025,10,4,441,GH,กานา,1E,ทวีปแอฟริกา,0.0,0.0
2025-10,2025,10,4,476,TZ,แทนซาเนีย,1E,ทวีปแอฟริกา,0.0,0.0
2025-10,2025,10,4,411,CO,โคลอมเบีย,1D,ทวีปอเมริกาใต้,364371.0,0.0
2025-10,2025,10,4,294,OM,โอมาน,1A,ทวีปเอเชีย,0.0,0.0
2025-10,2025,10,4,477,UG,ยูกันดา,1E,ทวีปแอฟริกา,0.0,0.0
2025-10,2025,10,4,397,PA,ปานามา,1C,ทวีปอเมริกาเหนือ,10787.0,0.0
2025-10,2025,10,4,468,SL,เซียร์ราลีโอน,1E,ทวีปแอฟริกา,0.0,0.0
2025-10,2025,10,4,295,QA,กาตาร์,1A,ทวีปเอเชีย,26092.0,0.0
2025-10,2025,10,4,499,PG,ปาปัวนิวกินี,1F,ทวีปออสเตรเลีย,175976.0,0.0
2025-10,2025,10,4,326,PT,โปรตุเกส,1B,ทวีปยุโรป,310217.0,0.0
2025-10,2025,10,4,479,ZM,แซมเบีย,1E,ทวีปแอฟริกา,2525536.0,0.0
2025-10,2025,10,4,341,KZ,คาซัคสถาน,1A,ทวีปเอเชีย,173853.0,0.0
2025-10,2025,10,4,330,AL,แอลเบเนีย,1B,ทวีปยุโรป,0.0,0.0
2025-10,2025,10,4,438,ET,เอธิโอเปีย,1E,ทวีปแอฟริกา,0.0,0.0
2025-10,2025,10,4,362,LT,ลิทัวเนีย,1B,ทวีปยุโรป,0.0,0.0
2025-10,2025,10,4,417,PE,เปรู,1D,ทวีปอเมริกาใต้,27277.0,0.0
2025-10,2025,10,4,526,WF,หมู่เกาะวาลลิสและฟุตูนา,1F,ทวีปออสเตรเลีย,1116934.0,0.0
2025-10,2025,10,4,286,BH,บาห์เรน,1A,ทวีปเอเชีย,0.0,0.0
2025-10,2025,10,4,421,UY,อุรุกวัย,1D,ทวีปอเมริกาใต้,0.0,0.0
2025-10,2025,10,4,398,PR,เปอร์โตริโก,1C,ทวีปอเมริกาเหนือ,56471.0,0.0
2025-10,2025,10,4,469,SN,เซเนกัล,1E,ทวีปแอฟริกา,0.0,0.0
2025-10,2025,10,4,410,CL,ชิลี,1D,ทวีปอเมริกาใต้,177250.0,0.0
2025-10,2025,10,4,506,WS,ซามัวตะวันตก,1F,ทวีปออสเตรเลีย,464429.0,0.0
2025-10,2025,10,4,281,MV,มัลดีฟส์,1A,ทวีปเอเชีย,8475.0,0.0
2025-10,2025,10,4,563,RS,เซอร์เบีย,1B,ทวีปยุโรป,0.0,0.0
2025-10,2025,10,4,455,MR,มอริเตเนีย,1E,ทวีปแอฟริกา,0.0,0.0
2025-10,2025,10,4,278,BT,ภูฎาน,1A,ทวีปเอเชีย,0.0,0.0
2025-10,2025,10,4,292,KW,คูเวต,1A,ทวีปเอเชีย,0.0,0.0
2025-10,2025,10,4,308,MO,มาเก๊า,1A,ทวีปเอเชีย,1624.0,0.0
2025-10,2025,10,4,452,MA,โมร็อกโก,1E,ทวีปแอฟริกา,0.0,0.0
2025-10,2025,10,4,282,NP,เนปาล,1A,ทวีปเอเชีย,0.0,0.0
2025-10,2025,10,4,290,IR,อิหร่าน,1A,ทวีปเอเชีย,108602.0,0.0
2025-10,2025,10,4,435,DJ,จิบูตี,1E,ทวีปแอฟริกา,0.0,0.0
2025-10,2025,10,4,321,GR,กรีซ,1B,ทวีปยุโรป,0.0,0.0
2025-10,2025,10,4,419,PY,ปารากวัย,1D,ทวีปอเมริกาใต้,10787.0,0.0
2025-10,2025,10,4,465,SC,เซเชลส์,1E,ทวีปแอฟริกา,0.0,0.0
2025-10,2025,10,4,363,LV,ลัตเวีย,1B,ทวีปยุโรป,0.0,0.0
2025-10,2025,10,4,475,TN,ตูนิเซีย,1E,ทวีปแอฟริกา,0.0,0.0
2025-10,2025,10,4,486,FJ,ฟิจิ,1F,ทวีปออสเตรเลีย,0.0,0.0
2025-10,2025,10,4,498,PF,เฟรนช์โปลีนีเซีย,1F,ทวีปออสเตรเลีย,0.0,0.0
2025-10,2025,10,4,484,CK,หมู่เกาะดุก,1F,ทวีปออสเตรเลีย,9788.0,0.0
2025-10,2025,10,4,432,CM,แคเมอรูน,1E,ทวีปแอฟริกา,0.0,0.0
2025-10,2025,10,4,456,MU,มอริเชียส,1E,ทวีปแอฟริกา,0.0,0.0
2025-10,2025,10,4,424,AO,แองโกลา,1E,ทวีปแอฟริกา,0.0,0.0
2025-10,2025,10,4,389,HN,ฮอนดูรัส,1C,ทวีปอเมริกาเหนือ,0.0,0.0
2025-10,2025,10,4,428,BW,บอตสวานา,1E,ทวีปแอฟริกา,0.0,0.0
2025-10,2025,10,4,364,MC,โมนาโก,1B,ทวีปยุโรป,0.0,0.0
2025-10,2025,10,4,388,GT,กัวเตมาลา,1C,ทวีปอเมริกาเหนือ,0.0,0.0
2025-10,2025,10,4,289,IQ,อิรัก,1A,ทวีปเอเชีย,13950.0,0.0
2025-10,2025,10,4,412,EC,เอกวาดอร์,1D,ทวีปอเมริกาใต้,0.0,0.0
2025-10,2025,10,4,415,GY,กายอานา,1D,ทวีปอเมริกาใต้,0.0,0.0
2025-10,2025,10,4,408,BO,โบลิเวีย,1D,ทวีปอเมริกาใต้,0.0,0.0
2025-10,2025,10,4,401,TT,ตรินิแดดและโตเบโก,1C,ทวีปอเมริกาเหนือ,0.0,0.0
2025-10,2025,10,4,493,NC,นิวแคลีโดเนีย,1F,ทวีปออสเตรเลีย,0.0,0.0
2025-10,2025,10,4,333,BG,บัลแกเรีย,1B,ทวีปยุโรป,1848.0,0.0
2025-10,2025,10,4,377,BB,บาร์เบโดส,1C,ทวีปอเมริกาเหนือ,0.0,0.0
2025-10,2025,10,4,351,UA,ยูเครน,1B,ทวีปยุโรป,0.0,0.0
2025-10,2025,10,4,291,JO,จอร์แดน,1A,ทวีปเอเชีย,3927.0,0.0
2025-10,2025,10,4,396,NI,นิการากัว,1C,ทวีปอเมริกาเหนือ,0.0,0.0
2025-10,2025,10,4,489,GU,กวม,1F,ทวีปออสเตรเลีย,0.0,0.0
2025-10,2025,10,4,490,KI,คิริบาส,1F,ทวีปออสเตรเลีย,0.0,0.0
2025-10,2025,10,4,458,MZ,โมซัมบิก,1E,ทวีปแอฟริกา,0.0,0.0
2025-10,2025,10,4,567,BA,บอสเนียและเฮอร์เซโกวีนา,1B,ทวีปยุโรป,0.0,0.0
2025-10,2025,10,4,293,LB,เลบานอน,1A,ทวีปเอเชีย,0.0,0.0
2025-10,2025,10,4,443,GN,กินี,1E,ทวีปแอฟริกา,0.0,0.0
2025-10,2025,10,4,307,MN,มองโกเลีย,1A,ทวีปเอเชีย,0.0,0.0
2025-10,2025,10,4,463,RE,เรอูนียง,1E,ทวีปแอฟริกา,0.0,0.0
2025-10,2025,10,4,324,LU,ลักเซมเบิร์ก,1B,ทวีปยุโรป,0.0,0.0
2025-10,2025,10,4,381,CR,คอสตาริกา,1C,ทวีปอเมริกาเหนือ,0.0,0.0
2025-10,2025,10,4,464,RW,รวันดา,1E,ทวีปแอฟริกา,0.0,0.0
2025-11,2025,11,4,373,US,สหรัฐอเมริกา,1C,ทวีปอเมริกาเหนือ,8006139604.0,0.0
2025-11,2025,11,4,372,MX,เม็กซิโก,1C,ทวีปอเมริกาเหนือ,1721435841.0,0.0
2025-11,2025,11,4,325,NL,เนเธอร์แลนด์,1B,ทวีปยุโรป,1769868690.0,0.0
2025-11,2025,11,4,309,TW,ไต้หวัน,1A,ทวีปเอเชีย,1143562161.0,0.0
2025-11,2025,11,4,304,JP,ญี่ปุ่น,1A,ทวีปเอเชีย,407250512.0,0.0
2025-11,2025,11,4,271,MY,มาเลเซีย,1A,ทวีปเอเชีย,414615992.0,0.0
2025-11,2025,11,4,336,CZ,สาธารณรัฐเช็ก,1B,ทวีปยุโรป,624519765.0,0.0
2025-11,2025,11,4,302,CN,จีน,1A,ทวีปเอเชีย,288986659.0,0.0
2025-11,2025,11,4,303,HK,ฮ่องกง,1A,ทวีปเอเชีย,309785521.0,0.0
2025-11,2025,11,4,274,VN,เวียดนาม,1A,ทวีปเอเชีย,239966024.0,0.0
2025-11,2025,11,4,344,RO,โรมาเนีย,1B,ทวีปยุโรป,105041211.0,0.0
2025-11,2025,11,4,273,SG,สิงคโปร์,1A,ทวีปเอเชีย,105834286.0,0.0
2025-11,2025,11,4,279,IN,อินเดีย,1A,ทวีปเอเชีย,174315985.0,0.0
2025-11,2025,11,4,315,DE,เยอรมนี,1B,ทวีปยุโรป,136145325.0,0.0
2025-11,2025,11,4,298,TR,ตุรกี,1A,ทวีปเอเชีย,70263409.0,0.0
2025-11,2025,11,4,322,IE,ไอร์แลนด์,1B,ทวีปยุโรป,259399858.0,0.0
2025-11,2025,11,4,272,PH,ฟิลิปปินส์,1A,ทวีปเอเชีย,15606208.0,0.0
2025-11,2025,11,4,320,GB,สหราชอาณาจักร,1B,ทวีปยุโรป,52377078.0,0.0
2025-11,2025,11,4,343,PL,โปแลนด์,1B,ทวีปยุโรป,60615362.0,0.0
2025-11,2025,11,4,371,CA,แคนาดา,1C,ทวีปอเมริกาเหนือ,4338725.0,0.0
2025-11,2025,11,4,268,KH,กัมพูชา,1A,ทวีปเอเชีย,54310854.0,0.0
2025-11,2025,11,4,483,AU,ออสเตรเลีย,1F,ทวีปออสเตรเลีย,9744297.0,0.0
2025-11,2025,11,4,269,LA,สปป. ลาว,1A,ทวีปเอเชีย,25025732.0,0.0
2025-11,2025,11,4,316,DK,เดนมาร์ก,1B,ทวีปยุโรป,25164137.0,0.0
2025-11,2025,11,4,347,SK,สโลวาเกีย,1B,ทวีปยุโรป,31392974.0,0.0
2025-11,2025,11,4,306,KR,เกาหลีใต้,1A,ทวีปเอเชีย,18631467.0,0.0
2025-11,2025,11,4,323,IT,อิตาลี,1B,ทวีปยุโรป,8663044.0,0.0
2025-11,2025,11,4,409,BR,บราซิล,1D,ทวีปอเมริกาใต้,32847888.0,0.0
2025-11,2025,11,4,478,ZA,แอฟริกาใต้,1E,ทวีปแอฟริกา,2065353.0,0.0
2025-11,2025,11,4,319,FR,ฝรั่งเศส,1B,ทวีปยุโรป,18418965.0,0.0
2025-11,2025,11,4,267,ID,อินโดนีเซีย,1A,ทวีปเอเชีย,24544704.0,0.0
2025-11,2025,11,4,270,MM,เมียนมา,1A,ทวีปเอเชีย,7926506.0,0.0
2025-11,2025,11,4,317,ES,สเปน,1B,ทวีปยุโรป,10323778.0,0.0
2025-11,2025,11,4,339,HU,ฮังการี,1B,ทวีปยุโรป,10403123.0,0.0
2025-11,2025,11,4,288,IL,อิสราเอล,1A,ทวีปเอเชีย,1935432.0,0.0
2025-11,2025,11,4,312,AT,ออสเตรีย,1B,ทวีปยุโรป,11676226.0,0.0
2025-11,2025,11,4,497,NZ,นิวซีแลนด์,1F,ทวีปออสเตรเลีย,496489.0,0.0
2025-11,2025,11,4,356,CH,สวิตเซอร์แลนด์,1B,ทวีปยุโรป,16929659.0,0.0
2025-11,2025,11,4,345,RU,รัสเซีย,1B,ทวีปยุโรป,903067.0,0.0
2025-11,2025,11,4,327,SE,สวีเดน,1B,ทวีปยุโรป,10792964.0,0.0
2025-11,2025,11,4,407,AR,อาร์เจนตินา,1D,ทวีปอเมริกาใต้,9153913.0,0.0
2025-11,2025,11,4,346,SI,สโลวีเนีย,1B,ทวีปยุโรป,4905295.0,0.0
2025-11,2025,11,4,285,AE,สหรัฐอาหรับเอมิเรตส์,1A,ทวีปเอเชีย,3027888.0,0.0
2025-11,2025,11,4,366,NO,นอร์เวย์,1B,ทวีปยุโรป,2534136.0,0.0
2025-11,2025,11,4,357,EE,เอสโตเนีย,1B,ทวีปยุโรป,5298624.0,0.0
2025-11,2025,11,4,447,KE,เคนยา,1E,ทวีปแอฟริกา,0.0,0.0
2025-11,2025,11,4,437,EG,อียิปต์,1E,ทวีปแอฟริกา,1474520.0,0.0
2025-11,2025,11,4,266,BN,บรูไน,1A,ทวีปเอเชีย,8070292.0,0.0
2025-11,2025,11,4,280,LK,ศรีลังกา,1A,ทวีปเอเชีย,6555307.0,0.0
2025-11,2025,11,4,384,DO,สาธารณรัฐโดมินิกัน,1C,ทวีปอเมริกาเหนือ,4689655.0,0.0
2025-11,2025,11,4,318,FI,ฟินแลนด์,1B,ทวีปยุโรป,24163.0,0.0
2025-11,2025,11,4,461,NG,ไนจีเรีย,1E,ทวีปแอฟริกา,2078026.0,0.0
2025-11,2025,11,4,277,BD,บังกลาเทศ,1A,ทวีปเอเชีย,489664.0,0.0
2025-11,2025,11,4,283,PK,ปากีสถาน,1A,ทวีปเอเชีย,3148333.0,0.0
2025-11,2025,11,4,313,BE,เบลเยียม,1B,ทวีปยุโรป,243279.0,0.0
2025-11,2025,11,4,397,PA,ปานามา,1C,ทวีปอเมริกาเหนือ,3691440.0,0.0
2025-11,2025,11,4,431,CI,โกตดิวัวร์,1E,ทวีปแอฟริกา,10996.0,0.0
2025-11,2025,11,4,296,SA,ซาอุดีอาระเบีย,1A,ทวีปเอเชีย,2228.0,0.0
2025-11,2025,11,4,449,LR,ไลบีเรีย,1E,ทวีปแอฟริกา,0.0,0.0
2025-11,2025,11,4,441,GH,กานา,1E,ทวีปแอฟริกา,0.0,0.0
2025-11,2025,11,4,476,TZ,แทนซาเนีย,1E,ทวีปแอฟริกา,0.0,0.0
2025-11,2025,11,4,411,CO,โคลอมเบีย,1D,ทวีปอเมริกาใต้,198997.0,0.0
2025-11,2025,11,4,294,OM,โอมาน,1A,ทวีปเอเชีย,0.0,0.0
2025-11,2025,11,4,326,PT,โปรตุเกส,1B,ทวีปยุโรป,507077.0,0.0
2025-11,2025,11,4,477,UG,ยูกันดา,1E,ทวีปแอฟริกา,0.0,0.0
2025-11,2025,11,4,468,SL,เซียร์ราลีโอน,1E,ทวีปแอฟริกา,0.0,0.0
2025-11,2025,11,4,499,PG,ปาปัวนิวกินี,1F,ทวีปออสเตรเลีย,43454.0,0.0
2025-11,2025,11,4,295,QA,กาตาร์,1A,ทวีปเอเชีย,5942.0,0.0
2025-11,2025,11,4,479,ZM,แซมเบีย,1E,ทวีปแอฟริกา,0.0,0.0
2025-11,2025,11,4,341,KZ,คาซัคสถาน,1A,ทวีปเอเชีย,327953.0,0.0
2025-11,2025,11,4,464,RW,รวันดา,1E,ทวีปแอฟริกา,2030508.0,0.0
2025-11,2025,11,4,330,AL,แอลเบเนีย,1B,ทวีปยุโรป,0.0,0.0
2025-11,2025,11,4,398,PR,เปอร์โตริโก,1C,ทวีปอเมริกาเหนือ,859778.0,0.0
2025-11,2025,11,4,438,ET,เอธิโอเปีย,1E,ทวีปแอฟริกา,0.0,0.0
2025-11,2025,11,4,455,MR,มอริเตเนีย,1E,ทวีปแอฟริกา,1469963.0,0.0
2025-11,2025,11,4,362,LT,ลิทัวเนีย,1B,ทวีปยุโรป,0.0,0.0
2025-11,2025,11,4,281,MV,มัลดีฟส์,1A,ทวีปเอเชีย,961444.0,0.0
2025-11,2025,11,4,417,PE,เปรู,1D,ทวีปอเมริกาใต้,90.0,0.0
2025-11,2025,11,4,286,BH,บาห์เรน,1A,ทวีปเอเชีย,31042.0,0.0
2025-11,2025,11,4,526,WF,หมู่เกาะวาลลิสและฟุตูนา,1F,ทวีปออสเตรเลีย,0.0,0.0
2025-11,2025,11,4,410,CL,ชิลี,1D,ทวีปอเมริกาใต้,239778.0,0.0
2025-11,2025,11,4,421,UY,อุรุกวัย,1D,ทวีปอเมริกาใต้,0.0,0.0
2025-11,2025,11,4,469,SN,เซเนกัล,1E,ทวีปแอฟริกา,0.0,0.0
2025-11,2025,11,4,459,NA,นามิเบีย,1E,ทวีปแอฟริกา,601349.0,0.0
2025-11,2025,11,4,506,WS,ซามัวตะวันตก,1F,ทวีปออสเตรเลีย,0.0,0.0
2025-11,2025,11,4,563,RS,เซอร์เบีย,1B,ทวีปยุโรป,0.0,0.0
2025-11,2025,11,4,278,BT,ภูฎาน,1A,ทวีปเอเชีย,0.0,0.0
2025-11,2025,11,4,292,KW,คูเวต,1A,ทวีปเอเชีย,0.0,0.0
2025-11,2025,11,4,308,MO,มาเก๊า,1A,ทวีปเอเชีย,2125.0,0.0
2025-11,2025,11,4,452,MA,โมร็อกโก,1E,ทวีปแอฟริกา,0.0,0.0
2025-11,2025,11,4,282,NP,เนปาล,1A,ทวีปเอเชีย,0.0,0.0
2025-11,2025,11,4,290,IR,อิหร่าน,1A,ทวีปเอเชีย,0.0,0.0
2025-11,2025,11,4,419,PY,ปารากวัย,1D,ทวีปอเมริกาใต้,11083.0,0.0
2025-11,2025,11,4,435,DJ,จิบูตี,1E,ทวีปแอฟริกา,0.0,0.0
2025-11,2025,11,4,321,GR,กรีซ,1B,ทวีปยุโรป,0.0,0.0
2025-11,2025,11,4,465,SC,เซเชลส์,1E,ทวีปแอฟริกา,0.0,0.0
2025-11,2025,11,4,363,LV,ลัตเวีย,1B,ทวีปยุโรป,0.0,0.0
2025-11,2025,11,4,498,PF,เฟรนช์โปลีนีเซีย,1F,ทวีปออสเตรเลีย,14589.0,0.0
2025-11,2025,11,4,475,TN,ตูนิเซีย,1E,ทวีปแอฟริกา,0.0,0.0
2025-11,2025,11,4,486,FJ,ฟิจิ,1F,ทวีปออสเตรเลีย,0.0,0.0
2025-11,2025,11,4,484,CK,หมู่เกาะดุก,1F,ทวีปออสเตรเลีย,0.0,0.0
2025-11,2025,11,4,432,CM,แคเมอรูน,1E,ทวีปแอฟริกา,0.0,0.0
2025-11,2025,11,4,456,MU,มอริเชียส,1E,ทวีปแอฟริกา,0.0,0.0
2025-11,2025,11,4,424,AO,แองโกลา,1E,ทวีปแอฟริกา,0.0,0.0
2025-11,2025,11,4,389,HN,ฮอนดูรัส,1C,ทวีปอเมริกาเหนือ,0.0,0.0
2025-11,2025,11,4,428,BW,บอตสวานา,1E,ทวีปแอฟริกา,0.0,0.0
2025-11,2025,11,4,364,MC,โมนาโก,1B,ทวีปยุโรป,0.0,0.0
2025-11,2025,11,4,388,GT,กัวเตมาลา,1C,ทวีปอเมริกาเหนือ,0.0,0.0
2025-11,2025,11,4,289,IQ,อิรัก,1A,ทวีปเอเชีย,0.0,0.0
2025-11,2025,11,4,412,EC,เอกวาดอร์,1D,ทวีปอเมริกาใต้,0.0,0.0
2025-11,2025,11,4,415,GY,กายอานา,1D,ทวีปอเมริกาใต้,682.0,0.0
2025-11,2025,11,4,420,SR,ซูรินาเม,1D,ทวีปอเมริกาใต้,7683.0,0.0
2025-11,2025,11,4,408,BO,โบลิเวีย,1D,ทวีปอเมริกาใต้,0.0,0.0
2025-11,2025,11,4,401,TT,ตรินิแดดและโตเบโก,1C,ทวีปอเมริกาเหนือ,0.0,0.0
2025-11,2025,11,4,493,NC,นิวแคลีโดเนีย,1F,ทวีปออสเตรเลีย,0.0,0.0
2025-11,2025,11,4,333,BG,บัลแกเรีย,1B,ทวีปยุโรป,0.0,0.0
2025-11,2025,11,4,377,BB,บาร์เบโดส,1C,ทวีปอเมริกาเหนือ,0.0,0.0
2025-11,2025,11,4,351,UA,ยูเครน,1B,ทวีปยุโรป,0.0,0.0
2025-11,2025,11,4,291,JO,จอร์แดน,1A,ทวีปเอเชีย,0.0,0.0
2025-11,2025,11,4,307,MN,มองโกเลีย,1A,ทวีปเอเชีย,1946.0,0.0
2025-11,2025,11,4,396,NI,นิการากัว,1C,ทวีปอเมริกาเหนือ,0.0,0.0
2025-11,2025,11,4,489,GU,กวม,1F,ทวีปออสเตรเลีย,0.0,0.0
2025-11,2025,11,4,490,KI,คิริบาส,1F,ทวีปออสเตรเลีย,0.0,0.0
2025-11,2025,11,4,394,LC,เซนต์ลูเซีย,1C,ทวีปอเมริกาเหนือ,1482.0,0.0
2025-11,2025,11,4,458,MZ,โมซัมบิก,1E,ทวีปแอฟริกา,0.0,0.0
2025-11,2025,11,4,567,BA,บอสเนียและเฮอร์เซโกวีนา,1B,ทวีปยุโรป,0.0,0.0
2025-11,2025,11,4,293,LB,เลบานอน,1A,ทวีปเอเชีย,0.0,0.0
2025-11,2025,11,4,443,GN,กินี,1E,ทวีปแอฟริกา,0.0,0.0
2025-11,2025,11,4,463,RE,เรอูนียง,1E,ทวีปแอฟริกา,0.0,0.0
2025-11,2025,11,4,324,LU,ลักเซมเบิร์ก,1B,ทวีปยุโรป,0.0,0.0
2025-11,2025,11,4,381,CR,คอสตาริกา,1C,ทวีปอเมริกาเหนือ,0.0,0.0
2025-12,2025,12,4,373,US,สหรัฐอเมริกา,1C,ทวีปอเมริกาเหนือ,10242148270.0,0.0
2025-12,2025,12,4,372,MX,เม็กซิโก,1C,ทวีปอเมริกาเหนือ,2397190051.0,0.0
2025-12,2025,12,4,325,NL,เนเธอร์แลนด์,1B,ทวีปยุโรป,1908569410.0,0.0
2025-12,2025,12,4,309,TW,ไต้หวัน,1A,ทวีปเอเชีย,1057197213.0,0.0
2025-12,2025,12,4,304,JP,ญี่ปุ่น,1A,ทวีปเอเชีย,350316459.0,0.0
2025-12,2025,12,4,271,MY,มาเลเซีย,1A,ทวีปเอเชีย,873946299.0,0.0
2025-12,2025,12,4,336,CZ,สาธารณรัฐเช็ก,1B,ทวีปยุโรป,346908516.0,0.0
2025-12,2025,12,4,302,CN,จีน,1A,ทวีปเอเชีย,472275180.0,0.0
2025-12,2025,12,4,303,HK,ฮ่องกง,1A,ทวีปเอเชีย,151813964.0,0.0
2025-12,2025,12,4,274,VN,เวียดนาม,1A,ทวีปเอเชีย,321422800.0,0.0
2025-12,2025,12,4,344,RO,โรมาเนีย,1B,ทวีปยุโรป,191846954.0,0.0
2025-12,2025,12,4,273,SG,สิงคโปร์,1A,ทวีปเอเชีย,147023468.0,0.0
2025-12,2025,12,4,279,IN,อินเดีย,1A,ทวีปเอเชีย,156888758.0,0.0
2025-12,2025,12,4,315,DE,เยอรมนี,1B,ทวีปยุโรป,141614287.0,0.0
2025-12,2025,12,4,298,TR,ตุรกี,1A,ทวีปเอเชีย,90051358.0,0.0
2025-12,2025,12,4,322,IE,ไอร์แลนด์,1B,ทวีปยุโรป,243150337.0,0.0
2025-12,2025,12,4,272,PH,ฟิลิปปินส์,1A,ทวีปเอเชีย,15981502.0,0.0
2025-12,2025,12,4,343,PL,โปแลนด์,1B,ทวีปยุโรป,106886666.0,0.0
2025-12,2025,12,4,320,GB,สหราชอาณาจักร,1B,ทวีปยุโรป,65724915.0,0.0
2025-12,2025,12,4,268,KH,กัมพูชา,1A,ทวีปเอเชีย,54894207.0,0.0
2025-12,2025,12,4,371,CA,แคนาดา,1C,ทวีปอเมริกาเหนือ,7926826.0,0.0
2025-12,2025,12,4,483,AU,ออสเตรเลีย,1F,ทวีปออสเตรเลีย,11063931.0,0.0
2025-12,2025,12,4,269,LA,สปป. ลาว,1A,ทวีปเอเชีย,22359008.0,0.0
2025-12,2025,12,4,316,DK,เดนมาร์ก,1B,ทวีปยุโรป,23014091.0,0.0
2025-12,2025,12,4,347,SK,สโลวาเกีย,1B,ทวีปยุโรป,15995989.0,0.0
2025-12,2025,12,4,306,KR,เกาหลีใต้,1A,ทวีปเอเชีย,20391013.0,0.0
2025-12,2025,12,4,409,BR,บราซิล,1D,ทวีปอเมริกาใต้,16106237.0,0.0
2025-12,2025,12,4,323,IT,อิตาลี,1B,ทวีปยุโรป,6460616.0,0.0
2025-12,2025,12,4,319,FR,ฝรั่งเศส,1B,ทวีปยุโรป,38590402.0,0.0
2025-12,2025,12,4,478,ZA,แอฟริกาใต้,1E,ทวีปแอฟริกา,7783160.0,0.0
2025-12,2025,12,4,270,MM,เมียนมา,1A,ทวีปเอเชีย,43234610.0,0.0
2025-12,2025,12,4,267,ID,อินโดนีเซีย,1A,ทวีปเอเชีย,17050055.0,0.0
2025-12,2025,12,4,317,ES,สเปน,1B,ทวีปยุโรป,15248946.0,0.0
2025-12,2025,12,4,339,HU,ฮังการี,1B,ทวีปยุโรป,9398963.0,0.0
2025-12,2025,12,4,288,IL,อิสราเอล,1A,ทวีปเอเชีย,1538502.0,0.0
2025-12,2025,12,4,285,AE,สหรัฐอาหรับเอมิเรตส์,1A,ทวีปเอเชีย,62796116.0,0.0
2025-12,2025,12,4,312,AT,ออสเตรีย,1B,ทวีปยุโรป,12377839.0,0.0
2025-12,2025,12,4,356,CH,สวิตเซอร์แลนด์,1B,ทวีปยุโรป,13500254.0,0.0
2025-12,2025,12,4,497,NZ,นิวซีแลนด์,1F,ทวีปออสเตรเลีย,1487049.0,0.0
2025-12,2025,12,4,327,SE,สวีเดน,1B,ทวีปยุโรป,6296250.0,0.0
2025-12,2025,12,4,345,RU,รัสเซีย,1B,ทวีปยุโรป,1155777.0,0.0
2025-12,2025,12,4,266,BN,บรูไน,1A,ทวีปเอเชีย,45053042.0,0.0
2025-12,2025,12,4,407,AR,อาร์เจนตินา,1D,ทวีปอเมริกาใต้,8045400.0,0.0
2025-12,2025,12,4,346,SI,สโลวีเนีย,1B,ทวีปยุโรป,4640752.0,0.0
2025-12,2025,12,4,357,EE,เอสโตเนีย,1B,ทวีปยุโรป,5558711.0,0.0
2025-12,2025,12,4,366,NO,นอร์เวย์,1B,ทวีปยุโรป,2317277.0,0.0
2025-12,2025,12,4,437,EG,อียิปต์,1E,ทวีปแอฟริกา,6959097.0,0.0
2025-12,2025,12,4,447,KE,เคนยา,1E,ทวีปแอฟริกา,0.0,0.0
2025-12,2025,12,4,441,GH,กานา,1E,ทวีปแอฟริกา,20003248.0,0.0
2025-12,2025,12,4,280,LK,ศรีลังกา,1A,ทวีปเอเชีย,7971946.0,0.0
2025-12,2025,12,4,431,CI,โกตดิวัวร์,1E,ทวีปแอฟริกา,15837004.0,0.0
2025-12,2025,12,4,384,DO,สาธารณรัฐโดมินิกัน,1C,ทวีปอเมริกาเหนือ,89218.0,0.0
2025-12,2025,12,4,318,FI,ฟินแลนด์,1B,ทวีปยุโรป,13060.0,0.0
2025-12,2025,12,4,461,NG,ไนจีเรีย,1E,ทวีปแอฟริกา,2972.0,0.0
2025-12,2025,12,4,277,BD,บังกลาเทศ,1A,ทวีปเอเชีย,362331.0,0.0
2025-12,2025,12,4,283,PK,ปากีสถาน,1A,ทวีปเอเชีย,555178.0,0.0
2025-12,2025,12,4,313,BE,เบลเยียม,1B,ทวีปยุโรป,44730.0,0.0
2025-12,2025,12,4,397,PA,ปานามา,1C,ทวีปอเมริกาเหนือ,101224.0,0.0
2025-12,2025,12,4,479,ZM,แซมเบีย,1E,ทวีปแอฟริกา,3736020.0,0.0
2025-12,2025,12,4,296,SA,ซาอุดีอาระเบีย,1A,ทวีปเอเชีย,2391.0,0.0
2025-12,2025,12,4,449,LR,ไลบีเรีย,1E,ทวีปแอฟริกา,0.0,0.0
2025-12,2025,12,4,476,TZ,แทนซาเนีย,1E,ทวีปแอฟริกา,0.0,0.0
2025-12,2025,12,4,411,CO,โคลอมเบีย,1D,ทวีปอเมริกาใต้,95614.0,0.0
2025-12,2025,12,4,294,OM,โอมาน,1A,ทวีปเอเชีย,43692.0,0.0
2025-12,2025,12,4,326,PT,โปรตุเกส,1B,ทวีปยุโรป,88588.0,0.0
2025-12,2025,12,4,477,UG,ยูกันดา,1E,ทวีปแอฟริกา,0.0,0.0
2025-12,2025,12,4,432,CM,แคเมอรูน,1E,ทวีปแอฟริกา,3166187.0,0.0
2025-12,2025,12,4,468,SL,เซียร์ราลีโอน,1E,ทวีปแอฟริกา,0.0,0.0
2025-12,2025,12,4,499,PG,ปาปัวนิวกินี,1F,ทวีปออสเตรเลีย,0.0,0.0
2025-12,2025,12,4,295,QA,กาตาร์,1A,ทวีปเอเชีย,0.0,0.0
2025-12,2025,12,4,341,KZ,คาซัคสถาน,1A,ทวีปเอเชีย,1865.0,0.0
2025-12,2025,12,4,464,RW,รวันดา,1E,ทวีปแอฟริกา,0.0,0.0
2025-12,2025,12,4,330,AL,แอลเบเนีย,1B,ทวีปยุโรป,0.0,0.0
2025-12,2025,12,4,281,MV,มัลดีฟส์,1A,ทวีปเอเชีย,577284.0,0.0
2025-12,2025,12,4,398,PR,เปอร์โตริโก,1C,ทวีปอเมริกาเหนือ,0.0,0.0
2025-12,2025,12,4,438,ET,เอธิโอเปีย,1E,ทวีปแอฟริกา,0.0,0.0
2025-12,2025,12,4,455,MR,มอริเตเนีย,1E,ทวีปแอฟริกา,0.0,0.0
2025-12,2025,12,4,362,LT,ลิทัวเนีย,1B,ทวีปยุโรป,0.0,0.0
2025-12,2025,12,4,410,CL,ชิลี,1D,ทวีปอเมริกาใต้,229988.0,0.0
2025-12,2025,12,4,417,PE,เปรู,1D,ทวีปอเมริกาใต้,352.0,0.0
2025-12,2025,12,4,489,GU,กวม,1F,ทวีปออสเตรเลีย,1234609.0,0.0
2025-12,2025,12,4,286,BH,บาห์เรน,1A,ทวีปเอเชีย,0.0,0.0
2025-12,2025,12,4,526,WF,หมู่เกาะวาลลิสและฟุตูนา,1F,ทวีปออสเตรเลีย,0.0,0.0
2025-12,2025,12,4,421,UY,อุรุกวัย,1D,ทวีปอเมริกาใต้,0.0,0.0
2025-12,2025,12,4,469,SN,เซเนกัล,1E,ทวีปแอฟริกา,0.0,0.0
2025-12,2025,12,4,459,NA,นามิเบีย,1E,ทวีปแอฟริกา,0.0,0.0
2025-12,2025,12,4,506,WS,ซามัวตะวันตก,1F,ทวีปออสเตรเลีย,0.0,0.0
2025-12,2025,12,4,563,RS,เซอร์เบีย,1B,ทวีปยุโรป,0.0,0.0
2025-12,2025,12,4,292,KW,คูเวต,1A,ทวีปเอเชีย,10237.0,0.0
2025-12,2025,12,4,278,BT,ภูฎาน,1A,ทวีปเอเชีย,0.0,0.0
2025-12,2025,12,4,308,MO,มาเก๊า,1A,ทวีปเอเชีย,0.0,0.0
2025-12,2025,12,4,452,MA,โมร็อกโก,1E,ทวีปแอฟริกา,0.0,0.0
2025-12,2025,12,4,321,GR,กรีซ,1B,ทวีปยุโรป,24145.0,0.0
2025-12,2025,12,4,282,NP,เนปาล,1A,ทวีปเอเชีย,0.0,0.0
2025-12,2025,12,4,290,IR,อิหร่าน,1A,ทวีปเอเชีย,0.0,0.0
2025-12,2025,12,4,419,PY,ปารากวัย,1D,ทวีปอเมริกาใต้,0.0,0.0
2025-12,2025,12,4,435,DJ,จิบูตี,1E,ทวีปแอฟริกา,0.0,0.0
2025-12,2025,12,4,475,TN,ตูนิเซีย,1E,ทวีปแอฟริกา,41690.0,0.0
2025-12,2025,12,4,333,BG,บัลแกเรีย,1B,ทวีปยุโรป,57464.0,0.0
2025-12,2025,12,4,498,PF,เฟรนช์โปลีนีเซีย,1F,ทวีปออสเตรเลีย,9274.0,0.0
2025-12,2025,12,4,465,SC,เซเชลส์,1E,ทวีปแอฟริกา,0.0,0.0
2025-12,2025,12,4,363,LV,ลัตเวีย,1B,ทวีปยุโรป,0.0,0.0
2025-12,2025,12,4,486,FJ,ฟิจิ,1F,ทวีปออสเตรเลีย,0.0,0.0
2025-12,2025,12,4,484,CK,หมู่เกาะดุก,1F,ทวีปออสเตรเลีย,0.0,0.0
2025-12,2025,12,4,456,MU,มอริเชียส,1E,ทวีปแอฟริกา,0.0,0.0
2025-12,2025,12,4,287,CY,ไซปรัส,1A,ทวีปเอเชีย,25700.0,0.0
2025-12,2025,12,4,389,HN,ฮอนดูรัส,1C,ทวีปอเมริกาเหนือ,4950.0,0.0
2025-12,2025,12,4,424,AO,แองโกลา,1E,ทวีปแอฟริกา,0.0,0.0
2025-12,2025,12,4,428,BW,บอตสวานา,1E,ทวีปแอฟริกา,0.0,0.0
2025-12,2025,12,4,364,MC,โมนาโก,1B,ทวีปยุโรป,0.0,0.0
2025-12,2025,12,4,388,GT,กัวเตมาลา,1C,ทวีปอเมริกาเหนือ,0.0,0.0
2025-12,2025,12,4,289,IQ,อิรัก,1A,ทวีปเอเชีย,0.0,0.0
2025-12,2025,12,4,412,EC,เอกวาดอร์,1D,ทวีปอเมริกาใต้,0.0,0.0
2025-12,2025,12,4,415,GY,กายอานา,1D,ทวีปอเมริกาใต้,0.0,0.0
2025-12,2025,12,4,420,SR,ซูรินาเม,1D,ทวีปอเมริกาใต้,0.0,0.0
2025-12,2025,12,4,406,AG,แอนติกัวและบาร์บูดา,1C,ทวีปอเมริกาเหนือ,7267.0,0.0
2025-12,2025,12,4,408,BO,โบลิเวีย,1D,ทวีปอเมริกาใต้,0.0,0.0
2025-12,2025,12,4,401,TT,ตรินิแดดและโตเบโก,1C,ทวีปอเมริกาเหนือ,0.0,0.0
2025-12,2025,12,4,493,NC,นิวแคลีโดเนีย,1F,ทวีปออสเตรเลีย,0.0,0.0
2025-12,2025,12,4,377,BB,บาร์เบโดส,1C,ทวีปอเมริกาเหนือ,0.0,0.0
2025-12,2025,12,4,351,UA,ยูเครน,1B,ทวีปยุโรป,0.0,0.0
2025-12,2025,12,4,291,JO,จอร์แดน,1A,ทวีปเอเชีย,0.0,0.0
2025-12,2025,12,4,396,NI,นิการากัว,1C,ทวีปอเมริกาเหนือ,1146.0,0.0
2025-12,2025,12,4,307,MN,มองโกเลีย,1A,ทวีปเอเชีย,60.0,0.0
2025-12,2025,12,4,490,KI,คิริบาส,1F,ทวีปออสเตรเลีย,0.0,0.0
2025-12,2025,12,4,394,LC,เซนต์ลูเซีย,1C,ทวีปอเมริกาเหนือ,0.0,0.0
2025-12,2025,12,4,458,MZ,โมซัมบิก,1E,ทวีปแอฟริกา,0.0,0.0
2025-12,2025,12,4,567,BA,บอสเนียและเฮอร์เซโกวีนา,1B,ทวีปยุโรป,0.0,0.0
2025-12,2025,12,4,293,LB,เลบานอน,1A,ทวีปเอเชีย,0.0,0.0
2025-12,2025,12,4,443,GN,กินี,1E,ทวีปแอฟริกา,0.0,0.0
2025-12,2025,12,4,463,RE,เรอูนียง,1E,ทวีปแอฟริกา,0.0,0.0
2025-12,2025,12,4,324,LU,ลักเซมเบิร์ก,1B,ทวีปยุโรป,0.0,0.0
2025-12,2025,12,4,381,CR,คอสตาริกา,1C,ทวีปอเมริกาเหนือ,0.0,0.0
2026-01,2026,1,1,373,US,สหรัฐอเมริกา,1C,ทวีปอเมริกาเหนือ,7986089155.0,0.0
2026-01,2026,1,1,372,MX,เม็กซิโก,1C,ทวีปอเมริกาเหนือ,2842830459.0,0.0
2026-01,2026,1,1,325,NL,เนเธอร์แลนด์,1B,ทวีปยุโรป,1886276219.0,0.0
2026-01,2026,1,1,309,TW,ไต้หวัน,1A,ทวีปเอเชีย,965051436.0,0.0
2026-01,2026,1,1,271,MY,มาเลเซีย,1A,ทวีปเอเชีย,482929574.0,0.0
2026-01,2026,1,1,304,JP,ญี่ปุ่น,1A,ทวีปเอเชีย,463176657.0,0.0
2026-01,2026,1,1,336,CZ,สาธารณรัฐเช็ก,1B,ทวีปยุโรป,457403051.0,0.0
2026-01,2026,1,1,322,IE,ไอร์แลนด์,1B,ทวีปยุโรป,321252874.0,0.0
2026-01,2026,1,1,274,VN,เวียดนาม,1A,ทวีปเอเชีย,312537009.0,0.0
2026-01,2026,1,1,302,CN,จีน,1A,ทวีปเอเชีย,286933456.0,0.0
2026-01,2026,1,1,303,HK,ฮ่องกง,1A,ทวีปเอเชีย,169737108.0,0.0
2026-01,2026,1,1,315,DE,เยอรมนี,1B,ทวีปยุโรป,153545341.0,0.0
2026-01,2026,1,1,279,IN,อินเดีย,1A,ทวีปเอเชีย,151515761.0,0.0
2026-01,2026,1,1,344,RO,โรมาเนีย,1B,ทวีปยุโรป,96390606.0,0.0
2026-01,2026,1,1,273,SG,สิงคโปร์,1A,ทวีปเอเชีย,92850370.0,0.0
2026-01,2026,1,1,298,TR,ตุรกี,1A,ทวีปเอเชีย,89173857.0,0.0
2026-01,2026,1,1,268,KH,กัมพูชา,1A,ทวีปเอเชีย,53141483.0,0.0
2026-01,2026,1,1,343,PL,โปแลนด์,1B,ทวีปยุโรป,41326956.0,0.0
2026-01,2026,1,1,478,ZA,แอฟริกาใต้,1E,ทวีปแอฟริกา,31673435.0,0.0
2026-01,2026,1,1,269,LA,สปป. ลาว,1A,ทวีปเอเชีย,31150294.0,0.0
2026-01,2026,1,1,319,FR,ฝรั่งเศส,1B,ทวีปยุโรป,30486865.0,0.0
2026-01,2026,1,1,306,KR,เกาหลีใต้,1A,ทวีปเอเชีย,29344622.0,0.0
2026-01,2026,1,1,320,GB,สหราชอาณาจักร,1B,ทวีปยุโรป,28679213.0,0.0
2026-01,2026,1,1,347,SK,สโลวาเกีย,1B,ทวีปยุโรป,25824220.0,0.0
2026-01,2026,1,1,371,CA,แคนาดา,1C,ทวีปอเมริกาเหนือ,24169584.0,0.0
2026-01,2026,1,1,270,MM,เมียนมา,1A,ทวีปเอเชีย,21213599.0,0.0
2026-01,2026,1,1,267,ID,อินโดนีเซีย,1A,ทวีปเอเชีย,20762876.0,0.0
2026-01,2026,1,1,316,DK,เดนมาร์ก,1B,ทวีปยุโรป,20113817.0,0.0
2026-01,2026,1,1,409,BR,บราซิล,1D,ทวีปอเมริกาใต้,19522809.0,0.0
2026-01,2026,1,1,312,AT,ออสเตรีย,1B,ทวีปยุโรป,12031400.0,0.0
2026-01,2026,1,1,339,HU,ฮังการี,1B,ทวีปยุโรป,10938895.0,0.0
2026-01,2026,1,1,272,PH,ฟิลิปปินส์,1A,ทวีปเอเชีย,10817806.0,0.0
2026-01,2026,1,1,327,SE,สวีเดน,1B,ทวีปยุโรป,10234592.0,0.0
2026-01,2026,1,1,483,AU,ออสเตรเลีย,1F,ทวีปออสเตรเลีย,9901498.0,0.0
2026-01,2026,1,1,317,ES,สเปน,1B,ทวีปยุโรป,8561059.0,0.0
2026-01,2026,1,1,323,IT,อิตาลี,1B,ทวีปยุโรป,8456844.0,0.0
2026-01,2026,1,1,407,AR,อาร์เจนตินา,1D,ทวีปอเมริกาใต้,6423000.0,0.0
2026-01,2026,1,1,431,CI,โกตดิวัวร์,1E,ทวีปแอฟริกา,5864036.0,0.0
2026-01,2026,1,1,266,BN,บรูไน,1A,ทวีปเอเชีย,4577305.0,0.0
2026-01,2026,1,1,346,SI,สโลวีเนีย,1B,ทวีปยุโรป,4555687.0,0.0
2026-01,2026,1,1,366,NO,นอร์เวย์,1B,ทวีปยุโรป,4446586.0,0.0
2026-01,2026,1,1,285,AE,สหรัฐอาหรับเอมิเรตส์,1A,ทวีปเอเชีย,4161477.0,0.0
2026-01,2026,1,1,357,EE,เอสโตเนีย,1B,ทวีปยุโรป,3532398.0,0.0
2026-01,2026,1,1,345,RU,รัสเซีย,1B,ทวีปยุโรป,3130878.0,0.0
2026-01,2026,1,1,356,CH,สวิตเซอร์แลนด์,1B,ทวีปยุโรป,2136572.0,0.0
2026-01,2026,1,1,288,IL,อิสราเอล,1A,ทวีปเอเชีย,1440876.0,0.0
2026-01,2026,1,1,437,EG,อียิปต์,1E,ทวีปแอฟริกา,1348338.0,0.0
2026-01,2026,1,1,384,DO,สาธารณรัฐโดมินิกัน,1C,ทวีปอเมริกาเหนือ,1302533.0,0.0
2026-01,2026,1,1,313,BE,เบลเยียม,1B,ทวีปยุโรป,591145.0,0.0
2026-01,2026,1,1,469,SN,เซเนกัล,1E,ทวีปแอฟริกา,524711.0,0.0
2026-01,2026,1,1,411,CO,โคลอมเบีย,1D,ทวีปอเมริกาใต้,402479.0,0.0
2026-01,2026,1,1,283,PK,ปากีสถาน,1A,ทวีปเอเชีย,318374.0,0.0
2026-01,2026,1,1,280,LK,ศรีลังกา,1A,ทวีปเอเชีย,313862.0,0.0
2026-01,2026,1,1,497,NZ,นิวซีแลนด์,1F,ทวีปออสเตรเลีย,299493.0,0.0
2026-01,2026,1,1,410,CL,ชิลี,1D,ทวีปอเมริกาใต้,263301.0,0.0
2026-01,2026,1,1,318,FI,ฟินแลนด์,1B,ทวีปยุโรป,167218.0,0.0
2026-01,2026,1,1,452,MA,โมร็อกโก,1E,ทวีปแอฟริกา,141963.0,0.0
2026-01,2026,1,1,465,SC,เซเชลส์,1E,ทวีปแอฟริกา,87085.0,0.0
2026-01,2026,1,1,277,BD,บังกลาเทศ,1A,ทวีปเอเชีย,86665.0,0.0
2026-01,2026,1,1,421,UY,อุรุกวัย,1D,ทวีปอเมริกาใต้,73712.0,0.0
2026-01,2026,1,1,321,GR,กรีซ,1B,ทวีปยุโรป,43594.0,0.0
2026-01,2026,1,1,499,PG,ปาปัวนิวกินี,1F,ทวีปออสเตรเลีย,40228.0,0.0
2026-01,2026,1,1,436,DZ,แอลจีเรีย,1E,ทวีปแอฟริกา,37275.0,0.0
2026-01,2026,1,1,397,PA,ปานามา,1C,ทวีปอเมริกาเหนือ,32386.0,0.0
2026-01,2026,1,1,415,GY,กายอานา,1D,ทวีปอเมริกาใต้,14915.0,0.0
2026-01,2026,1,1,281,MV,มัลดีฟส์,1A,ทวีปเอเชีย,14827.0,0.0
2026-01,2026,1,1,363,LV,ลัตเวีย,1B,ทวีปยุโรป,14718.0,0.0
2026-01,2026,1,1,417,PE,เปรู,1D,ทวีปอเมริกาใต้,12685.0,0.0
2026-01,2026,1,1,287,CY,ไซปรัส,1A,ทวีปเอเชีย,12425.0,0.0
2026-01,2026,1,1,419,PY,ปารากวัย,1D,ทวีปอเมริกาใต้,10530.0,0.0
2026-01,2026,1,1,326,PT,โปรตุเกส,1B,ทวีปยุโรป,5955.0,0.0
2026-01,2026,1,1,296,SA,ซาอุดีอาระเบีย,1A,ทวีปเอเชีย,5264.0,0.0
2026-01,2026,1,1,456,MU,มอริเชียส,1E,ทวีปแอฟริกา,3263.0,0.0
2026-01,2026,1,1,295,QA,กาตาร์,1A,ทวีปเอเชีย,1859.0,0.0
2026-01,2026,1,1,341,KZ,คาซัคสถาน,1A,ทวีปเอเชีย,1553.0,0.0
2026-01,2026,1,1,292,KW,คูเวต,1A,ทวีปเอเชีย,1193.0,0.0
2026-01,2026,1,1,443,GN,กินี,1E,ทวีปแอฟริกา,870.0,0.0
2026-01,2026,1,1,308,MO,มาเก๊า,1A,ทวีปเอเชีย,137.0,0.0
2026-02,2026,2,1,373,US,สหรัฐอเมริกา,1C,ทวีปอเมริกาเหนือ,8573376441.0,0.0
2026-02,2026,2,1,372,MX,เม็กซิโก,1C,ทวีปอเมริกาเหนือ,3298587107.0,0.0
2026-02,2026,2,1,325,NL,เนเธอร์แลนด์,1B,ทวีปยุโรป,1597556113.0,0.0
2026-02,2026,2,1,309,TW,ไต้หวัน,1A,ทวีปเอเชีย,814131132.0,0.0
2026-02,2026,2,1,336,CZ,สาธารณรัฐเช็ก,1B,ทวีปยุโรป,858945832.0,0.0
2026-02,2026,2,1,271,MY,มาเลเซีย,1A,ทวีปเอเชีย,599800244.0,0.0
2026-02,2026,2,1,304,JP,ญี่ปุ่น,1A,ทวีปเอเชีย,432911059.0,0.0
2026-02,2026,2,1,322,IE,ไอร์แลนด์,1B,ทวีปยุโรป,325860206.0,0.0
2026-02,2026,2,1,274,VN,เวียดนาม,1A,ทวีปเอเชีย,275978633.0,0.0
2026-02,2026,2,1,302,CN,จีน,1A,ทวีปเอเชีย,268383092.0,0.0
2026-02,2026,2,1,303,HK,ฮ่องกง,1A,ทวีปเอเชีย,211805736.0,0.0
2026-02,2026,2,1,315,DE,เยอรมนี,1B,ทวีปยุโรป,163917578.0,0.0
2026-02,2026,2,1,279,IN,อินเดีย,1A,ทวีปเอเชีย,102467732.0,0.0
2026-02,2026,2,1,273,SG,สิงคโปร์,1A,ทวีปเอเชีย,148435491.0,0.0
2026-02,2026,2,1,298,TR,ตุรกี,1A,ทวีปเอเชีย,148432040.0,0.0
2026-02,2026,2,1,344,RO,โรมาเนีย,1B,ทวีปยุโรป,83951851.0,0.0
2026-02,2026,2,1,339,HU,ฮังการี,1B,ทวีปยุโรป,115426081.0,0.0
2026-02,2026,2,1,272,PH,ฟิลิปปินส์,1A,ทวีปเอเชีย,107032876.0,0.0
2026-02,2026,2,1,343,PL,โปแลนด์,1B,ทวีปยุโรป,70686451.0,0.0
2026-02,2026,2,1,268,KH,กัมพูชา,1A,ทวีปเอเชีย,50932880.0,0.0
2026-02,2026,2,1,269,LA,สปป. ลาว,1A,ทวีปเอเชีย,39564133.0,0.0
2026-02,2026,2,1,371,CA,แคนาดา,1C,ทวีปอเมริกาเหนือ,39869610.0,0.0
2026-02,2026,2,1,319,FR,ฝรั่งเศส,1B,ทวีปยุโรป,30791438.0,0.0
2026-02,2026,2,1,306,KR,เกาหลีใต้,1A,ทวีปเอเชีย,29342787.0,0.0
2026-02,2026,2,1,478,ZA,แอฟริกาใต้,1E,ทวีปแอฟริกา,22269538.0,0.0
2026-02,2026,2,1,409,BR,บราซิล,1D,ทวีปอเมริกาใต้,27106951.0,0.0
2026-02,2026,2,1,267,ID,อินโดนีเซีย,1A,ทวีปเอเชีย,23259159.0,0.0
2026-02,2026,2,1,320,GB,สหราชอาณาจักร,1B,ทวีปยุโรป,15247991.0,0.0
2026-02,2026,2,1,316,DK,เดนมาร์ก,1B,ทวีปยุโรป,23726568.0,0.0
2026-02,2026,2,1,483,AU,ออสเตรเลีย,1F,ทวีปออสเตรเลีย,29080130.0,0.0
2026-02,2026,2,1,347,SK,สโลวาเกีย,1B,ทวีปยุโรป,6984384.0,0.0
2026-02,2026,2,1,270,MM,เมียนมา,1A,ทวีปเอเชีย,10176932.0,0.0
2026-02,2026,2,1,266,BN,บรูไน,1A,ทวีปเอเชีย,22304737.0,0.0
2026-02,2026,2,1,312,AT,ออสเตรีย,1B,ทวีปยุโรป,12611095.0,0.0
2026-02,2026,2,1,323,IT,อิตาลี,1B,ทวีปยุโรป,15100548.0,0.0
2026-02,2026,2,1,327,SE,สวีเดน,1B,ทวีปยุโรป,5078986.0,0.0
2026-02,2026,2,1,317,ES,สเปน,1B,ทวีปยุโรป,5354285.0,0.0
2026-02,2026,2,1,407,AR,อาร์เจนตินา,1D,ทวีปอเมริกาใต้,6729410.0,0.0
2026-02,2026,2,1,366,NO,นอร์เวย์,1B,ทวีปยุโรป,5942680.0,0.0
2026-02,2026,2,1,346,SI,สโลวีเนีย,1B,ทวีปยุโรป,4536948.0,0.0
2026-02,2026,2,1,356,CH,สวิตเซอร์แลนด์,1B,ทวีปยุโรป,5960378.0,0.0
2026-02,2026,2,1,357,EE,เอสโตเนีย,1B,ทวีปยุโรป,3582892.0,0.0
2026-02,2026,2,1,288,IL,อิสราเอล,1A,ทวีปเอเชีย,5053219.0,0.0
2026-02,2026,2,1,431,CI,โกตดิวัวร์,1E,ทวีปแอฟริกา,0.0,0.0
2026-02,2026,2,1,437,EG,อียิปต์,1E,ทวีปแอฟริกา,4267864.0,0.0
2026-02,2026,2,1,285,AE,สหรัฐอาหรับเอมิเรตส์,1A,ทวีปเอเชีย,691283.0,0.0
2026-02,2026,2,1,476,TZ,แทนซาเนีย,1E,ทวีปแอฟริกา,4268597.0,0.0
2026-02,2026,2,1,345,RU,รัสเซีย,1B,ทวีปยุโรป,387371.0,0.0
2026-02,2026,2,1,452,MA,โมร็อกโก,1E,ทวีปแอฟริกา,2532379.0,0.0
2026-02,2026,2,1,384,DO,สาธารณรัฐโดมินิกัน,1C,ทวีปอเมริกาเหนือ,817051.0,0.0
2026-02,2026,2,1,411,CO,โคลอมเบีย,1D,ทวีปอเมริกาใต้,1094280.0,0.0
2026-02,2026,2,1,313,BE,เบลเยียม,1B,ทวีปยุโรป,885882.0,0.0
2026-02,2026,2,1,281,MV,มัลดีฟส์,1A,ทวีปเอเชีย,1190559.0,0.0
2026-02,2026,2,1,283,PK,ปากีสถาน,1A,ทวีปเอเชีย,765726.0,0.0
2026-02,2026,2,1,479,ZM,แซมเบีย,1E,ทวีปแอฟริกา,912977.0,0.0
2026-02,2026,2,1,296,SA,ซาอุดีอาระเบีย,1A,ทวีปเอเชีย,904570.0,0.0
2026-02,2026,2,1,280,LK,ศรีลังกา,1A,ทวีปเอเชีย,400927.0,0.0
2026-02,2026,2,1,290,IR,อิหร่าน,1A,ทวีปเอเชีย,661215.0,0.0
2026-02,2026,2,1,497,NZ,นิวซีแลนด์,1F,ทวีปออสเตรเลีย,251565.0,0.0
2026-02,2026,2,1,326,PT,โปรตุเกส,1B,ทวีปยุโรป,531514.0,0.0
2026-02,2026,2,1,469,SN,เซเนกัล,1E,ทวีปแอฟริกา,0.0,0.0
2026-02,2026,2,1,282,NP,เนปาล,1A,ทวีปเอเชีย,289303.0,0.0
2026-02,2026,2,1,447,KE,เคนยา,1E,ทวีปแอฟริกา,281073.0,0.0
2026-02,2026,2,1,410,CL,ชิลี,1D,ทวีปอเมริกาใต้,4585.0,0.0
2026-02,2026,2,1,277,BD,บังกลาเทศ,1A,ทวีปเอเชีย,118540.0,0.0
2026-02,2026,2,1,318,FI,ฟินแลนด์,1B,ทวีปยุโรป,5774.0,0.0
2026-02,2026,2,1,417,PE,เปรู,1D,ทวีปอเมริกาใต้,152035.0,0.0
2026-02,2026,2,1,475,TN,ตูนิเซีย,1E,ทวีปแอฟริกา,125313.0,0.0
2026-02,2026,2,1,441,GH,กานา,1E,ทวีปแอฟริกา,111873.0,0.0
2026-02,2026,2,1,286,BH,บาห์เรน,1A,ทวีปเอเชีย,99192.0,0.0
2026-02,2026,2,1,465,SC,เซเชลส์,1E,ทวีปแอฟริกา,2290.0,0.0
2026-02,2026,2,1,422,VE,เวเนซุเอลา,1D,ทวีปอเมริกาใต้,74519.0,0.0
2026-02,2026,2,1,421,UY,อุรุกวัย,1D,ทวีปอเมริกาใต้,0.0,0.0
2026-02,2026,2,1,321,GR,กรีซ,1B,ทวีปยุโรป,23185.0,0.0
2026-02,2026,2,1,397,PA,ปานามา,1C,ทวีปอเมริกาเหนือ,21553.0,0.0
2026-02,2026,2,1,499,PG,ปาปัวนิวกินี,1F,ทวีปออสเตรเลีย,0.0,0.0
2026-02,2026,2,1,295,QA,กาตาร์,1A,ทวีปเอเชีย,37484.0,0.0
2026-02,2026,2,1,436,DZ,แอลจีเรีย,1E,ทวีปแอฟริกา,0.0,0.0
2026-02,2026,2,1,308,MO,มาเก๊า,1A,ทวีปเอเชีย,26768.0,0.0
2026-02,2026,2,1,419,PY,ปารากวัย,1D,ทวีปอเมริกาใต้,10378.0,0.0
2026-02,2026,2,1,415,GY,กายอานา,1D,ทวีปอเมริกาใต้,0.0,0.0
2026-02,2026,2,1,363,LV,ลัตเวีย,1B,ทวีปยุโรป,0.0,0.0
2026-02,2026,2,1,287,CY,ไซปรัส,1A,ทวีปเอเชีย,0.0,0.0
2026-02,2026,2,1,351,UA,ยูเครน,1B,ทวีปยุโรป,6108.0,0.0
2026-02,2026,2,1,456,MU,มอริเชียส,1E,ทวีปแอฟริกา,0.0,0.0
2026-02,2026,2,1,341,KZ,คาซัคสถาน,1A,ทวีปเอเชีย,0.0,0.0
2026-02,2026,2,1,381,CR,คอสตาริกา,1C,ทวีปอเมริกาเหนือ,1313.0,0.0
2026-02,2026,2,1,292,KW,คูเวต,1A,ทวีปเอเชีย,0.0,0.0
2026-02,2026,2,1,443,GN,กินี,1E,ทวีปแอฟริกา,0.0,0.0
2026-03,2026,3,1,373,US,สหรัฐอเมริกา,1C,ทวีปอเมริกาเหนือ,9275509282.0,0.0
2026-03,2026,3,1,372,MX,เม็กซิโก,1C,ทวีปอเมริกาเหนือ,2962709739.0,0.0
2026-03,2026,3,1,325,NL,เนเธอร์แลนด์,1B,ทวีปยุโรป,1853557772.0,0.0
2026-03,2026,3,1,309,TW,ไต้หวัน,1A,ทวีปเอเชีย,677463822.0,0.0
2026-03,2026,3,1,336,CZ,สาธารณรัฐเช็ก,1B,ทวีปยุโรป,866393596.0,0.0
2026-03,2026,3,1,271,MY,มาเลเซีย,1A,ทวีปเอเชีย,559841980.0,0.0
2026-03,2026,3,1,304,JP,ญี่ปุ่น,1A,ทวีปเอเชีย,602432108.0,0.0
2026-03,2026,3,1,274,VN,เวียดนาม,1A,ทวีปเอเชีย,348597154.0,0.0
2026-03,2026,3,1,302,CN,จีน,1A,ทวีปเอเชีย,351023274.0,0.0
2026-03,2026,3,1,322,IE,ไอร์แลนด์,1B,ทวีปยุโรป,8772543.0,0.0
2026-03,2026,3,1,303,HK,ฮ่องกง,1A,ทวีปเอเชีย,257327296.0,0.0
2026-03,2026,3,1,279,IN,อินเดีย,1A,ทวีปเอเชีย,277360197.0,0.0
2026-03,2026,3,1,315,DE,เยอรมนี,1B,ทวีปยุโรป,203521306.0,0.0
2026-03,2026,3,1,273,SG,สิงคโปร์,1A,ทวีปเอเชีย,187098175.0,0.0
2026-03,2026,3,1,298,TR,ตุรกี,1A,ทวีปเอเชีย,105838217.0,0.0
2026-03,2026,3,1,344,RO,โรมาเนีย,1B,ทวีปยุโรป,90886664.0,0.0
2026-03,2026,3,1,343,PL,โปแลนด์,1B,ทวีปยุโรป,119244928.0,0.0
2026-03,2026,3,1,339,HU,ฮังการี,1B,ทวีปยุโรป,78266685.0,0.0
2026-03,2026,3,1,272,PH,ฟิลิปปินส์,1A,ทวีปเอเชีย,35139658.0,0.0
2026-03,2026,3,1,268,KH,กัมพูชา,1A,ทวีปเอเชีย,29247656.0,0.0
2026-03,2026,3,1,269,LA,สปป. ลาว,1A,ทวีปเอเชีย,52431033.0,0.0
2026-03,2026,3,1,306,KR,เกาหลีใต้,1A,ทวีปเอเชีย,33378879.0,0.0
2026-03,2026,3,1,371,CA,แคนาดา,1C,ทวีปอเมริกาเหนือ,23781881.0,0.0
2026-03,2026,3,1,319,FR,ฝรั่งเศส,1B,ทวีปยุโรป,18579814.0,0.0
2026-03,2026,3,1,270,MM,เมียนมา,1A,ทวีปเอเชีย,45983085.0,0.0
2026-03,2026,3,1,320,GB,สหราชอาณาจักร,1B,ทวีปยุโรป,29454645.0,0.0
2026-03,2026,3,1,267,ID,อินโดนีเซีย,1A,ทวีปเอเชีย,28271897.0,0.0
2026-03,2026,3,1,483,AU,ออสเตรเลีย,1F,ทวีปออสเตรเลีย,29093962.0,0.0
2026-03,2026,3,1,316,DK,เดนมาร์ก,1B,ทวีปยุโรป,22864763.0,0.0
2026-03,2026,3,1,478,ZA,แอฟริกาใต้,1E,ทวีปแอฟริกา,8403004.0,0.0
2026-03,2026,3,1,409,BR,บราซิล,1D,ทวีปอเมริกาใต้,11875016.0,0.0
2026-03,2026,3,1,347,SK,สโลวาเกีย,1B,ทวีปยุโรป,19021597.0,0.0
2026-03,2026,3,1,312,AT,ออสเตรีย,1B,ทวีปยุโรป,22254964.0,0.0
2026-03,2026,3,1,323,IT,อิตาลี,1B,ทวีปยุโรป,15469772.0,0.0
2026-03,2026,3,1,266,BN,บรูไน,1A,ทวีปเอเชีย,5845058.0,0.0
2026-03,2026,3,1,407,AR,อาร์เจนตินา,1D,ทวีปอเมริกาใต้,14087029.0,0.0
2026-03,2026,3,1,327,SE,สวีเดน,1B,ทวีปยุโรป,6509780.0,0.0
2026-03,2026,3,1,317,ES,สเปน,1B,ทวีปยุโรป,7633735.0,0.0
2026-03,2026,3,1,366,NO,นอร์เวย์,1B,ทวีปยุโรป,4534512.0,0.0
2026-03,2026,3,1,346,SI,สโลวีเนีย,1B,ทวีปยุโรป,4552838.0,0.0
2026-03,2026,3,1,356,CH,สวิตเซอร์แลนด์,1B,ทวีปยุโรป,2278165.0,0.0
2026-03,2026,3,1,280,LK,ศรีลังกา,1A,ทวีปเอเชีย,8139595.0,0.0
2026-03,2026,3,1,288,IL,อิสราเอล,1A,ทวีปเอเชีย,2238026.0,0.0
2026-03,2026,3,1,431,CI,โกตดิวัวร์,1E,ทวีปแอฟริกา,2147888.0,0.0
2026-03,2026,3,1,357,EE,เอสโตเนีย,1B,ทวีปยุโรป,196.0,0.0
2026-03,2026,3,1,437,EG,อียิปต์,1E,ทวีปแอฟริกา,0.0,0.0
2026-03,2026,3,1,285,AE,สหรัฐอาหรับเอมิเรตส์,1A,ทวีปเอเชีย,80617.0,0.0
2026-03,2026,3,1,345,RU,รัสเซีย,1B,ทวีปยุโรป,880705.0,0.0
2026-03,2026,3,1,476,TZ,แทนซาเนีย,1E,ทวีปแอฟริกา,0.0,0.0
2026-03,2026,3,1,384,DO,สาธารณรัฐโดมินิกัน,1C,ทวีปอเมริกาเหนือ,1269380.0,0.0
2026-03,2026,3,1,452,MA,โมร็อกโก,1E,ทวีปแอฟริกา,0.0,0.0
2026-03,2026,3,1,283,PK,ปากีสถาน,1A,ทวีปเอเชีย,1154084.0,0.0
2026-03,2026,3,1,411,CO,โคลอมเบีย,1D,ทวีปอเมริกาใต้,362879.0,0.0
2026-03,2026,3,1,313,BE,เบลเยียม,1B,ทวีปยุโรป,378487.0,0.0
2026-03,2026,3,1,281,MV,มัลดีฟส์,1A,ทวีปเอเชีย,261563.0,0.0
2026-03,2026,3,1,277,BD,บังกลาเทศ,1A,ทวีปเอเชีย,799750.0,0.0
2026-03,2026,3,1,497,NZ,นิวซีแลนด์,1F,ทวีปออสเตรเลีย,390617.0,0.0
2026-03,2026,3,1,296,SA,ซาอุดีอาระเบีย,1A,ทวีปเอเชีย,13811.0,0.0
2026-03,2026,3,1,479,ZM,แซมเบีย,1E,ทวีปแอฟริกา,0.0,0.0
2026-03,2026,3,1,474,TG,โตโก,1E,ทวีปแอฟริกา,853830.0,0.0
2026-03,2026,3,1,326,PT,โปรตุเกส,1B,ทวีปยุโรป,169676.0,0.0
2026-03,2026,3,1,290,IR,อิหร่าน,1A,ทวีปเอเชีย,0.0,0.0
2026-03,2026,3,1,469,SN,เซเนกัล,1E,ทวีปแอฟริกา,0.0,0.0
2026-03,2026,3,1,318,FI,ฟินแลนด์,1B,ทวีปยุโรป,334461.0,0.0
2026-03,2026,3,1,282,NP,เนปาล,1A,ทวีปเอเชีย,0.0,0.0
2026-03,2026,3,1,447,KE,เคนยา,1E,ทวีปแอฟริกา,4168.0,0.0
2026-03,2026,3,1,410,CL,ชิลี,1D,ทวีปอเมริกาใต้,0.0,0.0
2026-03,2026,3,1,499,PG,ปาปัวนิวกินี,1F,ทวีปออสเตรเลีย,203014.0,0.0
2026-03,2026,3,1,417,PE,เปรู,1D,ทวีปอเมริกาใต้,677.0,0.0
2026-03,2026,3,1,475,TN,ตูนิเซีย,1E,ทวีปแอฟริกา,40056.0,0.0
2026-03,2026,3,1,397,PA,ปานามา,1C,ทวีปอเมริกาเหนือ,63707.0,0.0
2026-03,2026,3,1,441,GH,กานา,1E,ทวีปแอฟริกา,0.0,0.0
2026-03,2026,3,1,286,BH,บาห์เรน,1A,ทวีปเอเชีย,5352.0,0.0
2026-03,2026,3,1,465,SC,เซเชลส์,1E,ทวีปแอฟริกา,10080.0,0.0
2026-03,2026,3,1,422,VE,เวเนซุเอลา,1D,ทวีปอเมริกาใต้,0.0,0.0
2026-03,2026,3,1,421,UY,อุรุกวัย,1D,ทวีปอเมริกาใต้,0.0,0.0
2026-03,2026,3,1,321,GR,กรีซ,1B,ทวีปยุโรป,0.0,0.0
2026-03,2026,3,1,415,GY,กายอานา,1D,ทวีปอเมริกาใต้,32421.0,0.0
2026-03,2026,3,1,295,QA,กาตาร์,1A,ทวีปเอเชีย,0.0,0.0
2026-03,2026,3,1,436,DZ,แอลจีเรีย,1E,ทวีปแอฟริกา,0.0,0.0
2026-03,2026,3,1,308,MO,มาเก๊า,1A,ทวีปเอเชีย,3266.0,0.0
2026-03,2026,3,1,419,PY,ปารากวัย,1D,ทวีปอเมริกาใต้,0.0,0.0
2026-03,2026,3,1,363,LV,ลัตเวีย,1B,ทวีปยุโรป,0.0,0.0
2026-03,2026,3,1,287,CY,ไซปรัส,1A,ทวีปเอเชีย,0.0,0.0
2026-03,2026,3,1,351,UA,ยูเครน,1B,ทวีปยุโรป,0.0,0.0
2026-03,2026,3,1,420,SR,ซูรินาเม,1D,ทวีปอเมริกาใต้,4961.0,0.0
2026-03,2026,3,1,294,OM,โอมาน,1A,ทวีปเอเชีย,4460.0,0.0
2026-03,2026,3,1,461,NG,ไนจีเรีย,1E,ทวีปแอฟริกา,3440.0,0.0
2026-03,2026,3,1,456,MU,มอริเชียส,1E,ทวีปแอฟริกา,0.0,0.0
2026-03,2026,3,1,341,KZ,คาซัคสถาน,1A,ทวีปเอเชีย,1547.0,0.0
2026-03,2026,3,1,337,GE,จอร์เจีย,1A,ทวีปเอเชีย,2650.0,0.0
2026-03,2026,3,1,381,CR,คอสตาริกา,1C,ทวีปอเมริกาเหนือ,0.0,0.0
2026-03,2026,3,1,292,KW,คูเวต,1A,ทวีปเอเชีย,0.0,0.0
2026-03,2026,3,1,443,GN,กินี,1E,ทวีปแอฟริกา,0.0,0.0
2026-03,2026,3,1,498,PF,เฟรนช์โปลีนีเซีย,1F,ทวีปออสเตรเลีย,247.0,0.0
2026-04,2026,4,2,373,US,สหรัฐอเมริกา,1C,ทวีปอเมริกาเหนือ,8691178658.0,0.0
2026-04,2026,4,2,372,MX,เม็กซิโก,1C,ทวีปอเมริกาเหนือ,3460933014.0,0.0
2026-04,2026,4,2,325,NL,เนเธอร์แลนด์,1B,ทวีปยุโรป,750778949.0,0.0
2026-04,2026,4,2,309,TW,ไต้หวัน,1A,ทวีปเอเชีย,697862732.0,0.0
2026-04,2026,4,2,336,CZ,สาธารณรัฐเช็ก,1B,ทวีปยุโรป,407030277.0,0.0
2026-04,2026,4,2,271,MY,มาเลเซีย,1A,ทวีปเอเชีย,717929091.0,0.0
2026-04,2026,4,2,304,JP,ญี่ปุ่น,1A,ทวีปเอเชีย,388770502.0,0.0
2026-04,2026,4,2,274,VN,เวียดนาม,1A,ทวีปเอเชีย,398124098.0,0.0
2026-04,2026,4,2,273,SG,สิงคโปร์,1A,ทวีปเอเชีย,828490339.0,0.0
2026-04,2026,4,2,302,CN,จีน,1A,ทวีปเอเชีย,336888204.0,0.0
2026-04,2026,4,2,303,HK,ฮ่องกง,1A,ทวีปเอเชีย,190662582.0,0.0
2026-04,2026,4,2,322,IE,ไอร์แลนด์,1B,ทวีปยุโรป,116640702.0,0.0
2026-04,2026,4,2,315,DE,เยอรมนี,1B,ทวีปยุโรป,225529033.0,0.0
2026-04,2026,4,2,279,IN,อินเดีย,1A,ทวีปเอเชีย,177177023.0,0.0
2026-04,2026,4,2,298,TR,ตุรกี,1A,ทวีปเอเชีย,138474709.0,0.0
2026-04,2026,4,2,343,PL,โปแลนด์,1B,ทวีปยุโรป,151977216.0,0.0
2026-04,2026,4,2,344,RO,โรมาเนีย,1B,ทวีปยุโรป,65075304.0,0.0
2026-04,2026,4,2,339,HU,ฮังการี,1B,ทวีปยุโรป,128483715.0,0.0
2026-04,2026,4,2,319,FR,ฝรั่งเศส,1B,ทวีปยุโรป,110848287.0,0.0
2026-04,2026,4,2,272,PH,ฟิลิปปินส์,1A,ทวีปเอเชีย,32784779.0,0.0
2026-04,2026,4,2,268,KH,กัมพูชา,1A,ทวีปเอเชีย,32146724.0,0.0
2026-04,2026,4,2,269,LA,สปป. ลาว,1A,ทวีปเอเชีย,31538026.0,0.0
2026-04,2026,4,2,306,KR,เกาหลีใต้,1A,ทวีปเอเชีย,28255895.0,0.0
2026-04,2026,4,2,270,MM,เมียนมา,1A,ทวีปเอเชีย,25213860.0,0.0
2026-04,2026,4,2,320,GB,สหราชอาณาจักร,1B,ทวีปยุโรป,24842491.0,0.0
2026-04,2026,4,2,371,CA,แคนาดา,1C,ทวีปอเมริกาเหนือ,9424872.0,0.0
2026-04,2026,4,2,316,DK,เดนมาร์ก,1B,ทวีปยุโรป,27190708.0,0.0
2026-04,2026,4,2,267,ID,อินโดนีเซีย,1A,ทวีปเอเชีย,20032595.0,0.0
2026-04,2026,4,2,483,AU,ออสเตรเลีย,1F,ทวีปออสเตรเลีย,16824966.0,0.0
2026-04,2026,4,2,478,ZA,แอฟริกาใต้,1E,ทวีปแอฟริกา,21837156.0,0.0
2026-04,2026,4,2,409,BR,บราซิล,1D,ทวีปอเมริกาใต้,16150500.0,0.0
2026-04,2026,4,2,347,SK,สโลวาเกีย,1B,ทวีปยุโรป,17385694.0,0.0
2026-04,2026,4,2,312,AT,ออสเตรีย,1B,ทวีปยุโรป,11541451.0,0.0
2026-04,2026,4,2,323,IT,อิตาลี,1B,ทวีปยุโรป,11099186.0,0.0
2026-04,2026,4,2,407,AR,อาร์เจนตินา,1D,ทวีปอเมริกาใต้,13934944.0,0.0
2026-04,2026,4,2,317,ES,สเปน,1B,ทวีปยุโรป,14321832.0,0.0
2026-04,2026,4,2,266,BN,บรูไน,1A,ทวีปเอเชีย,0.0,0.0
2026-04,2026,4,2,327,SE,สวีเดน,1B,ทวีปยุโรป,10719988.0,0.0
2026-04,2026,4,2,366,NO,นอร์เวย์,1B,ทวีปยุโรป,3379196.0,0.0
2026-04,2026,4,2,356,CH,สวิตเซอร์แลนด์,1B,ทวีปยุโรป,7323389.0,0.0
2026-04,2026,4,2,346,SI,สโลวีเนีย,1B,ทวีปยุโรป,196236.0,0.0
2026-04,2026,4,2,288,IL,อิสราเอล,1A,ทวีปเอเชีย,2092742.0,0.0
2026-04,2026,4,2,280,LK,ศรีลังกา,1A,ทวีปเอเชีย,714738.0,0.0
2026-04,2026,4,2,431,CI,โกตดิวัวร์,1E,ทวีปแอฟริกา,1358955.0,0.0
2026-04,2026,4,2,357,EE,เอสโตเนีย,1B,ทวีปยุโรป,981986.0,0.0
2026-04,2026,4,2,285,AE,สหรัฐอาหรับเอมิเรตส์,1A,ทวีปเอเชีย,2649740.0,0.0
2026-04,2026,4,2,437,EG,อียิปต์,1E,ทวีปแอฟริกา,754758.0,0.0
2026-04,2026,4,2,345,RU,รัสเซีย,1B,ทวีปยุโรป,1672748.0,0.0
2026-04,2026,4,2,476,TZ,แทนซาเนีย,1E,ทวีปแอฟริกา,348170.0,0.0
2026-04,2026,4,2,384,DO,สาธารณรัฐโดมินิกัน,1C,ทวีปอเมริกาเหนือ,0.0,0.0
2026-04,2026,4,2,283,PK,ปากีสถาน,1A,ทวีปเอเชีย,660726.0,0.0
2026-04,2026,4,2,452,MA,โมร็อกโก,1E,ทวีปแอฟริกา,77186.0,0.0
2026-04,2026,4,2,313,BE,เบลเยียม,1B,ทวีปยุโรป,892565.0,0.0
2026-04,2026,4,2,277,BD,บังกลาเทศ,1A,ทวีปเอเชีย,1501178.0,0.0
2026-04,2026,4,2,411,CO,โคลอมเบีย,1D,ทวีปอเมริกาใต้,291679.0,0.0
2026-04,2026,4,2,497,NZ,นิวซีแลนด์,1F,ทวีปออสเตรเลีย,690726.0,0.0
2026-04,2026,4,2,281,MV,มัลดีฟส์,1A,ทวีปเอเชีย,18414.0,0.0
2026-04,2026,4,2,321,GR,กรีซ,1B,ทวีปยุโรป,1079043.0,0.0
2026-04,2026,4,2,326,PT,โปรตุเกส,1B,ทวีปยุโรป,332418.0,0.0
2026-04,2026,4,2,318,FI,ฟินแลนด์,1B,ทวีปยุโรป,512909.0,0.0
2026-04,2026,4,2,296,SA,ซาอุดีอาระเบีย,1A,ทวีปเอเชีย,5392.0,0.0
2026-04,2026,4,2,479,ZM,แซมเบีย,1E,ทวีปแอฟริกา,0.0,0.0
2026-04,2026,4,2,474,TG,โตโก,1E,ทวีปแอฟริกา,0.0,0.0
2026-04,2026,4,2,290,IR,อิหร่าน,1A,ทวีปเอเชีย,0.0,0.0
2026-04,2026,4,2,469,SN,เซเนกัล,1E,ทวีปแอฟริกา,0.0,0.0
2026-04,2026,4,2,410,CL,ชิลี,1D,ทวีปอเมริกาใต้,59072.0,0.0
2026-04,2026,4,2,499,PG,ปาปัวนิวกินี,1F,ทวีปออสเตรเลีย,57778.0,0.0
2026-04,2026,4,2,282,NP,เนปาล,1A,ทวีปเอเชีย,0.0,0.0
2026-04,2026,4,2,447,KE,เคนยา,1E,ทวีปแอฟริกา,0.0,0.0
2026-04,2026,4,2,475,TN,ตูนิเซีย,1E,ทวีปแอฟริกา,83284.0,0.0
2026-04,2026,4,2,399,SV,เอลซัลวาดอร์,1C,ทวีปอเมริกาเหนือ,242778.0,0.0
2026-04,2026,4,2,397,PA,ปานามา,1C,ทวีปอเมริกาเหนือ,121790.0,0.0
2026-04,2026,4,2,417,PE,เปรู,1D,ทวีปอเมริกาใต้,24479.0,0.0
2026-04,2026,4,2,421,UY,อุรุกวัย,1D,ทวีปอเมริกาใต้,104909.0,0.0
2026-04,2026,4,2,441,GH,กานา,1E,ทวีปแอฟริกา,0.0,0.0
2026-04,2026,4,2,286,BH,บาห์เรน,1A,ทวีปเอเชีย,225.0,0.0
2026-04,2026,4,2,465,SC,เซเชลส์,1E,ทวีปแอฟริกา,0.0,0.0
2026-04,2026,4,2,330,AL,แอลเบเนีย,1B,ทวีปยุโรป,91374.0,0.0
2026-04,2026,4,2,422,VE,เวเนซุเอลา,1D,ทวีปอเมริกาใต้,0.0,0.0
2026-04,2026,4,2,415,GY,กายอานา,1D,ทวีปอเมริกาใต้,0.0,0.0
2026-04,2026,4,2,295,QA,กาตาร์,1A,ทวีปเอเชีย,1583.0,0.0
2026-04,2026,4,2,398,PR,เปอร์โตริโก,1C,ทวีปอเมริกาเหนือ,37860.0,0.0
2026-04,2026,4,2,436,DZ,แอลจีเรีย,1E,ทวีปแอฟริกา,0.0,0.0
2026-04,2026,4,2,419,PY,ปารากวัย,1D,ทวีปอเมริกาใต้,11657.0,0.0
2026-04,2026,4,2,308,MO,มาเก๊า,1A,ทวีปเอเชีย,0.0,0.0
2026-04,2026,4,2,363,LV,ลัตเวีย,1B,ทวีปยุโรป,0.0,0.0
2026-04,2026,4,2,287,CY,ไซปรัส,1A,ทวีปเอเชีย,0.0,0.0
2026-04,2026,4,2,351,UA,ยูเครน,1B,ทวีปยุโรป,0.0,0.0
2026-04,2026,4,2,420,SR,ซูรินาเม,1D,ทวีปอเมริกาใต้,0.0,0.0
2026-04,2026,4,2,406,AG,แอนติกัวและบาร์บูดา,1C,ทวีปอเมริกาเหนือ,4922.0,0.0
2026-04,2026,4,2,294,OM,โอมาน,1A,ทวีปเอเชีย,0.0,0.0
2026-04,2026,4,2,498,PF,เฟรนช์โปลีนีเซีย,1F,ทวีปออสเตรเลีย,3242.0,0.0
2026-04,2026,4,2,461,NG,ไนจีเรีย,1E,ทวีปแอฟริกา,0.0,0.0
2026-04,2026,4,2,456,MU,มอริเชียส,1E,ทวีปแอฟริกา,0.0,0.0
2026-04,2026,4,2,341,KZ,คาซัคสถาน,1A,ทวีปเอเชีย,0.0,0.0
2026-04,2026,4,2,337,GE,จอร์เจีย,1A,ทวีปเอเชีย,0.0,0.0
2026-04,2026,4,2,292,KW,คูเวต,1A,ทวีปเอเชีย,714.0,0.0
2026-04,2026,4,2,381,CR,คอสตาริกา,1C,ทวีปอเมริกาเหนือ,0.0,0.0
2026-04,2026,4,2,443,GN,กินี,1E,ทวีปแอฟริกา,0.0,0.0
2026-04,2026,4,2,324,LU,ลักเซมเบิร์ก,1B,ทวีปยุโรป,188.0,0.0
2026-04,2026,4,2,307,MN,มองโกเลีย,1A,ทวีปเอเชีย,85.0,0.0
2026-05,2026,5,2,373,US,สหรัฐอเมริกา,1C,ทวีปอเมริกาเหนือ,9599124475.0,0.0
2026-05,2026,5,2,372,MX,เม็กซิโก,1C,ทวีปอเมริกาเหนือ,3833494895.0,0.0
2026-05,2026,5,2,325,NL,เนเธอร์แลนด์,1B,ทวีปยุโรป,1391521976.0,0.0
2026-05,2026,5,2,309,TW,ไต้หวัน,1A,ทวีปเอเชีย,585193535.0,0.0
2026-05,2026,5,2,271,MY,มาเลเซีย,1A,ทวีปเอเชีย,1104655969.0,0.0
2026-05,2026,5,2,336,CZ,สาธารณรัฐเช็ก,1B,ทวีปยุโรป,237395705.0,0.0
2026-05,2026,5,2,304,JP,ญี่ปุ่น,1A,ทวีปเอเชีย,406870957.0,0.0
2026-05,2026,5,2,274,VN,เวียดนาม,1A,ทวีปเอเชีย,341572069.0,0.0
2026-05,2026,5,2,302,CN,จีน,1A,ทวีปเอเชีย,339649393.0,0.0
2026-05,2026,5,2,273,SG,สิงคโปร์,1A,ทวีปเอเชีย,238208343.0,0.0
2026-05,2026,5,2,322,IE,ไอร์แลนด์,1B,ทวีปยุโรป,272417512.0,0.0
2026-05,2026,5,2,303,HK,ฮ่องกง,1A,ทวีปเอเชีย,212767748.0,0.0
2026-05,2026,5,2,279,IN,อินเดีย,1A,ทวีปเอเชีย,219651245.0,0.0
2026-05,2026,5,2,315,DE,เยอรมนี,1B,ทวีปยุโรป,116930608.0,0.0
2026-05,2026,5,2,298,TR,ตุรกี,1A,ทวีปเอเชีย,89829477.0,0.0
2026-05,2026,5,2,343,PL,โปแลนด์,1B,ทวีปยุโรป,68119367.0,0.0
2026-05,2026,5,2,344,RO,โรมาเนีย,1B,ทวีปยุโรป,101126183.0,0.0
2026-05,2026,5,2,339,HU,ฮังการี,1B,ทวีปยุโรป,63497011.0,0.0
2026-05,2026,5,2,319,FR,ฝรั่งเศส,1B,ทวีปยุโรป,35645432.0,0.0
2026-05,2026,5,2,272,PH,ฟิลิปปินส์,1A,ทวีปเอเชีย,23768407.0,0.0
2026-05,2026,5,2,268,KH,กัมพูชา,1A,ทวีปเอเชีย,32854234.0,0.0
2026-05,2026,5,2,269,LA,สปป. ลาว,1A,ทวีปเอเชีย,28700834.0,0.0
2026-05,2026,5,2,270,MM,เมียนมา,1A,ทวีปเอเชีย,71469688.0,0.0
2026-05,2026,5,2,320,GB,สหราชอาณาจักร,1B,ทวีปยุโรป,62985198.0,0.0
2026-05,2026,5,2,306,KR,เกาหลีใต้,1A,ทวีปเอเชีย,31099529.0,0.0
2026-05,2026,5,2,316,DK,เดนมาร์ก,1B,ทวีปยุโรป,22863382.0,0.0
2026-05,2026,5,2,267,ID,อินโดนีเซีย,1A,ทวีปเอเชีย,17267932.0,0.0
2026-05,2026,5,2,347,SK,สโลวาเกีย,1B,ทวีปยุโรป,36850419.0,0.0
2026-05,2026,5,2,323,IT,อิตาลี,1B,ทวีปยุโรป,55434447.0,0.0
2026-05,2026,5,2,478,ZA,แอฟริกาใต้,1E,ทวีปแอฟริกา,17728853.0,0.0
2026-05,2026,5,2,371,CA,แคนาดา,1C,ทวีปอเมริกาเหนือ,3392801.0,0.0
2026-05,2026,5,2,483,AU,ออสเตรเลีย,1F,ทวีปออสเตรเลีย,6272884.0,0.0
2026-05,2026,5,2,409,BR,บราซิล,1D,ทวีปอเมริกาใต้,15839304.0,0.0
2026-05,2026,5,2,312,AT,ออสเตรีย,1B,ทวีปยุโรป,5354125.0,0.0
2026-05,2026,5,2,407,AR,อาร์เจนตินา,1D,ทวีปอเมริกาใต้,4812483.0,0.0
2026-05,2026,5,2,317,ES,สเปน,1B,ทวีปยุโรป,7560727.0,0.0
2026-05,2026,5,2,266,BN,บรูไน,1A,ทวีปเอเชีย,8682593.0,0.0
2026-05,2026,5,2,327,SE,สวีเดน,1B,ทวีปยุโรป,5815763.0,0.0
2026-05,2026,5,2,356,CH,สวิตเซอร์แลนด์,1B,ทวีปยุโรป,2368340.0,0.0
2026-05,2026,5,2,366,NO,นอร์เวย์,1B,ทวีปยุโรป,537559.0,0.0
2026-05,2026,5,2,346,SI,สโลวีเนีย,1B,ทวีปยุโรป,4622544.0,0.0
2026-05,2026,5,2,288,IL,อิสราเอล,1A,ทวีปเอเชีย,2324989.0,0.0
2026-05,2026,5,2,357,EE,เอสโตเนีย,1B,ทวีปยุโรป,4799058.0,0.0
2026-05,2026,5,2,280,LK,ศรีลังกา,1A,ทวีปเอเชีย,156882.0,0.0
2026-05,2026,5,2,431,CI,โกตดิวัวร์,1E,ทวีปแอฟริกา,0.0,0.0
2026-05,2026,5,2,285,AE,สหรัฐอาหรับเอมิเรตส์,1A,ทวีปเอเชีย,920124.0,0.0
2026-05,2026,5,2,476,TZ,แทนซาเนีย,1E,ทวีปแอฟริกา,2743895.0,0.0
2026-05,2026,5,2,437,EG,อียิปต์,1E,ทวีปแอฟริกา,336911.0,0.0
2026-05,2026,5,2,345,RU,รัสเซีย,1B,ทวีปยุโรป,313551.0,0.0
2026-05,2026,5,2,479,ZM,แซมเบีย,1E,ทวีปแอฟริกา,3317341.0,0.0
2026-05,2026,5,2,384,DO,สาธารณรัฐโดมินิกัน,1C,ทวีปอเมริกาเหนือ,584387.0,0.0
2026-05,2026,5,2,313,BE,เบลเยียม,1B,ทวีปยุโรป,1134883.0,0.0
2026-05,2026,5,2,283,PK,ปากีสถาน,1A,ทวีปเอเชีย,240813.0,0.0
2026-05,2026,5,2,452,MA,โมร็อกโก,1E,ทวีปแอฟริกา,261544.0,0.0
2026-05,2026,5,2,461,NG,ไนจีเรีย,1E,ทวีปแอฟริกา,2687493.0,0.0
2026-05,2026,5,2,277,BD,บังกลาเทศ,1A,ทวีปเอเชีย,0.0,0.0
2026-05,2026,5,2,497,NZ,นิวซีแลนด์,1F,ทวีปออสเตรเลีย,571131.0,0.0
2026-05,2026,5,2,411,CO,โคลอมเบีย,1D,ทวีปอเมริกาใต้,0.0,0.0
2026-05,2026,5,2,281,MV,มัลดีฟส์,1A,ทวีปเอเชีย,149620.0,0.0
2026-05,2026,5,2,318,FI,ฟินแลนด์,1B,ทวีปยุโรป,311493.0,0.0
2026-05,2026,5,2,321,GR,กรีซ,1B,ทวีปยุโรป,60984.0,0.0
2026-05,2026,5,2,326,PT,โปรตุเกส,1B,ทวีปยุโรป,153139.0,0.0
2026-05,2026,5,2,296,SA,ซาอุดีอาระเบีย,1A,ทวีปเอเชีย,34198.0,0.0
2026-05,2026,5,2,474,TG,โตโก,1E,ทวีปแอฟริกา,0.0,0.0
2026-05,2026,5,2,441,GH,กานา,1E,ทวีปแอฟริกา,624234.0,0.0
2026-05,2026,5,2,290,IR,อิหร่าน,1A,ทวีปเอเชีย,43381.0,0.0
2026-05,2026,5,2,410,CL,ชิลี,1D,ทวีปอเมริกาใต้,223135.0,0.0
2026-05,2026,5,2,469,SN,เซเนกัล,1E,ทวีปแอฟริกา,0.0,0.0
2026-05,2026,5,2,417,PE,เปรู,1D,ทวีปอเมริกาใต้,223259.0,0.0
2026-05,2026,5,2,499,PG,ปาปัวนิวกินี,1F,ทวีปออสเตรเลีย,81127.0,0.0
2026-05,2026,5,2,282,NP,เนปาล,1A,ทวีปเอเชีย,0.0,0.0
2026-05,2026,5,2,447,KE,เคนยา,1E,ทวีปแอฟริกา,0.0,0.0
2026-05,2026,5,2,475,TN,ตูนิเซีย,1E,ทวีปแอฟริกา,0.0,0.0
2026-05,2026,5,2,399,SV,เอลซัลวาดอร์,1C,ทวีปอเมริกาเหนือ,0.0,0.0
2026-05,2026,5,2,397,PA,ปานามา,1C,ทวีปอเมริกาเหนือ,1180.0,0.0
2026-05,2026,5,2,421,UY,อุรุกวัย,1D,ทวีปอเมริกาใต้,0.0,0.0
2026-05,2026,5,2,286,BH,บาห์เรน,1A,ทวีปเอเชีย,387.0,0.0
2026-05,2026,5,2,465,SC,เซเชลส์,1E,ทวีปแอฟริกา,0.0,0.0
2026-05,2026,5,2,330,AL,แอลเบเนีย,1B,ทวีปยุโรป,0.0,0.0
2026-05,2026,5,2,422,VE,เวเนซุเอลา,1D,ทวีปอเมริกาใต้,0.0,0.0
2026-05,2026,5,2,363,LV,ลัตเวีย,1B,ทวีปยุโรป,49913.0,0.0
2026-05,2026,5,2,415,GY,กายอานา,1D,ทวีปอเมริกาใต้,0.0,0.0
2026-05,2026,5,2,295,QA,กาตาร์,1A,ทวีปเอเชีย,150.0,0.0
2026-05,2026,5,2,398,PR,เปอร์โตริโก,1C,ทวีปอเมริกาเหนือ,0.0,0.0
2026-05,2026,5,2,436,DZ,แอลจีเรีย,1E,ทวีปแอฟริกา,0.0,0.0
2026-05,2026,5,2,419,PY,ปารากวัย,1D,ทวีปอเมริกาใต้,0.0,0.0
2026-05,2026,5,2,308,MO,มาเก๊า,1A,ทวีปเอเชีย,0.0,0.0
2026-05,2026,5,2,294,OM,โอมาน,1A,ทวีปเอเชีย,22975.0,0.0
2026-05,2026,5,2,362,LT,ลิทัวเนีย,1B,ทวีปยุโรป,26618.0,0.0
2026-05,2026,5,2,287,CY,ไซปรัส,1A,ทวีปเอเชีย,0.0,0.0
2026-05,2026,5,2,307,MN,มองโกเลีย,1A,ทวีปเอเชีย,6024.0,0.0
2026-05,2026,5,2,351,UA,ยูเครน,1B,ทวีปยุโรป,0.0,0.0
2026-05,2026,5,2,420,SR,ซูรินาเม,1D,ทวีปอเมริกาใต้,0.0,0.0
2026-05,2026,5,2,406,AG,แอนติกัวและบาร์บูดา,1C,ทวีปอเมริกาเหนือ,0.0,0.0
2026-05,2026,5,2,498,PF,เฟรนช์โปลีนีเซีย,1F,ทวีปออสเตรเลีย,0.0,0.0
2026-05,2026,5,2,456,MU,มอริเชียส,1E,ทวีปแอฟริกา,0.0,0.0
2026-05,2026,5,2,341,KZ,คาซัคสถาน,1A,ทวีปเอเชีย,0.0,0.0
2026-05,2026,5,2,337,GE,จอร์เจีย,1A,ทวีปเอเชีย,0.0,0.0
2026-05,2026,5,2,292,KW,คูเวต,1A,ทวีปเอเชีย,0.0,0.0
2026-05,2026,5,2,381,CR,คอสตาริกา,1C,ทวีปอเมริกาเหนือ,0.0,0.0
2026-05,2026,5,2,443,GN,กินี,1E,ทวีปแอฟริกา,0.0,0.0
2026-05,2026,5,2,324,LU,ลักเซมเบิร์ก,1B,ทวีปยุโรป,0.0,0.0
2026-05,2026,5,2,291,JO,จอร์แดน,1A,ทวีปเอเชีย,155.0,0.0
2026-05,2026,5,2,597,CW,CURACAO,1G,ประเทศอื่น,148.0,0.0
2026-06,2026,6,2,373,US,สหรัฐอเมริกา,1C,ทวีปอเมริกาเหนือ,10735793817.0,0.0
2026-06,2026,6,2,372,MX,เม็กซิโก,1C,ทวีปอเมริกาเหนือ,5358595216.0,0.0
2026-06,2026,6,2,325,NL,เนเธอร์แลนด์,1B,ทวีปยุโรป,1864721440.0,0.0
2026-06,2026,6,2,271,MY,มาเลเซีย,1A,ทวีปเอเชีย,1164422147.0,0.0
2026-06,2026,6,2,309,TW,ไต้หวัน,1A,ทวีปเอเชีย,858528701.0,0.0
2026-06,2026,6,2,336,CZ,สาธารณรัฐเช็ก,1B,ทวีปยุโรป,217448002.0,0.0
2026-06,2026,6,2,304,JP,ญี่ปุ่น,1A,ทวีปเอเชีย,387546378.0,0.0
2026-06,2026,6,2,274,VN,เวียดนาม,1A,ทวีปเอเชีย,393427686.0,0.0
2026-06,2026,6,2,302,CN,จีน,1A,ทวีปเอเชีย,450824846.0,0.0
2026-06,2026,6,2,273,SG,สิงคโปร์,1A,ทวีปเอเชีย,138663240.0,0.0
2026-06,2026,6,2,303,HK,ฮ่องกง,1A,ทวีปเอเชีย,193157179.0,0.0
2026-06,2026,6,2,322,IE,ไอร์แลนด์,1B,ทวีปยุโรป,29825003.0,0.0
2026-06,2026,6,2,315,DE,เยอรมนี,1B,ทวีปยุโรป,201907042.0,0.0
2026-06,2026,6,2,279,IN,อินเดีย,1A,ทวีปเอเชีย,121465518.0,0.0
2026-06,2026,6,2,298,TR,ตุรกี,1A,ทวีปเอเชีย,77230022.0,0.0
2026-06,2026,6,2,344,RO,โรมาเนีย,1B,ทวีปยุโรป,146076642.0,0.0
2026-06,2026,6,2,343,PL,โปแลนด์,1B,ทวีปยุโรป,106320641.0,0.0
2026-06,2026,6,2,339,HU,ฮังการี,1B,ทวีปยุโรป,16650179.0,0.0
2026-06,2026,6,2,319,FR,ฝรั่งเศส,1B,ทวีปยุโรป,35586703.0,0.0
2026-06,2026,6,2,268,KH,กัมพูชา,1A,ทวีปเอเชีย,47732128.0,0.0
2026-06,2026,6,2,272,PH,ฟิลิปปินส์,1A,ทวีปเอเชีย,12662274.0,0.0
2026-06,2026,6,2,269,LA,สปป. ลาว,1A,ทวีปเอเชีย,25216264.0,0.0
2026-06,2026,6,2,270,MM,เมียนมา,1A,ทวีปเอเชีย,22519259.0,0.0
2026-06,2026,6,2,320,GB,สหราชอาณาจักร,1B,ทวีปยุโรป,27485172.0,0.0
2026-06,2026,6,2,306,KR,เกาหลีใต้,1A,ทวีปเอเชีย,24894304.0,0.0
2026-06,2026,6,2,323,IT,อิตาลี,1B,ทวีปยุโรป,61412555.0,0.0
2026-06,2026,6,2,316,DK,เดนมาร์ก,1B,ทวีปยุโรป,27316172.0,0.0
2026-06,2026,6,2,267,ID,อินโดนีเซีย,1A,ทวีปเอเชีย,21207081.0,0.0
2026-06,2026,6,2,478,ZA,แอฟริกาใต้,1E,ทวีปแอฟริกา,23861925.0,0.0
2026-06,2026,6,2,347,SK,สโลวาเกีย,1B,ทวีปยุโรป,15882830.0,0.0
2026-06,2026,6,2,371,CA,แคนาดา,1C,ทวีปอเมริกาเหนือ,10898058.0,0.0
2026-06,2026,6,2,483,AU,ออสเตรเลีย,1F,ทวีปออสเตรเลีย,13472525.0,0.0
2026-06,2026,6,2,409,BR,บราซิล,1D,ทวีปอเมริกาใต้,14061343.0,0.0
2026-06,2026,6,2,407,AR,อาร์เจนตินา,1D,ทวีปอเมริกาใต้,33360630.0,0.0
2026-06,2026,6,2,312,AT,ออสเตรีย,1B,ทวีปยุโรป,10570629.0,0.0
2026-06,2026,6,2,317,ES,สเปน,1B,ทวีปยุโรป,14230575.0,0.0
2026-06,2026,6,2,266,BN,บรูไน,1A,ทวีปเอเชีย,2439109.0,0.0
2026-06,2026,6,2,327,SE,สวีเดน,1B,ทวีปยุโรป,3605403.0,0.0
2026-06,2026,6,2,356,CH,สวิตเซอร์แลนด์,1B,ทวีปยุโรป,2699614.0,0.0
2026-06,2026,6,2,366,NO,นอร์เวย์,1B,ทวีปยุโรป,1366613.0,0.0
2026-06,2026,6,2,346,SI,สโลวีเนีย,1B,ทวีปยุโรป,17336.0,0.0
2026-06,2026,6,2,357,EE,เอสโตเนีย,1B,ทวีปยุโรป,4048782.0,0.0
2026-06,2026,6,2,288,IL,อิสราเอล,1A,ทวีปเอเชีย,2491370.0,0.0
2026-06,2026,6,2,476,TZ,แทนซาเนีย,1E,ทวีปแอฟริกา,3825650.0,0.0
2026-06,2026,6,2,280,LK,ศรีลังกา,1A,ทวีปเอเชีย,145960.0,0.0
2026-06,2026,6,2,431,CI,โกตดิวัวร์,1E,ทวีปแอฟริกา,0.0,0.0
2026-06,2026,6,2,285,AE,สหรัฐอาหรับเอมิเรตส์,1A,ทวีปเอเชีย,490304.0,0.0
2026-06,2026,6,2,345,RU,รัสเซีย,1B,ทวีปยุโรป,1489522.0,0.0
2026-06,2026,6,2,437,EG,อียิปต์,1E,ทวีปแอฟริกา,289740.0,0.0
2026-06,2026,6,2,384,DO,สาธารณรัฐโดมินิกัน,1C,ทวีปอเมริกาเหนือ,2290827.0,0.0
2026-06,2026,6,2,283,PK,ปากีสถาน,1A,ทวีปเอเชีย,2901453.0,0.0
2026-06,2026,6,2,313,BE,เบลเยียม,1B,ทวีปยุโรป,1074711.0,0.0
2026-06,2026,6,2,479,ZM,แซมเบีย,1E,ทวีปแอฟริกา,0.0,0.0
2026-06,2026,6,2,452,MA,โมร็อกโก,1E,ทวีปแอฟริกา,0.0,0.0
2026-06,2026,6,2,277,BD,บังกลาเทศ,1A,ทวีปเอเชีย,365783.0,0.0
2026-06,2026,6,2,497,NZ,นิวซีแลนด์,1F,ทวีปออสเตรเลีย,549971.0,0.0
2026-06,2026,6,2,296,SA,ซาอุดีอาระเบีย,1A,ทวีปเอเชีย,1748253.0,0.0
2026-06,2026,6,2,461,NG,ไนจีเรีย,1E,ทวีปแอฟริกา,0.0,0.0
2026-06,2026,6,2,411,CO,โคลอมเบีย,1D,ทวีปอเมริกาใต้,238754.0,0.0
2026-06,2026,6,2,290,IR,อิหร่าน,1A,ทวีปเอเชีย,1511389.0,0.0
2026-06,2026,6,2,318,FI,ฟินแลนด์,1B,ทวีปยุโรป,729445.0,0.0
2026-06,2026,6,2,281,MV,มัลดีฟส์,1A,ทวีปเอเชีย,40064.0,0.0
2026-06,2026,6,2,321,GR,กรีซ,1B,ทวีปยุโรป,0.0,0.0
2026-06,2026,6,2,326,PT,โปรตุเกส,1B,ทวีปยุโรป,1168.0,0.0
2026-06,2026,6,2,410,CL,ชิลี,1D,ทวีปอเมริกาใต้,576289.0,0.0
2026-06,2026,6,2,417,PE,เปรู,1D,ทวีปอเมริกาใต้,464578.0,0.0
2026-06,2026,6,2,474,TG,โตโก,1E,ทวีปแอฟริกา,0.0,0.0
2026-06,2026,6,2,441,GH,กานา,1E,ทวีปแอฟริกา,0.0,0.0
2026-06,2026,6,2,469,SN,เซเนกัล,1E,ทวีปแอฟริกา,0.0,0.0
2026-06,2026,6,2,397,PA,ปานามา,1C,ทวีปอเมริกาเหนือ,280853.0,0.0
2026-06,2026,6,2,499,PG,ปาปัวนิวกินี,1F,ทวีปออสเตรเลีย,106625.0,0.0
2026-06,2026,6,2,282,NP,เนปาล,1A,ทวีปเอเชีย,127750.0,0.0
2026-06,2026,6,2,421,UY,อุรุกวัย,1D,ทวีปอเมริกาใต้,111367.0,0.0
2026-06,2026,6,2,447,KE,เคนยา,1E,ทวีปแอฟริกา,0.0,0.0
2026-06,2026,6,2,475,TN,ตูนิเซีย,1E,ทวีปแอฟริกา,0.0,0.0
2026-06,2026,6,2,399,SV,เอลซัลวาดอร์,1C,ทวีปอเมริกาเหนือ,0.0,0.0
2026-06,2026,6,2,286,BH,บาห์เรน,1A,ทวีปเอเชีย,0.0,0.0
2026-06,2026,6,2,465,SC,เซเชลส์,1E,ทวีปแอฟริกา,0.0,0.0
2026-06,2026,6,2,330,AL,แอลเบเนีย,1B,ทวีปยุโรป,0.0,0.0
2026-06,2026,6,2,422,VE,เวเนซุเอลา,1D,ทวีปอเมริกาใต้,0.0,0.0
2026-06,2026,6,2,363,LV,ลัตเวีย,1B,ทวีปยุโรป,0.0,0.0
2026-06,2026,6,2,295,QA,กาตาร์,1A,ทวีปเอเชีย,6297.0,0.0
2026-06,2026,6,2,415,GY,กายอานา,1D,ทวีปอเมริกาใต้,0.0,0.0
2026-06,2026,6,2,419,PY,ปารากวัย,1D,ทวีปอเมริกาใต้,11658.0,0.0
2026-06,2026,6,2,398,PR,เปอร์โตริโก,1C,ทวีปอเมริกาเหนือ,0.0,0.0
2026-06,2026,6,2,436,DZ,แอลจีเรีย,1E,ทวีปแอฟริกา,0.0,0.0
2026-06,2026,6,2,294,OM,โอมาน,1A,ทวีปเอเชีย,7433.0,0.0
2026-06,2026,6,2,308,MO,มาเก๊า,1A,ทวีปเอเชีย,0.0,0.0
2026-06,2026,6,2,362,LT,ลิทัวเนีย,1B,ทวีปยุโรป,0.0,0.0
2026-06,2026,6,2,287,CY,ไซปรัส,1A,ทวีปเอเชีย,0.0,0.0
2026-06,2026,6,2,307,MN,มองโกเลีย,1A,ทวีปเอเชีย,0.0,0.0
2026-06,2026,6,2,351,UA,ยูเครน,1B,ทวีปยุโรป,0.0,0.0
2026-06,2026,6,2,420,SR,ซูรินาเม,1D,ทวีปอเมริกาใต้,0.0,0.0
2026-06,2026,6,2,406,AG,แอนติกัวและบาร์บูดา,1C,ทวีปอเมริกาเหนือ,0.0,0.0
2026-06,2026,6,2,498,PF,เฟรนช์โปลีนีเซีย,1F,ทวีปออสเตรเลีย,0.0,0.0
2026-06,2026,6,2,456,MU,มอริเชียส,1E,ทวีปแอฟริกา,0.0,0.0
2026-06,2026,6,2,341,KZ,คาซัคสถาน,1A,ทวีปเอเชีย,0.0,0.0
2026-06,2026,6,2,337,GE,จอร์เจีย,1A,ทวีปเอเชีย,0.0,0.0
2026-06,2026,6,2,292,KW,คูเวต,1A,ทวีปเอเชีย,96.0,0.0
2026-06,2026,6,2,381,CR,คอสตาริกา,1C,ทวีปอเมริกาเหนือ,0.0,0.0
2026-06,2026,6,2,443,GN,กินี,1E,ทวีปแอฟริกา,0.0,0.0
2026-06,2026,6,2,293,LB,เลบานอน,1A,ทวีปเอเชีย,648.0,0.0
2026-06,2026,6,2,324,LU,ลักเซมเบิร์ก,1B,ทวีปยุโรป,0.0,0.0
2026-06,2026,6,2,291,JO,จอร์แดน,1A,ทวีปเอเชีย,0.0,0.0
2026-06,2026,6,2,597,CW,CURACAO,1G,ประเทศอื่น,0.0,0.0
2026-07,2026,7,3,373,US,สหรัฐอเมริกา,1C,ทวีปอเมริกาเหนือ,11274020324.0,0.0
2026-07,2026,7,3,372,MX,เม็กซิโก,1C,ทวีปอเมริกาเหนือ,5198074860.0,0.0
2026-07,2026,7,3,325,NL,เนเธอร์แลนด์,1B,ทวีปยุโรป,2287824650.0,0.0
2026-07,2026,7,3,309,TW,ไต้หวัน,1A,ทวีปเอเชีย,1257540724.0,0.0
2026-07,2026,7,3,271,MY,มาเลเซีย,1A,ทวีปเอเชีย,1041196321.0,0.0
2026-07,2026,7,3,336,CZ,สาธารณรัฐเช็ก,1B,ทวีปยุโรป,457037630.0,0.0
2026-07,2026,7,3,304,JP,ญี่ปุ่น,1A,ทวีปเอเชีย,465741750.0,0.0
2026-07,2026,7,3,302,CN,จีน,1A,ทวีปเอเชีย,502401925.0,0.0
2026-07,2026,7,3,274,VN,เวียดนาม,1A,ทวีปเอเชีย,355536416.0,0.0
2026-07,2026,7,3,273,SG,สิงคโปร์,1A,ทวีปเอเชีย,129638418.0,0.0
2026-07,2026,7,3,303,HK,ฮ่องกง,1A,ทวีปเอเชีย,230570057.0,0.0
2026-07,2026,7,3,279,IN,อินเดีย,1A,ทวีปเอเชีย,409695189.0,0.0
2026-07,2026,7,3,315,DE,เยอรมนี,1B,ทวีปยุโรป,252310010.0,0.0
2026-07,2026,7,3,322,IE,ไอร์แลนด์,1B,ทวีปยุโรป,23876652.0,0.0
2026-07,2026,7,3,298,TR,ตุรกี,1A,ทวีปเอเชีย,62078503.0,0.0
2026-07,2026,7,3,344,RO,โรมาเนีย,1B,ทวีปยุโรป,83200402.0,0.0
2026-07,2026,7,3,343,PL,โปแลนด์,1B,ทวีปยุโรป,92749000.0,0.0
2026-07,2026,7,3,339,HU,ฮังการี,1B,ทวีปยุโรป,50327592.0,0.0
2026-07,2026,7,3,323,IT,อิตาลี,1B,ทวีปยุโรป,218930986.0,0.0
2026-07,2026,7,3,272,PH,ฟิลิปปินส์,1A,ทวีปเอเชีย,78254333.0,0.0
2026-07,2026,7,3,319,FR,ฝรั่งเศส,1B,ทวีปยุโรป,28689627.0,0.0
2026-07,2026,7,3,268,KH,กัมพูชา,1A,ทวีปเอเชีย,34974629.0,0.0
2026-07,2026,7,3,320,GB,สหราชอาณาจักร,1B,ทวีปยุโรป,44108360.0,0.0
2026-07,2026,7,3,269,LA,สปป. ลาว,1A,ทวีปเอเชีย,24143228.0,0.0
2026-07,2026,7,3,270,MM,เมียนมา,1A,ทวีปเอเชีย,18451388.0,0.0
2026-07,2026,7,3,306,KR,เกาหลีใต้,1A,ทวีปเอเชีย,27766684.0,0.0
2026-07,2026,7,3,316,DK,เดนมาร์ก,1B,ทวีปยุโรป,26237147.0,0.0
2026-07,2026,7,3,267,ID,อินโดนีเซีย,1A,ทวีปเอเชีย,24711050.0,0.0
2026-07,2026,7,3,478,ZA,แอฟริกาใต้,1E,ทวีปแอฟริกา,16357294.0,0.0
2026-07,2026,7,3,409,BR,บราซิล,1D,ทวีปอเมริกาใต้,32654833.0,0.0
2026-07,2026,7,3,347,SK,สโลวาเกีย,1B,ทวีปยุโรป,12250223.0,0.0
2026-07,2026,7,3,371,CA,แคนาดา,1C,ทวีปอเมริกาเหนือ,21822883.0,0.0
2026-07,2026,7,3,483,AU,ออสเตรเลีย,1F,ทวีปออสเตรเลีย,23375041.0,0.0
2026-07,2026,7,3,407,AR,อาร์เจนตินา,1D,ทวีปอเมริกาใต้,8839536.0,0.0
2026-07,2026,7,3,312,AT,ออสเตรีย,1B,ทวีปยุโรป,6525913.0,0.0
2026-07,2026,7,3,317,ES,สเปน,1B,ทวีปยุโรป,14302063.0,0.0
2026-07,2026,7,3,266,BN,บรูไน,1A,ทวีปเอเชีย,3379390.0,0.0
2026-07,2026,7,3,327,SE,สวีเดน,1B,ทวีปยุโรป,1842495.0,0.0
2026-07,2026,7,3,356,CH,สวิตเซอร์แลนด์,1B,ทวีปยุโรป,3661595.0,0.0
2026-07,2026,7,3,346,SI,สโลวีเนีย,1B,ทวีปยุโรป,4607721.0,0.0
2026-07,2026,7,3,384,DO,สาธารณรัฐโดมินิกัน,1C,ทวีปอเมริกาเหนือ,15577008.0,0.0
2026-07,2026,7,3,357,EE,เอสโตเนีย,1B,ทวีปยุโรป,4668690.0,0.0
2026-07,2026,7,3,366,NO,นอร์เวย์,1B,ทวีปยุโรป,569344.0,0.0
2026-07,2026,7,3,288,IL,อิสราเอล,1A,ทวีปเอเชีย,1236115.0,0.0
2026-07,2026,7,3,479,ZM,แซมเบีย,1E,ทวีปแอฟริกา,10922203.0,0.0
2026-07,2026,7,3,283,PK,ปากีสถาน,1A,ทวีปเอเชีย,8429006.0,0.0
2026-07,2026,7,3,461,NG,ไนจีเรีย,1E,ทวีปแอฟริกา,10274106.0,0.0
2026-07,2026,7,3,476,TZ,แทนซาเนีย,1E,ทวีปแอฟริกา,0.0,0.0
2026-07,2026,7,3,285,AE,สหรัฐอาหรับเอมิเรตส์,1A,ทวีปเอเชีย,1601507.0,0.0
2026-07,2026,7,3,280,LK,ศรีลังกา,1A,ทวีปเอเชีย,572930.0,0.0
2026-07,2026,7,3,431,CI,โกตดิวัวร์,1E,ทวีปแอฟริกา,0.0,0.0
2026-07,2026,7,3,497,NZ,นิวซีแลนด์,1F,ทวีปออสเตรเลีย,6410000.0,0.0
2026-07,2026,7,3,345,RU,รัสเซีย,1B,ทวีปยุโรป,1013834.0,0.0
2026-07,2026,7,3,437,EG,อียิปต์,1E,ทวีปแอฟริกา,880823.0,0.0
2026-07,2026,7,3,313,BE,เบลเยียม,1B,ทวีปยุโรป,1296199.0,0.0
2026-07,2026,7,3,296,SA,ซาอุดีอาระเบีย,1A,ทวีปเอเชีย,1504569.0,0.0
2026-07,2026,7,3,397,PA,ปานามา,1C,ทวีปอเมริกาเหนือ,3286247.0,0.0
2026-07,2026,7,3,452,MA,โมร็อกโก,1E,ทวีปแอฟริกา,261957.0,0.0
2026-07,2026,7,3,277,BD,บังกลาเทศ,1A,ทวีปเอเชีย,311797.0,0.0
2026-07,2026,7,3,318,FI,ฟินแลนด์,1B,ทวีปยุโรป,617962.0,0.0
2026-07,2026,7,3,411,CO,โคลอมเบีย,1D,ทวีปอเมริกาใต้,107187.0,0.0
2026-07,2026,7,3,290,IR,อิหร่าน,1A,ทวีปเอเชีย,0.0,0.0
2026-07,2026,7,3,281,MV,มัลดีฟส์,1A,ทวีปเอเชีย,66097.0,0.0
2026-07,2026,7,3,321,GR,กรีซ,1B,ทวีปยุโรป,533349.0,0.0
2026-07,2026,7,3,326,PT,โปรตุเกส,1B,ทวีปยุโรป,305629.0,0.0
2026-07,2026,7,3,410,CL,ชิลี,1D,ทวีปอเมริกาใต้,79624.0,0.0
2026-07,2026,7,3,417,PE,เปรู,1D,ทวีปอเมริกาใต้,59812.0,0.0
2026-07,2026,7,3,474,TG,โตโก,1E,ทวีปแอฟริกา,0.0,0.0
2026-07,2026,7,3,441,GH,กานา,1E,ทวีปแอฟริกา,0.0,0.0
2026-07,2026,7,3,469,SN,เซเนกัล,1E,ทวีปแอฟริกา,0.0,0.0
2026-07,2026,7,3,499,PG,ปาปัวนิวกินี,1F,ทวีปออสเตรเลีย,13915.0,0.0
2026-07,2026,7,3,421,UY,อุรุกวัย,1D,ทวีปอเมริกาใต้,197614.0,0.0
2026-07,2026,7,3,282,NP,เนปาล,1A,ทวีปเอเชีย,0.0,0.0
2026-07,2026,7,3,447,KE,เคนยา,1E,ทวีปแอฟริกา,0.0,0.0
2026-07,2026,7,3,475,TN,ตูนิเซีย,1E,ทวีปแอฟริกา,17281.0,0.0
2026-07,2026,7,3,399,SV,เอลซัลวาดอร์,1C,ทวีปอเมริกาเหนือ,0.0,0.0
2026-07,2026,7,3,286,BH,บาห์เรน,1A,ทวีปเอเชีย,0.0,0.0
2026-07,2026,7,3,465,SC,เซเชลส์,1E,ทวีปแอฟริกา,0.0,0.0
2026-07,2026,7,3,330,AL,แอลเบเนีย,1B,ทวีปยุโรป,0.0,0.0
2026-07,2026,7,3,422,VE,เวเนซุเอลา,1D,ทวีปอเมริกาใต้,2032.0,0.0
2026-07,2026,7,3,363,LV,ลัตเวีย,1B,ทวีปยุโรป,0.0,0.0
2026-07,2026,7,3,415,GY,กายอานา,1D,ทวีปอเมริกาใต้,595.0,0.0
2026-07,2026,7,3,295,QA,กาตาร์,1A,ทวีปเอเชีย,0.0,0.0
2026-07,2026,7,3,419,PY,ปารากวัย,1D,ทวีปอเมริกาใต้,0.0,0.0
2026-07,2026,7,3,398,PR,เปอร์โตริโก,1C,ทวีปอเมริกาเหนือ,0.0,0.0
2026-07,2026,7,3,436,DZ,แอลจีเรีย,1E,ทวีปแอฟริกา,0.0,0.0
2026-07,2026,7,3,294,OM,โอมาน,1A,ทวีปเอเชีย,2238.0,0.0
2026-07,2026,7,3,493,NC,นิวแคลีโดเนีย,1F,ทวีปออสเตรเลีย,36673.0,0.0
2026-07,2026,7,3,308,MO,มาเก๊า,1A,ทวีปเอเชีย,0.0,0.0
2026-07,2026,7,3,362,LT,ลิทัวเนีย,1B,ทวีปยุโรป,0.0,0.0
2026-07,2026,7,3,364,MC,โมนาโก,1B,ทวีปยุโรป,18616.0,0.0
2026-07,2026,7,3,324,LU,ลักเซมเบิร์ก,1B,ทวีปยุโรป,14603.0,0.0
2026-07,2026,7,3,287,CY,ไซปรัส,1A,ทวีปเอเชีย,0.0,0.0
2026-07,2026,7,3,420,SR,ซูรินาเม,1D,ทวีปอเมริกาใต้,5524.0,0.0
2026-07,2026,7,3,307,MN,มองโกเลีย,1A,ทวีปเอเชีย,0.0,0.0
2026-07,2026,7,3,351,UA,ยูเครน,1B,ทวีปยุโรป,0.0,0.0
2026-07,2026,7,3,406,AG,แอนติกัวและบาร์บูดา,1C,ทวีปอเมริกาเหนือ,0.0,0.0
2026-07,2026,7,3,278,BT,ภูฎาน,1A,ทวีปเอเชีย,4381.0,0.0
2026-07,2026,7,3,498,PF,เฟรนช์โปลีนีเซีย,1F,ทวีปออสเตรเลีย,0.0,0.0
2026-07,2026,7,3,341,KZ,คาซัคสถาน,1A,ทวีปเอเชีย,325.0,0.0
2026-07,2026,7,3,456,MU,มอริเชียส,1E,ทวีปแอฟริกา,0.0,0.0
2026-07,2026,7,3,408,BO,โบลิเวีย,1D,ทวีปอเมริกาใต้,2904.0,0.0
2026-07,2026,7,3,337,GE,จอร์เจีย,1A,ทวีปเอเชีย,0.0,0.0
2026-07,2026,7,3,292,KW,คูเวต,1A,ทวีปเอเชีย,0.0,0.0
2026-07,2026,7,3,360,IS,ไอซ์แลนด์,1B,ทวีปยุโรป,1918.0,0.0
2026-07,2026,7,3,381,CR,คอสตาริกา,1C,ทวีปอเมริกาเหนือ,0.0,0.0
2026-07,2026,7,3,443,GN,กินี,1E,ทวีปแอฟริกา,0.0,0.0
2026-07,2026,7,3,293,LB,เลบานอน,1A,ทวีปเอเชีย,0.0,0.0
2026-07,2026,7,3,463,RE,เรอูนียง,1E,ทวีปแอฟริกา,186.0,0.0
2026-07,2026,7,3,291,JO,จอร์แดน,1A,ทวีปเอเชีย,0.0,0.0
2026-07,2026,7,3,597,CW,CURACAO,1G,ประเทศอื่น,0.0,0.0
